"""Munic¡pio"";""Eletivo"";""Urgˆncia"";""Acid local trab"";""Outros ac trab"";""Outras caus ext"";""Total"""
"""110002 ARIQUEMES"";12;399;-;-;-;411"
"""110003 CABIXI"";16;5;-;-;-;21"
"""110004 CACOAL"";546;722;-;-;-;1268"
"""110008 COSTA MARQUES"";32;8;-;-;-;40"
"""110010 GUAJARA-MIRIM"";109;181;-;-;-;290"
"""110011 JARU"";15;186;-;-;-;201"
"""110012 JI-PARANA"";55;861;-;-;-;916"
"""110018 PIMENTA BUENO"";23;253;-;-;-;276"
"""110020 PORTO VELHO"";1225;3152;-;41;-;4418"
"""110025 PRESIDENTE MEDICI"";53;-;-;-;-;53"
"""110030 VILHENA"";113;950;-;-;-;1063"
"""110034 ALVORADA D'OESTE"";7;44;-;-;-;51"
"""110045 BURITIS"";13;84;-;-;-;97"
"""110070 CAMPO NOVO DE RONDONIA"";-;6;-;-;-;6"
"""110140 MONTE NEGRO"";29;45;-;-;-;74"
"""110145 PARECIS"";-;8;-;-;-;8"
"""110148 SAO FELIPE D'OESTE"";3;3;-;-;-;6"
"""110149 SAO FRANCISCO DO GUAPORE"";39;119;-;-;-;158"
"""110170 URUPA"";87;-;-;-;-;87"
"""110175 VALE DO ANARI"";-;29;-;-;-;29"
"""130006 AMATURA"";6;61;-;-;-;67"
"""130008 ANAMA"";-;119;-;-;-;119"
"""130010 ANORI"";-;84;-;-;-;84"
"""130014 APUI"";10;60;-;-;-;70"
"""130030 AUTAZES"";17;110;-;-;-;127"
"""130050 BARREIRINHA"";-;112;-;-;-;112"
"""130068 BOA VISTA DO RAMOS"";-;57;-;-;-;57"
"""130100 CARAUARI"";11;132;-;-;-;143"
"""130110 CAREIRO"";9;71;-;-;-;80"
"""130115 CAREIRO DA VARZEA"";-;2;-;-;-;2"
"""130120 COARI"";22;444;-;-;-;466"
"""130150 ENVIRA"";-;85;-;-;-;85"
"""130180 IPIXUNA"";180;1;-;-;-;181"
"""130200 ITAPIRANGA"";2;71;-;-;-;73"
"""130220 JURUA"";-;50;-;-;-;50"
"""130255 MANAQUIRI"";1;73;-;-;-;74"
"""130260 MANAUS"";3736;9682;-;-;-;13418"
"""130270 MANICORE"";2;136;-;-;-;138"
"""130300 NHAMUNDA"";4;72;-;-;-;76"
"""130320 NOVO AIRAO"";10;96;1;-;-;107"
"""130330 NOVO ARIPUANA"";24;66;-;-;-;90"
"""130340 PARINTINS"";99;645;-;-;-;744"
"""130350 PAUINI"";-;72;-;-;-;72"
"""130353 PRESIDENTE FIGUEIREDO"";16;105;-;-;-;121"
"""130370 SANTO ANTONIO DO ICA"";18;129;-;-;-;147"
"""130380 SAO GABRIEL DA CACHOEIRA"";-;102;-;-;-;102"
"""130395 SAO SEBASTIAO DO UATUMA"";11;49;-;-;-;60"
"""130400 SILVES"";-;64;-;-;-;64"
"""130406 TABATINGA"";22;29;-;-;-;51"
"""130420 TEFE"";193;409;-;-;-;602"
"""130423 TONANTINS"";7;112;-;-;-;119"
"""130430 URUCARA"";3;114;-;-;-;117"
"""150010 ABAETETUBA"";264;684;-;-;-;948"
"""150013 ABEL FIGUEIREDO"";8;25;-;-;-;33"
"""150030 AFUA"";-;67;-;-;-;67"
"""150034 AGUA AZUL DO NORTE"";-;51;-;-;-;51"
"""150040 ALENQUER"";-;498;-;-;-;498"
"""150060 ALTAMIRA"";162;881;-;-;-;1043"
"""150070 ANAJAS"";-;135;-;-;-;135"
"""150080 ANANINDEUA"";640;1447;-;-;-;2087"
"""150090 AUGUSTO CORREA"";-;378;-;-;-;378"
"""150095 AURORA DO PARA"";9;111;-;-;-;120"
"""150110 BAGRE"";-;63;-;-;-;63"
"""150120 BAIAO"";-;145;-;-;-;145"
"""150125 BANNACH"";-;13;-;-;-;13"
"""150130 BARCARENA"";102;309;-;-;-;411"
"""150140 BELEM"";2621;9895;-;-;-;12516"
"""150170 BRAGANCA"";139;606;-;-;-;745"
"""150172 BRASIL NOVO"";6;267;-;-;-;273"
"""150175 BREJO GRANDE DO ARAGUAIA"";-;58;-;-;-;58"
"""150180 BREVES"";117;301;-;-;-;418"
"""150200 CACHOEIRA DO ARARI"";5;143;-;-;-;148"
"""150215 CANAA DOS CARAJAS"";23;524;-;-;-;547"
"""150220 CAPANEMA"";180;326;-;-;-;506"
"""150230 CAPITAO POCO"";-;55;-;-;-;55"
"""150240 CASTANHAL"";383;1886;-;-;-;2269"
"""150270 CONCEICAO DO ARAGUAIA"";80;294;-;-;-;374"
"""150275 CONCORDIA DO PARA"";-;77;-;-;-;77"
"""150276 CUMARU DO NORTE"";-;86;-;-;-;86"
"""150300 FARO"";-;37;-;-;-;37"
"""150304 FLORESTA DO ARAGUAIA"";4;103;-;-;-;107"
"""150307 GARRAFAO DO NORTE"";-;21;-;-;-;21"
"""150320 IGARAPE-ACU"";-;81;-;-;-;81"
"""150330 IGARAPE-MIRI"";1;377;-;-;-;378"
"""150345 IPIXUNA DO PARA"";81;135;-;-;-;216"
"""150360 ITAITUBA"";187;241;-;-;-;428"
"""150380 JACUNDA"";12;235;-;-;-;247"
"""150390 JURUTI"";37;-;-;-;-;37"
"""150400 LIMOEIRO DO AJURU"";-;137;-;-;11;148"
"""150405 MAE DO RIO"";-;87;-;-;-;87"
"""150420 MARABA"";216;1182;-;-;-;1398"
"""150442 MARITUBA"";190;507;-;-;-;697"
"""150445 MEDICILANDIA"";8;137;-;-;-;145"
"""150450 MELGACO"";-;81;-;-;-;81"
"""150470 MOJU"";3;146;-;-;-;149"
"""150480 MONTE ALEGRE"";11;333;-;-;-;344"
"""150495 NOVA ESPERANCA DO PIRIA"";-;49;-;-;-;49"
"""150506 NOVO REPARTIMENTO"";2;65;-;-;-;67"
"""150520 OEIRAS DO PARA"";3;81;-;-;15;99"
"""150530 ORIXIMINA"";68;37;-;-;-;105"
"""150540 OUREM"";-;57;-;-;-;57"
"""150543 OURILANDIA DO NORTE"";113;618;-;-;-;731"
"""150549 PALESTINA DO PARA"";-;152;-;-;-;152"
"""150550 PARAGOMINAS"";222;430;-;1;-;653"
"""150553 PARAUAPEBAS"";32;945;-;-;-;977"
"""150555 PAU D'ARCO"";-;111;-;-;-;111"
"""150563 PICARRA"";-;63;-;-;-;63"
"""150565 PLACAS"";-;80;-;-;-;80"
"""150570 PONTA DE PEDRAS"";-;96;-;-;-;96"
"""150580 PORTEL"";-;248;-;-;-;248"
"""150590 PORTO DE MOZ"";-;202;-;-;-;202"
"""150613 REDENCAO"";151;416;-;-;-;567"
"""150616 RIO MARIA"";60;155;-;-;-;215"
"""150618 RONDON DO PARA"";69;161;-;-;-;230"
"""150620 SALINOPOLIS"";46;194;-;-;-;240"
"""150640 SANTA CRUZ DO ARARI"";-;54;-;-;-;54"
"""150650 SANTA IZABEL DO PARA"";-;322;-;-;-;322"
"""150658 SANTA MARIA DAS BARREIRAS"";-;59;-;-;-;59"
"""150660 SANTA MARIA DO PARA"";-;306;-;-;-;306"
"""150670 SANTANA DO ARAGUAIA"";1;195;-;-;-;196"
"""150680 SANTAREM"";257;1733;-;-;-;1990"
"""150700 SANTO ANTONIO DO TAUA"";3;398;-;-;14;415"
"""150715 SAO DOMINGOS DO ARAGUAIA"";-;89;-;-;-;89"
"""150720 SAO DOMINGOS DO CAPIM"";-;96;-;-;-;96"
"""150730 SAO FELIX DO XINGU"";1;314;-;-;-;315"
"""150747 SAO JOAO DE PIRABAS"";-;44;-;-;-;44"
"""150750 SAO JOAO DO ARAGUAIA"";-;3;-;-;-;3"
"""150760 SAO MIGUEL DO GUAMA"";-;233;-;-;-;233"
"""150780 SENADOR JOSE PORFIRIO"";-;151;-;-;-;151"
"""150795 TAILANDIA"";56;282;-;-;-;338"
"""150800 TOME-ACU"";-;237;-;-;-;237"
"""150803 TRACUATEUA"";1;91;-;-;-;92"
"""150808 TUCUMA"";18;136;-;-;-;154"
"""150810 TUCURUI"";95;366;-;10;21;492"
"""150812 ULIANOPOLIS"";-;125;-;-;-;125"
"""150815 URUARA"";18;261;-;-;-;279"
"""150820 VIGIA"";28;120;-;-;-;148"
"""150840 XINGUARA"";45;182;-;-;-;227"
"""160005 SERRA DO NAVIO"";-;2;-;-;-;2"
"""160010 AMAPA"";-;8;-;-;-;8"
"""160015 PEDRA BRANCA DO AMAPARI"";11;-;-;-;-;11"
"""160020 CALCOENE"";12;-;-;-;-;12"
"""160027 LARANJAL DO JARI"";56;305;-;-;-;361"
"""160030 MACAPA"";1502;2227;-;-;-;3729"
"""160040 MAZAGAO"";-;14;-;-;-;14"
"""160050 OIAPOQUE"";1;127;-;-;-;128"
"""160053 PORTO GRANDE"";75;198;-;-;-;273"
"""160060 SANTANA"";-;400;-;-;-;400"
"""170100 ANANAS"";-;16;-;-;-;16"
"""170190 ARAGUACEMA"";-;46;-;-;-;46"
"""170210 ARAGUAINA"";106;317;-;-;-;423"
"""170220 ARAGUATINS"";30;71;-;-;-;101"
"""170550 COLINAS DO TOCANTINS"";20;138;-;-;-;158"
"""170820 FORMOSO DO ARAGUAIA"";-;53;-;-;-;53"
"""170900 GOIATINS"";-;10;-;-;-;10"
"""171420 NATIVIDADE"";21;5;-;-;-;26"
"""171575 PALMEIROPOLIS"";10;4;-;-;-;14"
"""171700 PINDORAMA DO TOCANTINS"";-;2;-;-;-;2"
"""171790 PONTE ALTA DO TOCANTINS"";-;16;-;-;-;16"
"""172065 SILVANOPOLIS"";-;11;-;-;-;11"
"""172080 SITIO NOVO DO TOCANTINS"";22;-;-;-;-;22"
"""172090 TAGUATINGA"";16;21;-;-;-;37"
"""172120 TOCANTINOPOLIS"";26;47;-;-;-;73"
"""210005 ACAILANDIA"";226;349;-;44;-;619"
"""210020 ALCANTARA"";-;77;-;-;-;77"
"""210030 ALDEIAS ALTAS"";-;50;-;-;-;50"
"""210043 ALTO ALEGRE DO MARANHAO"";-;312;-;-;-;312"
"""210090 ARAIOSES"";-;23;-;-;-;23"
"""210120 BACABAL"";81;910;-;1;-;992"
"""210140 BALSAS"";62;624;-;-;-;686"
"""210160 BARRA DO CORDA"";112;99;-;-;-;211"
"""210170 BARREIRINHAS"";-;354;-;-;-;354"
"""210173 BELAGUA"";12;1;-;-;-;13"
"""210177 BELA VISTA DO MARANHAO"";-;63;-;-;-;63"
"""210190 BEQUIMAO"";1;62;-;-;-;63"
"""210193 BERNARDO DO MEARIM"";-;15;-;-;-;15"
"""210220 BURITI"";-;48;-;-;-;48"
"""210230 BURITI BRAVO"";11;169;-;-;-;180"
"""210280 CAROLINA"";1;171;-;-;-;172"
"""210290 CARUTAPERA"";40;244;-;-;-;284"
"""210300 CAXIAS"";182;1279;-;1;-;1462"
"""210320 CHAPADINHA"";159;348;-;-;-;507"
"""210325 CIDELANDIA"";-;79;-;-;-;79"
"""210330 CODO"";77;325;-;-;-;402"
"""210340 COELHO NETO"";130;43;-;-;-;173"
"""210350 COLINAS"";1;439;-;-;-;440"
"""210360 COROATA"";78;384;-;-;-;462"
"""210370 CURURUPU"";379;1;-;-;-;380"
"""210390 DUQUE BACELAR"";-;45;-;-;-;45"
"""210400 ESPERANTINOPOLIS"";-;74;-;-;-;74"
"""210410 FORTALEZA DOS NOGUEIRAS"";-;75;-;-;-;75"
"""210480 GRAJAU"";53;438;-;-;-;491"
"""210530 IMPERATRIZ"";414;2044;-;-;-;2458"
"""210540 ITAPECURU MIRIM"";3;203;-;-;-;206"
"""210542 ITINGA DO MARANHAO"";6;112;-;-;-;118"
"""210545 JATOBA"";-;38;-;-;-;38"
"""210547 JENIPAPO DOS VIEIRAS"";-;45;-;-;-;45"
"""210570 LAGO DA PEDRA"";294;2;-;-;-;296"
"""210594 LAGO DOS RODRIGUES"";-;36;-;-;-;36"
"""210610 LORETO"";7;54;-;-;-;61"
"""210650 MATINHA"";-;88;-;-;-;88"
"""210660 MATOES"";2;158;-;-;-;160"
"""210680 MIRINZAL"";-;37;-;-;-;37"
"""210690 MONCAO"";103;167;-;-;-;270"
"""210700 MONTES ALTOS"";-;10;-;-;-;10"
"""210710 MORROS"";21;79;-;-;-;100"
"""210720 NINA RODRIGUES"";-;62;-;-;-;62"
"""210725 NOVA COLINAS"";-;32;-;-;-;32"
"""210735 NOVA OLINDA DO MARANHAO"";-;103;-;-;-;103"
"""210740 OLHO D'AGUA DAS CUNHAS"";-;80;-;-;-;80"
"""210750 PACO DO LUMIAR"";17;214;-;-;-;231"
"""210760 PALMEIRANDIA"";-;34;-;-;-;34"
"""210780 PARNARAMA"";-;141;-;-;-;141"
"""210790 PASSAGEM FRANCA"";-;248;-;-;-;248"
"""210805 PAULINO NEVES"";19;55;-;-;-;74"
"""210820 PEDREIRAS"";206;-;-;-;-;206"
"""210830 PENALVA"";7;57;-;-;-;64"
"""210840 PERI MIRIM"";-;14;-;-;-;14"
"""210845 PERITORO"";-;302;-;-;-;302"
"""210860 PINHEIRO"";141;318;-;-;-;459"
"""210870 PIO XII"";39;41;-;-;-;80"
"""210910 PRESIDENTE DUTRA"";-;610;-;-;-;610"
"""210923 PRESIDENTE MEDICI"";-;111;-;-;-;111"
"""210927 PRESIDENTE SARNEY"";-;38;-;-;-;38"
"""210930 PRESIDENTE VARGAS"";-;15;-;-;-;15"
"""210950 RIACHAO"";16;116;-;-;-;132"
"""210960 ROSARIO"";-;381;-;-;-;381"
"""210970 SAMBAIBA"";-;33;-;-;-;33"
"""210980 SANTA HELENA"";9;157;-;-;-;166"
"""210990 SANTA INES"";147;430;-;-;-;577"
"""211003 SANTA LUZIA DO PARUA"";200;-;-;-;-;200"
"""211027 SANTO AMARO DO MARANHAO"";-;33;-;-;-;33"
"""211080 SAO FELIX DE BALSAS"";-;40;-;-;-;40"
"""211085 SAO FRANCISCO DO BREJAO"";-;51;-;-;-;51"
"""211107 SAO JOAO DO SOTER"";3;39;-;-;-;42"
"""211120 SAO JOSE DE RIBAMAR"";66;189;-;-;-;255"
"""211130 SAO LUIS"";5543;5234;-;-;-;10777"
"""211140 SAO LUIS GONZAGA DO MARANHAO"";121;-;-;-;-;121"
"""211150 SAO MATEUS DO MARANHAO"";40;117;-;-;-;157"
"""211153 SAO PEDRO DA AGUA BRANCA"";-;70;-;-;-;70"
"""211160 SAO RAIMUNDO DAS MANGABEIRAS"";-;102;-;-;-;102"
"""211172 SATUBINHA"";-;35;-;-;-;35"
"""211178 SERRANO DO MARANHAO"";-;39;-;-;-;39"
"""211180 SITIO NOVO"";-;75;-;-;-;75"
"""211210 TIMBIRAS"";48;460;-;-;-;508"
"""211220 TIMON"";162;505;-;-;-;667"
"""211223 TRIZIDELA DO VALE"";-;94;-;-;-;94"
"""211240 TURIACU"";-;112;-;-;-;112"
"""211245 TURILANDIA"";10;61;-;-;-;71"
"""211250 TUTOIA"";-;113;-;-;-;113"
"""211260 URBANO SANTOS"";6;163;-;-;-;169"
"""211270 VARGEM GRANDE"";1;113;-;-;-;114"
"""211280 VIANA"";64;336;-;-;-;400"
"""211285 VILA NOVA DOS MARTIRIOS"";-;39;-;-;-;39"
"""211400 ZE DOCA"";2;221;-;-;-;223"
"""220010 AGRICOLANDIA"";-;5;-;-;-;5"
"""220030 ALTO LONGA"";-;20;-;-;-;20"
"""220040 ALTOS"";7;103;-;-;-;110"
"""220050 AMARANTE"";7;62;-;-;-;69"
"""220100 ARRAIAL"";-;3;-;-;-;3"
"""220120 BARRAS"";165;-;-;-;-;165"
"""220160 BENEDITINOS"";-;7;-;-;-;7"
"""220190 BOM JESUS"";78;401;-;-;-;479"
"""220220 CAMPO MAIOR"";97;407;-;-;-;504"
"""220230 CANTO DO BURITI"";1;69;-;-;-;70"
"""220260 CASTELO DO PIAUI"";-;31;-;-;-;31"
"""220290 CORRENTE"";39;179;-;-;-;218"
"""220310 CRISTINO CASTRO"";-;57;-;-;-;57"
"""220320 CURIMATA"";-;77;-;-;-;77"
"""220330 DEMERVAL LOBAO"";38;41;-;-;-;79"
"""220350 ELESBAO VELOSO"";72;55;-;-;-;127"
"""220370 ESPERANTINA"";93;233;-;-;-;326"
"""220400 FRANCINOPOLIS"";-;2;-;-;-;2"
"""220430 FRONTEIRAS"";-;185;-;-;-;185"
"""220450 GUADALUPE"";-;58;-;-;-;58"
"""220470 INHUMA"";-;16;-;-;-;16"
"""220510 ITAUEIRA"";-;36;-;-;-;36"
"""220520 JAICOS"";6;114;-;-;-;120"
"""220540 JOAQUIM PIRES"";11;-;-;-;-;11"
"""220550 JOSE DE FREITAS"";-;99;-;-;-;99"
"""220570 LUIS CORREIA"";-;33;-;-;-;33"
"""220580 LUZILANDIA"";163;128;-;-;-;291"
"""220590 MANOEL EMIDIO"";-;5;-;-;-;5"
"""220620 MIGUEL ALVES"";-;31;-;-;-;31"
"""220650 MONSENHOR HIPOLITO"";-;29;-;-;-;29"
"""220680 NOSSA SENHORA DOS REMEDIOS"";-;24;-;-;-;24"
"""220700 OEIRAS"";63;256;-;-;-;319"
"""220730 PAES LANDIM"";-;5;-;-;-;5"
"""220760 PARNAGUA"";-;125;-;-;-;125"
"""220770 PARNAIBA"";302;1084;-;-;-;1386"
"""220790 PEDRO II"";49;332;-;-;-;381"
"""220800 PICOS"";124;1266;-;-;-;1390"
"""220820 PIO IX"";17;-;-;-;-;17"
"""220830 PIRACURUCA"";65;55;-;-;-;120"
"""220840 PIRIPIRI"";125;530;-;-;-;655"
"""220880 REGENERACAO"";-;105;-;-;-;105"
"""220960 SAO FELIX DO PIAUI"";-;2;-;-;-;2"
"""221000 SAO JOAO DO PIAUI"";19;120;-;-;-;139"
"""221040 SAO MIGUEL DO TAPUIO"";20;15;-;-;-;35"
"""221060 SAO RAIMUNDO NONATO"";142;356;-;-;-;498"
"""221070 SIMOES"";-;86;-;-;-;86"
"""221100 TERESINA"";2105;7029;-;-;-;9134"
"""221110 UNIAO"";-;73;-;-;-;73"
"""221120 URUCUI"";27;108;-;-;-;135"
"""221130 VALENCA DO PIAUI"";52;184;-;-;-;236"
"""230020 ACARAU"";216;306;-;-;-;522"
"""230030 ACOPIARA"";54;108;-;-;-;162"
"""230040 AIUABA"";-;21;-;-;-;21"
"""230060 ALTANEIRA"";-;10;-;-;-;10"
"""230070 ALTO SANTO"";-;30;-;-;-;30"
"""230080 ANTONINA DO NORTE"";-;12;-;-;-;12"
"""230090 APUIARES"";-;6;-;-;-;6"
"""230100 AQUIRAZ"";83;103;-;-;-;186"
"""230110 ARACATI"";87;372;-;-;-;459"
"""230120 ARACOIABA"";54;94;-;1;-;149"
"""230130 ARARIPE"";-;29;-;-;-;29"
"""230160 ASSARE"";27;38;-;-;-;65"
"""230170 AURORA"";155;83;-;-;-;238"
"""230190 BARBALHA"";415;1116;-;-;-;1531"
"""230195 BARREIRA"";-;21;-;-;-;21"
"""230210 BATURITE"";12;131;-;-;-;143"
"""230220 BEBERIBE"";17;59;-;-;-;76"
"""230230 BELA CRUZ"";18;39;-;-;-;57"
"""230240 BOA VIAGEM"";115;119;-;-;-;234"
"""230250 BREJO SANTO"";231;622;-;60;114;1027"
"""230260 CAMOCIM"";143;184;-;-;-;327"
"""230270 CAMPOS SALES"";-;68;-;-;-;68"
"""230280 CANINDE"";88;346;-;-;-;434"
"""230300 CARIDADE"";-;7;-;-;-;7"
"""230320 CARIRIACU"";-;28;-;-;-;28"
"""230330 CARIUS"";-;48;-;-;-;48"
"""230340 CARNAUBAL"";1;66;-;-;-;67"
"""230350 CASCAVEL"";-;145;-;-;-;145"
"""230360 CATARINA"";-;61;-;-;-;61"
"""230365 CATUNDA"";-;30;-;-;-;30"
"""230370 CAUCAIA"";37;928;-;-;-;965"
"""230380 CEDRO"";1;191;-;-;-;192"
"""230395 CHOROZINHO"";-;10;-;-;-;10"
"""230410 CRATEUS"";71;759;-;-;-;830"
"""230420 CRATO"";274;871;-;-;-;1145"
"""230425 CRUZ"";14;77;-;-;-;91"
"""230426 DEPUTADO IRAPUAN PINHEIRO"";-;28;-;-;-;28"
"""230427 ERERE"";-;13;-;-;-;13"
"""230428 EUSEBIO"";147;195;-;-;-;342"
"""230440 FORTALEZA"";3990;11677;-;301;31;15999"
"""230445 FORTIM"";-;25;-;-;-;25"
"""230450 FRECHEIRINHA"";-;25;-;-;-;25"
"""230470 GRANJA"";128;56;-;-;-;184"
"""230480 GRANJEIRO"";-;9;-;-;-;9"
"""230495 GUAIUBA"";-;10;-;-;-;10"
"""230500 GUARACIABA DO NORTE"";33;111;-;-;-;144"
"""230520 HIDROLANDIA"";-;34;-;-;-;34"
"""230523 HORIZONTE"";37;77;-;-;-;114"
"""230526 IBARETAMA"";-;5;-;-;-;5"
"""230530 IBIAPINA"";18;152;-;-;-;170"
"""230540 ICO"";1;387;-;-;-;388"
"""230550 IGUATU"";181;518;-;-;-;699"
"""230580 IPU"";62;109;-;-;-;171"
"""230590 IPUEIRAS"";14;82;-;-;-;96"
"""230600 IRACEMA"";-;56;-;-;-;56"
"""230610 IRAUCUBA"";6;41;-;-;-;47"
"""230620 ITAICABA"";-;4;-;-;-;4"
"""230625 ITAITINGA"";3;47;-;-;-;50"
"""230630 ITAPAJE"";43;120;-;-;-;163"
"""230640 ITAPIPOCA"";231;956;-;-;-;1187"
"""230655 ITAREMA"";9;61;-;-;-;70"
"""230680 JAGUARIBARA"";8;50;-;-;-;58"
"""230690 JAGUARIBE"";29;94;-;-;-;123"
"""230710 JARDIM"";-;45;-;-;-;45"
"""230720 JATI"";-;5;-;-;-;5"
"""230725 JIJOCA DE JERICOACOARA"";-;41;-;-;-;41"
"""230730 JUAZEIRO DO NORTE"";616;1501;-;-;-;2117"
"""230740 JUCAS"";-;59;-;-;-;59"
"""230750 LAVRAS DA MANGABEIRA"";6;138;-;-;-;144"
"""230760 LIMOEIRO DO NORTE"";344;640;-;-;-;984"
"""230763 MADALENA"";-;27;-;-;-;27"
"""230765 MARACANAU"";273;1043;-;-;-;1316"
"""230770 MARANGUAPE"";39;126;-;-;-;165"
"""230820 MERUOCA"";-;20;-;-;-;20"
"""230830 MILAGRES"";-;197;-;-;-;197"
"""230835 MILHA"";21;-;-;-;-;21"
"""230840 MISSAO VELHA"";-;200;-;-;-;200"
"""230860 MONSENHOR TABOSA"";16;49;-;-;-;65"
"""230870 MORADA NOVA"";74;50;-;-;-;124"
"""230890 MORRINHOS"";-;15;-;-;-;15"
"""230910 MULUNGU"";-;8;-;-;-;8"
"""230920 NOVA OLINDA"";24;-;-;-;-;24"
"""230930 NOVA RUSSAS"";4;126;-;-;-;130"
"""230940 NOVO ORIENTE"";71;-;-;-;-;71"
"""230945 OCARA"";-;20;-;-;-;20"
"""230950 OROS"";16;45;-;-;-;61"
"""230960 PACAJUS"";-;53;-;-;-;53"
"""230970 PACATUBA"";-;52;-;-;-;52"
"""231020 PARACURU"";-;100;-;-;-;100"
"""231025 PARAIPABA"";-;62;-;-;-;62"
"""231030 PARAMBU"";130;-;-;-;-;130"
"""231050 PEDRA BRANCA"";16;70;-;-;-;86"
"""231070 PENTECOSTE"";-;36;-;-;-;36"
"""231080 PEREIRO"";-;37;-;-;-;37"
"""231090 PIQUET CARNEIRO"";-;34;-;-;-;34"
"""231100 PORANGA"";25;31;-;-;-;56"
"""231110 PORTEIRAS"";-;51;-;-;-;51"
"""231120 POTENGI"";-;26;-;-;-;26"
"""231130 QUIXADA"";82;448;-;-;-;530"
"""231140 QUIXERAMOBIM"";997;1227;-;-;-;2224"
"""231150 QUIXERE"";-;25;-;-;-;25"
"""231160 REDENCAO"";30;84;-;1;1;116"
"""231180 RUSSAS"";13;486;-;-;-;499"
"""231190 SABOEIRO"";-;19;-;-;-;19"
"""231195 SALITRE"";-;46;-;-;-;46"
"""231210 SANTANA DO CARIRI"";1;17;-;-;-;18"
"""231220 SANTA QUITERIA"";19;88;-;-;-;107"
"""231260 SAO LUIS DO CURU"";-;10;-;-;-;10"
"""231290 SOBRAL"";711;2809;-;-;-;3520"
"""231300 SOLONOPOLE"";-;28;-;-;-;28"
"""231310 TABULEIRO DO NORTE"";70;81;-;-;-;151"
"""231320 TAMBORIL"";71;-;-;-;-;71"
"""231325 TARRAFAS"";7;-;-;-;-;7"
"""231330 TAUA"";82;1011;-;-;-;1093"
"""231335 TEJUCUOCA"";10;-;-;-;-;10"
"""231340 TIANGUA"";212;788;-;-;-;1000"
"""231360 UBAJARA"";15;191;-;-;-;206"
"""231370 UMARI"";-;7;-;-;-;7"
"""231375 UMIRIM"";7;-;-;-;-;7"
"""231395 VARJOTA"";1;25;-;-;-;26"
"""231400 VARZEA ALEGRE"";81;387;-;1;-;469"
"""231410 VICOSA DO CEARA"";45;158;-;-;-;203"
"""240020 ACU"";23;43;-;-;-;66"
"""240030 AFONSO BEZERRA"";-;9;-;-;-;9"
"""240050 ALEXANDRIA"";303;181;-;-;-;484"
"""240060 ALMINO AFONSO"";109;6;-;-;-;115"
"""240080 ANGICOS"";-;21;-;-;-;21"
"""240090 ANTONIO MARTINS"";2;23;-;-;-;25"
"""240100 APODI"";35;65;-;-;-;100"
"""240110 AREIA BRANCA"";-;18;-;-;-;18"
"""240200 CAICO"";20;440;-;-;-;460"
"""240230 CARAUBAS"";8;21;-;-;-;29"
"""240250 CARNAUBAIS"";-;10;-;-;-;10"
"""240260 CEARA-MIRIM"";31;253;-;-;-;284"
"""240310 CURRAIS NOVOS"";30;247;-;-;-;277"
"""240320 DOUTOR SEVERIANO"";-;18;-;-;-;18"
"""240325 PARNAMIRIM"";607;430;-;-;-;1037"
"""240330 ENCANTO"";-;3;-;-;-;3"
"""240420 GOIANINHA"";-;8;-;-;-;8"
"""240520 JANDUIS"";-;14;-;-;-;14"
"""240530 JANUARIO CICCO"";-;8;-;-;-;8"
"""240560 JARDIM DE PIRANHAS"";-;16;-;-;-;16"
"""240570 JARDIM DO SERIDO"";-;28;-;-;-;28"
"""240580 JOAO CAMARA"";-;46;-;-;-;46"
"""240600 JOSE DA PENHA"";-;8;-;-;-;8"
"""240670 LAJES"";5;-;-;-;-;5"
"""240710 MACAIBA"";-;306;-;-;-;306"
"""240720 MACAU"";63;-;-;-;-;63"
"""240725 MAJOR SALES"";-;3;-;-;-;3"
"""240740 MARTINS"";-;6;-;-;-;6"
"""240760 MESSIAS TARGINO"";2;-;-;-;-;2"
"""240800 MOSSORO"";187;2162;-;-;-;2349"
"""240810 NATAL"";3881;4741;-;300;430;9352"
"""240830 NOVA CRUZ"";-;56;-;-;-;56"
"""240910 PASSA E FICA"";6;20;-;-;-;26"
"""240940 PAU DOS FERROS"";161;295;-;-;-;456"
"""241000 PILOES"";-;4;-;-;-;4"
"""241070 RIACHO DA CRUZ"";-;9;-;-;-;9"
"""241120 SANTA CRUZ"";144;445;-;-;-;589"
"""241150 SANTO ANTONIO"";-;101;-;-;-;101"
"""241200 SAO GONCALO DO AMARANTE"";20;215;-;-;-;235"
"""241220 SAO JOSE DE MIPIBU"";-;409;-;-;-;409"
"""241240 SAO JOSE DO SERIDO"";-;7;-;-;-;7"
"""241260 SAO PAULO DO POTENGI"";-;57;-;-;-;57"
"""241330 SERRA DE SAO BENTO"";-;7;-;-;-;7"
"""241355 SERRINHA DOS PINTOS"";-;9;-;-;-;9"
"""241360 SEVERIANO MELO"";-;5;-;-;-;5"
"""241380 TABOLEIRO GRANDE"";-;8;-;-;-;8"
"""241410 TENENTE ANANIAS"";78;13;-;-;-;91"
"""241445 TRIUNFO POTIGUAR"";-;6;-;-;-;6"
"""241475 VENHA-VER"";-;1;-;-;-;1"
"""250040 ALAGOA NOVA"";-;30;-;-;-;30"
"""250150 BANANEIRAS"";3;24;-;-;-;27"
"""250190 BELEM"";27;30;-;-;-;57"
"""250230 BOM SUCESSO"";-;1;-;-;-;1"
"""250280 BREJO DO CRUZ"";-;10;-;-;-;10"
"""250320 CABEDELO"";44;111;-;-;-;155"
"""250370 CAJAZEIRAS"";183;558;-;-;-;741"
"""250400 CAMPINA GRANDE"";1394;4118;-;-;2;5514"
"""250430 CATOLE DO ROCHA"";89;295;-;-;-;384"
"""250440 CONCEICAO"";56;-;-;-;-;56"
"""250480 COREMAS"";4;42;-;-;-;46"
"""250510 CUITE"";-;48;-;-;-;48"
"""250600 ESPERANCA"";20;56;-;-;-;76"
"""250630 GUARABIRA"";42;368;-;-;-;410"
"""250690 ITABAIANA"";77;114;-;-;-;191"
"""250700 ITAPORANGA"";-;19;-;-;-;19"
"""250710 ITAPOROROCA"";11;-;-;-;-;11"
"""250750 JOAO PESSOA"";1781;5306;-;-;1;7088"
"""250800 JURU"";-;7;-;-;-;7"
"""250830 LAGOA SECA"";-;19;-;-;-;19"
"""250890 MAMANGUAPE"";93;400;-;-;-;493"
"""250920 MASSARANDUBA"";-;3;-;-;-;3"
"""250970 MONTEIRO"";106;255;-;-;-;361"
"""251080 PATOS"";321;1082;-;1;-;1404"
"""251120 PEDRAS DE FOGO"";6;30;-;-;-;36"
"""251130 PIANCO"";54;173;-;-;-;227"
"""251140 PICUI"";58;145;-;-;-;203"
"""251200 POCINHOS"";-;56;-;-;-;56"
"""251210 POMBAL"";122;314;-;-;-;436"
"""251230 PRINCESA ISABEL"";25;28;-;-;-;53"
"""251250 QUEIMADAS"";-;210;-;-;-;210"
"""251370 SANTA RITA"";239;431;-;-;-;670"
"""251540 SAO VICENTE DO SERIDO"";-;1;-;-;-;1"
"""251550 SERRA BRANCA"";-;35;-;-;-;35"
"""251600 SOLANEA"";14;70;-;-;-;84"
"""251620 SOUSA"";54;442;-;-;-;496"
"""251630 SUME"";12;47;-;-;-;59"
"""251650 TAPEROA"";144;109;-;-;-;253"
"""251660 TAVARES"";-;21;-;-;-;21"
"""251690 UIRAUNA"";-;119;-;-;-;119"
"""260010 AFOGADOS DA INGAZEIRA"";322;433;-;-;-;755"
"""260020 AFRANIO"";24;36;-;-;-;60"
"""260030 AGRESTINA"";70;32;-;-;-;102"
"""260050 AGUAS BELAS"";-;57;-;-;-;57"
"""260060 ALAGOINHA"";-;23;-;-;-;23"
"""260070 ALIANCA"";4;6;-;-;-;10"
"""260110 ARARIPINA"";352;1;-;-;-;353"
"""260120 ARCOVERDE"";124;1057;-;-;-;1181"
"""260130 BARRA DE GUABIRABA"";-;7;-;-;-;7"
"""260140 BARREIROS"";2;21;-;-;-;23"
"""260160 BELEM DO SAO FRANCISCO"";-;23;-;-;-;23"
"""260190 BEZERROS"";386;16;-;-;-;402"
"""260200 BODOCO"";-;29;-;-;-;29"
"""260210 BOM CONSELHO"";-;51;-;-;-;51"
"""260220 BOM JARDIM"";-;63;-;-;-;63"
"""260230 BONITO"";1;10;-;-;-;11"
"""260240 BREJAO"";-;10;-;-;-;10"
"""260250 BREJINHO"";-;17;-;-;-;17"
"""260260 BREJO DA MADRE DE DEUS"";-;27;-;-;-;27"
"""260280 BUIQUE"";35;-;-;-;-;35"
"""260290 CABO DE SANTO AGOSTINHO"";66;757;-;67;10;900"
"""260300 CABROBO"";22;46;-;-;-;68"
"""260310 CACHOEIRINHA"";-;8;-;-;-;8"
"""260330 CALCADO"";-;3;-;-;-;3"
"""260340 CALUMBI"";-;3;-;-;-;3"
"""260345 CAMARAGIBE"";28;36;-;-;-;64"
"""260360 CAMUTANGA"";-;2;-;-;-;2"
"""260370 CANHOTINHO"";14;19;-;-;-;33"
"""260380 CAPOEIRAS"";-;35;-;-;-;35"
"""260390 CARNAIBA"";-;13;-;-;-;13"
"""260400 CARPINA"";-;34;-;-;-;34"
"""260410 CARUARU"";728;2771;-;-;-;3499"
"""260420 CATENDE"";-;20;-;-;-;20"
"""260470 CORRENTES"";12;17;-;-;-;29"
"""260490 CUMARU"";-;15;-;-;-;15"
"""260500 CUPIRA"";-;21;-;-;-;21"
"""260510 CUSTODIA"";3;59;-;-;-;62"
"""260530 EXU"";-;25;-;-;-;25"
"""260540 FEIRA NOVA"";8;16;-;-;-;24"
"""260545 FERNANDO DE NORONHA"";-;1;-;-;-;1"
"""260560 FLORES"";-;15;-;-;-;15"
"""260570 FLORESTA"";-;58;-;-;-;58"
"""260580 FREI MIGUELINHO"";-;17;-;-;-;17"
"""260600 GARANHUNS"";161;746;-;-;-;907"
"""260610 GLORIA DO GOITA"";-;1;-;-;-;1"
"""260620 GOIANA"";38;251;-;-;-;289"
"""260630 GRANITO"";7;1;-;-;-;8"
"""260640 GRAVATA"";2;42;-;-;-;44"
"""260650 IATI"";10;25;-;-;-;35"
"""260660 IBIMIRIM"";-;4;-;-;-;4"
"""260670 IBIRAJUBA"";-;3;-;-;-;3"
"""260680 IGARASSU"";20;-;-;-;-;20"
"""260690 IGUARACY"";-;7;-;-;-;7"
"""260700 INAJA"";-;18;-;-;-;18"
"""260710 INGAZEIRA"";-;10;-;-;-;10"
"""260720 IPOJUCA"";1;113;-;-;-;114"
"""260770 ITAPETIM"";30;14;-;-;-;44"
"""260790 JABOATAO DOS GUARARAPES"";1036;886;-;1;-;1923"
"""260795 JAQUEIRA"";-;12;-;-;-;12"
"""260800 JATAUBA"";1;35;-;-;-;36"
"""260810 JOAO ALFREDO"";-;11;-;-;-;11"
"""260825 JUCATI"";-;6;-;-;-;6"
"""260830 JUPI"";-;7;-;-;-;7"
"""260845 LAGOA DO CARRO"";-;2;-;-;-;2"
"""260850 LAGOA DE ITAENGA"";-;6;-;-;-;6"
"""260860 LAGOA DO OURO"";-;17;-;-;-;17"
"""260870 LAGOA DOS GATOS"";-;2;-;-;-;2"
"""260875 LAGOA GRANDE"";-;60;-;-;-;60"
"""260880 LAJEDO"";-;40;-;-;-;40"
"""260890 LIMOEIRO"";36;275;-;-;-;311"
"""260900 MACAPARANA"";2;15;-;-;-;17"
"""260915 MANARI"";-;13;-;-;-;13"
"""260930 MIRANDIBA"";-;12;-;-;-;12"
"""260940 MORENO"";143;693;-;-;-;836"
"""260950 NAZARE DA MATA"";-;319;-;-;-;319"
"""260960 OLINDA"";104;449;-;-;-;553"
"""260970 OROBO"";-;36;-;-;-;36"
"""260990 OURICURI"";231;465;-;-;-;696"
"""261000 PALMARES"";318;1064;-;-;-;1382"
"""261010 PALMEIRINA"";-;2;-;-;-;2"
"""261020 PANELAS"";-;12;-;-;-;12"
"""261030 PARANATAMA"";3;10;-;-;-;13"
"""261040 PARNAMIRIM"";-;30;-;-;-;30"
"""261060 PAUDALHO"";22;10;-;-;-;32"
"""261070 PAULISTA"";128;833;-;59;-;1020"
"""261080 PEDRA"";-;31;-;-;-;31"
"""261090 PESQUEIRA"";58;-;-;-;-;58"
"""261100 PETROLANDIA"";60;55;-;-;-;115"
"""261110 PETROLINA"";862;1813;-;4;-;2679"
"""261120 POCAO"";-;19;-;-;-;19"
"""261150 QUIPAPA"";-;3;-;-;-;3"
"""261160 RECIFE"";7536;18300;-;-;-;25836"
"""261190 RIO FORMOSO"";-;1;-;-;-;1"
"""261220 SALGUEIRO"";140;491;-;4;-;635"
"""261230 SALOA"";-;41;-;-;-;41"
"""261245 SANTA CRUZ"";-;30;-;-;-;30"
"""261247 SANTA CRUZ DA BAIXA VERDE"";-;10;-;-;-;10"
"""261300 SAO BENTO DO UNA"";7;59;-;-;-;66"
"""261320 SAO JOAO"";14;20;-;-;-;34"
"""261350 SAO JOSE DO BELMONTE"";48;-;-;-;-;48"
"""261360 SAO JOSE DO EGITO"";30;64;-;-;-;94"
"""261370 SAO LOURENCO DA MATA"";60;127;-;-;-;187"
"""261390 SERRA TALHADA"";279;1168;-;-;-;1447"
"""261410 SERTANIA"";10;72;-;-;-;82"
"""261440 SOLIDAO"";7;-;-;-;-;7"
"""261450 SURUBIM"";53;-;-;-;-;53"
"""261460 TABIRA"";14;41;-;-;-;55"
"""261500 TAQUARITINGA DO NORTE"";-;18;-;-;-;18"
"""261510 TEREZINHA"";-;9;-;-;-;9"
"""261520 TERRA NOVA"";-;15;-;-;-;15"
"""261540 TORITAMA"";50;-;-;-;-;50"
"""261560 TRINDADE"";-;25;-;-;-;25"
"""261590 TUPARETAMA"";4;9;-;-;-;13"
"""261600 VENTUROSA"";-;12;-;-;-;12"
"""261640 VITORIA DE SANTO ANTAO"";290;1080;-;-;-;1370"
"""270010 AGUA BRANCA"";-;19;-;-;-;19"
"""270030 ARAPIRACA"";1018;1039;-;185;231;2473"
"""270040 ATALAIA"";-;22;-;-;-;22"
"""270070 BATALHA"";21;42;-;-;-;63"
"""270100 BOCA DA MATA"";-;4;-;-;-;4"
"""270140 CAMPO ALEGRE"";13;38;-;-;-;51"
"""270170 CAPELA"";-;19;-;-;-;19"
"""270230 CORURIPE"";321;529;-;-;-;850"
"""270240 DELMIRO GOUVEIA"";23;88;-;-;-;111"
"""270300 IBATEGUARA"";5;-;-;-;-;5"
"""270430 MACEIO"";1893;5042;-;144;-;7079"
"""270550 MURICI"";-;7;-;-;-;7"
"""270630 PALMEIRA DOS INDIOS"";51;415;-;-;-;466"
"""270690 PILAR"";123;27;-;-;-;150"
"""270710 PIRANHAS"";-;42;-;-;-;42"
"""270730 PORTO CALVO"";20;475;-;-;-;495"
"""270760 QUEBRANGULO"";-;3;-;-;-;3"
"""270770 RIO LARGO"";1;99;-;-;-;100"
"""270800 SANTANA DO IPANEMA"";5;749;-;-;-;754"
"""270840 SAO JOSE DA TAPERA"";31;-;-;-;-;31"
"""270850 SAO LUIS DO QUITUNDE"";-;13;-;-;-;13"
"""270860 SAO MIGUEL DOS CAMPOS"";147;353;-;-;-;500"
"""270915 TEOTONIO VILELA"";-;49;-;-;-;49"
"""270920 TRAIPU"";1;-;-;-;-;1"
"""270930 UNIAO DOS PALMARES"";58;418;-;-;-;476"
"""280020 AQUIDABA"";-;119;-;-;-;119"
"""280030 ARACAJU"";1827;4678;-;-;-;6505"
"""280130 CAPELA"";124;73;-;-;-;197"
"""280210 ESTANCIA"";381;590;-;-;-;971"
"""280340 JAPOATA"";44;-;-;-;-;44"
"""280350 LAGARTO"";209;822;-;-;-;1031"
"""280450 NOSSA SENHORA DA GLORIA"";1;219;-;-;-;220"
"""280570 PROPRIA"";-;180;-;-;-;180"
"""280590 RIACHUELO"";-;50;-;-;-;50"
"""280670 SAO CRISTOVAO"";27;51;-;-;-;78"
"""280710 SIMAO DIAS"";-;82;-;-;-;82"
"""290020 ABARE"";-;22;-;-;-;22"
"""290035 ADUSTINA"";-;11;-;-;-;11"
"""290040 AGUA FRIA"";-;19;-;-;-;19"
"""290070 ALAGOINHAS"";299;584;-;-;-;883"
"""290100 AMARGOSA"";63;157;-;-;-;220"
"""290110 AMELIA RODRIGUES"";-;37;-;-;-;37"
"""290115 AMERICA DOURADA"";-;49;-;-;-;49"
"""290120 ANAGE"";-;7;-;-;-;7"
"""290130 ANDARAI"";-;26;-;-;-;26"
"""290140 ANGICAL"";10;7;-;-;-;17"
"""290150 ANGUERA"";-;9;-;-;-;9"
"""290160 ANTAS"";274;428;-;-;-;702"
"""290200 ARACATU"";-;84;-;-;-;84"
"""290205 ARACAS"";-;9;-;-;-;9"
"""290210 ARACI"";-;64;-;-;-;64"
"""290240 AURELINO LEAL"";-;85;-;-;-;85"
"""290250 BAIANOPOLIS"";-;20;-;-;-;20"
"""290260 BAIXA GRANDE"";-;37;-;-;-;37"
"""290270 BARRA"";74;259;-;-;-;333"
"""290280 BARRA DA ESTIVA"";61;152;-;-;-;213"
"""290300 BARRA DO MENDES"";-;33;-;-;-;33"
"""290320 BARREIRAS"";152;1458;-;-;-;1610"
"""290323 BARRO ALTO"";-;42;-;-;-;42"
"""290327 BARROCAS"";-;20;-;-;-;20"
"""290330 BARRO PRETO"";-;4;-;-;-;4"
"""290340 BELMONTE"";4;33;-;-;-;37"
"""290350 BELO CAMPO"";7;52;-;-;-;59"
"""290380 BOA VISTA DO TUPIM"";-;11;-;-;-;11"
"""290390 BOM JESUS DA LAPA"";64;334;-;-;-;398"
"""290395 BOM JESUS DA SERRA"";-;26;-;-;5;31"
"""290405 BONITO"";-;43;-;-;-;43"
"""290410 BOQUIRA"";8;59;-;-;-;67"
"""290420 BOTUPORA"";-;27;-;-;-;27"
"""290430 BREJOES"";-;23;-;-;-;23"
"""290440 BREJOLANDIA"";1;28;-;-;-;29"
"""290450 BROTAS DE MACAUBAS"";-;16;-;-;-;16"
"""290460 BRUMADO"";124;465;-;-;-;589"
"""290475 BURITIRAMA"";-;63;-;-;-;63"
"""290490 CACHOEIRA"";23;48;-;-;-;71"
"""290510 CAEM"";-;44;-;-;-;44"
"""290520 CAETITE"";2;31;-;-;-;33"
"""290530 CAFARNAUM"";8;47;-;-;-;55"
"""290560 CAMACAN"";1;120;-;-;-;121"
"""290570 CAMACARI"";377;747;-;-;-;1124"
"""290580 CAMAMU"";-;34;-;-;-;34"
"""290590 CAMPO ALEGRE DE LOURDES"";6;72;-;-;-;78"
"""290600 CAMPO FORMOSO"";65;321;-;-;-;386"
"""290610 CANAPOLIS"";2;29;-;-;-;31"
"""290620 CANARANA"";-;70;-;-;-;70"
"""290650 CANDEIAS"";80;62;-;-;-;142"
"""290680 CANSANCAO"";33;208;-;-;-;241"
"""290682 CANUDOS"";-;17;-;-;-;17"
"""290687 CAPIM GROSSO"";1;64;-;-;-;65"
"""290690 CARAVELAS"";26;-;-;-;-;26"
"""290710 CARINHANHA"";-;19;-;-;-;19"
"""290720 CASA NOVA"";-;139;-;-;-;139"
"""290730 CASTRO ALVES"";13;-;-;-;-;13"
"""290750 CATU"";25;-;-;-;-;25"
"""290755 CATURAMA"";1;18;-;-;-;19"
"""290760 CENTRAL"";-;26;-;-;-;26"
"""290780 CICERO DANTAS"";-;49;-;-;-;49"
"""290790 CIPO"";-;49;-;-;-;49"
"""290840 CONCEICAO DO COITE"";283;279;-;-;-;562"
"""290860 CONDE"";-;11;-;-;-;11"
"""290870 CONDEUBA"";-;53;-;-;-;53"
"""290890 CORACAO DE MARIA"";309;46;-;-;-;355"
"""290900 CORDEIROS"";-;22;-;-;-;22"
"""290950 CRAVOLANDIA"";-;26;-;-;-;26"
"""290960 CRISOPOLIS"";-;21;-;-;-;21"
"""290970 CRISTOPOLIS"";-;153;-;-;-;153"
"""290980 CRUZ DAS ALMAS"";170;279;-;-;-;449"
"""291010 DOM BASILIO"";3;29;-;-;-;32"
"""291030 ELISIO MEDRADO"";-;19;-;-;-;19"
"""291060 ESPLANADA"";22;88;-;-;-;110"
"""291070 EUCLIDES DA CUNHA"";22;310;-;-;-;332"
"""291072 EUNAPOLIS"";4;614;-;1;-;619"
"""291080 FEIRA DE SANTANA"";1541;3136;-;-;-;4677"
"""291130 GENTIO DO OURO"";-;31;-;-;-;31"
"""291150 GONGOGI"";-;13;-;-;-;13"
"""291170 GUANAMBI"";123;898;-;-;-;1021"
"""291190 IACU"";-;86;-;-;-;86"
"""291200 IBIASSUCE"";4;93;-;-;-;97"
"""291210 IBICARAI"";-;32;-;-;-;32"
"""291240 IBIPEBA"";-;21;-;-;-;21"
"""291250 IBIPITANGA"";2;31;-;-;-;33"
"""291270 IBIRAPITANGA"";-;85;-;-;-;85"
"""291300 IBITIARA"";-;43;-;-;-;43"
"""291310 IBITITA"";-;21;-;-;-;21"
"""291320 IBOTIRAMA"";105;177;-;-;-;282"
"""291340 IGAPORA"";15;34;-;-;-;49"
"""291345 IGRAPIUNA"";-;27;-;-;-;27"
"""291350 IGUAI"";35;306;-;-;-;341"
"""291360 ILHEUS"";100;1827;-;-;-;1927"
"""291370 INHAMBUPE"";-;50;-;-;-;50"
"""291380 IPECAETA"";-;1;-;-;-;1"
"""291390 IPIAU"";-;324;-;-;-;324"
"""291400 IPIRA"";50;-;-;-;-;50"
"""291410 IPUPIARA"";-;12;-;-;-;12"
"""291430 IRAMAIA"";-;96;-;-;-;96"
"""291440 IRAQUARA"";-;295;-;-;-;295"
"""291460 IRECE"";68;694;-;-;-;762"
"""291470 ITABERABA"";188;543;-;-;-;731"
"""291480 ITABUNA"";107;1822;-;-;-;1929"
"""291490 ITACARE"";-;128;-;-;-;128"
"""291500 ITAETE"";-;23;-;-;-;23"
"""291510 ITAGI"";1;11;-;-;-;12"
"""291535 ITAGUACU DA BAHIA"";-;26;-;-;-;26"
"""291540 ITAJU DO COLONIA"";-;49;-;-;-;49"
"""291550 ITAJUIPE"";-;143;-;-;-;143"
"""291560 ITAMARAJU"";46;275;-;-;-;321"
"""291580 ITAMBE"";-;115;-;-;-;115"
"""291600 ITANHEM"";-;38;-;-;22;60"
"""291610 ITAPARICA"";216;190;-;-;-;406"
"""291630 ITAPEBI"";-;23;-;-;-;23"
"""291640 ITAPETINGA"";62;462;-;-;-;524"
"""291650 ITAPICURU"";-;26;-;-;-;26"
"""291660 ITAPITANGA"";-;14;-;-;-;14"
"""291670 ITAQUARA"";-;42;-;-;-;42"
"""291680 ITARANTIM"";8;62;-;-;-;70"
"""291685 ITATIM"";-;27;-;-;-;27"
"""291690 ITIRUCU"";9;32;-;-;-;41"
"""291700 ITIUBA"";16;60;-;-;-;76"
"""291710 ITORORO"";-;132;-;-;-;132"
"""291720 ITUACU"";6;16;-;-;-;22"
"""291730 ITUBERA"";-;20;-;-;-;20"
"""291735 JABORANDI"";49;44;-;-;-;93"
"""291740 JACARACI"";-;28;-;-;-;28"
"""291750 JACOBINA"";170;389;-;-;-;559"
"""291760 JAGUAQUARA"";81;305;-;-;-;386"
"""291770 JAGUARARI"";35;56;-;-;-;91"
"""291800 JEQUIE"";400;1276;-;-;-;1676"
"""291810 JEREMOABO"";-;46;-;-;-;46"
"""291820 JIQUIRICA"";-;48;-;-;-;48"
"""291830 JITAUNA"";1;16;-;-;-;17"
"""291840 JUAZEIRO"";575;1761;-;130;-;2466"
"""291855 JUSSARI"";-;54;-;-;-;54"
"""291860 JUSSIAPE"";15;1;-;-;-;16"
"""291915 LAPAO"";1;121;-;-;-;122"
"""291920 LAURO DE FREITAS"";690;514;-;-;-;1204"
"""291930 LENCOIS"";-;4;-;-;-;4"
"""291940 LICINIO DE ALMEIDA"";-;34;-;-;-;34"
"""291955 LUIS EDUARDO MAGALHAES"";409;407;-;-;-;816"
"""291970 MACARANI"";-;102;-;-;-;102"
"""291980 MACAUBAS"";29;115;-;-;-;144"
"""292000 MAIQUINIQUE"";-;48;-;-;-;48"
"""292010 MAIRI"";31;99;-;-;-;130"
"""292050 MARACAS"";-;94;-;-;-;94"
"""292080 MARCIONILIO SOUZA"";-;20;-;-;-;20"
"""292110 MEDEIROS NETO"";19;80;-;-;-;99"
"""292120 MIGUEL CALMON"";123;113;-;-;-;236"
"""292130 MILAGRES"";-;15;-;-;-;15"
"""292150 MONTE SANTO"";24;231;-;-;-;255"
"""292170 MORRO DO CHAPEU"";14;141;-;1;-;156"
"""292180 MORTUGABA"";-;39;-;-;-;39"
"""292200 MUCURI"";-;51;-;-;-;51"
"""292210 MUNDO NOVO"";-;20;-;-;-;20"
"""292240 MUTUIPE"";61;88;-;-;-;149"
"""292250 NAZARE"";204;247;-;-;-;451"
"""292270 NOVA CANAA"";-;138;-;-;-;138"
"""292273 NOVA FATIMA"";-;1;-;-;-;1"
"""292290 NOVA SOURE"";-;38;-;-;-;38"
"""292300 NOVA VICOSA"";37;71;-;-;-;108"
"""292310 OLINDINA"";-;43;-;-;-;43"
"""292320 OLIVEIRA DOS BREJINHOS"";-;59;-;1;2;62"
"""292335 OUROLANDIA"";-;30;-;-;-;30"
"""292340 PALMAS DE MONTE ALTO"";36;16;-;-;-;52"
"""292360 PARAMIRIM"";71;79;-;-;-;150"
"""292370 PARATINGA"";6;167;-;-;-;173"
"""292390 PAU BRASIL"";-;47;-;-;-;47"
"""292400 PAULO AFONSO"";3;362;-;-;-;365"
"""292405 PE DE SERRA"";-;23;-;-;-;23"
"""292430 PIATA"";-;27;-;-;-;27"
"""292440 PILAO ARCADO"";-;26;-;-;-;26"
"""292450 PINDAI"";12;23;-;-;-;35"
"""292460 PINDOBACU"";24;110;-;-;-;134"
"""292465 PINTADAS"";-;22;-;-;-;22"
"""292470 PIRIPA"";-;20;-;-;-;20"
"""292480 PIRITIBA"";-;31;-;-;-;31"
"""292490 PLANALTINO"";-;42;-;-;-;42"
"""292510 POCOES"";27;110;-;-;-;137"
"""292530 PORTO SEGURO"";113;754;-;-;-;867"
"""292540 POTIRAGUA"";-;18;-;-;-;18"
"""292550 PRADO"";16;137;-;-;-;153"
"""292560 PRESIDENTE DUTRA"";-;27;-;-;-;27"
"""292575 PRESIDENTE TANCREDO NEVES"";-;28;-;-;-;28"
"""292595 RAFAEL JAMBEIRO"";-;23;-;-;-;23"
"""292600 REMANSO"";11;60;-;-;-;71"
"""292620 RIACHAO DAS NEVES"";-;93;-;-;-;93"
"""292630 RIACHAO DO JACUIPE"";42;145;-;-;-;187"
"""292640 RIACHO DE SANTANA"";-;100;-;-;-;100"
"""292660 RIBEIRA DO POMBAL"";86;493;-;-;-;579"
"""292670 RIO DE CONTAS"";-;37;-;-;-;37"
"""292720 RUY BARBOSA"";212;368;-;105;-;685"
"""292730 SALINAS DA MARGARIDA"";-;17;-;-;-;17"
"""292740 SALVADOR"";8541;12602;-;-;-;21143"
"""292790 SANTA INES"";1;44;-;-;-;45"
"""292810 SANTA MARIA DA VITORIA"";44;100;-;-;-;144"
"""292820 SANTANA"";20;92;-;-;-;112"
"""292830 SANTANOPOLIS"";-;7;-;-;-;7"
"""292840 SANTA RITA DE CASSIA"";2;116;-;-;-;118"
"""292860 SANTO AMARO"";10;-;-;-;-;10"
"""292870 SANTO ANTONIO DE JESUS"";342;1407;-;-;-;1749"
"""292880 SANTO ESTEVAO"";-;89;-;-;-;89"
"""292890 SAO DESIDERIO"";53;83;-;-;-;136"
"""292900 SAO FELIX"";295;152;-;-;-;447"
"""292905 SAO FELIX DO CORIBE"";1;64;-;-;-;65"
"""292910 SAO FELIPE"";-;20;-;-;-;20"
"""292925 SAO GABRIEL"";-;42;-;-;-;42"
"""292940 SAO MIGUEL DAS MATAS"";-;5;-;-;-;5"
"""292950 SAO SEBASTIAO DO PASSE"";-;53;-;-;-;53"
"""292960 SAPEACU"";-;31;-;-;-;31"
"""292990 SEABRA"";126;654;-;-;-;780"
"""293000 SEBASTIAO LARANJEIRAS"";-;20;-;-;-;20"
"""293010 SENHOR DO BONFIM"";75;291;-;-;-;366"
"""293015 SERRA DO RAMALHO"";17;56;-;-;-;73"
"""293030 SERRA DOURADA"";-;94;-;-;-;94"
"""293040 SERRA PRETA"";-;15;-;-;-;15"
"""293070 SIMOES FILHO"";-;116;-;-;-;116"
"""293077 SOBRADINHO"";6;26;-;-;-;32"
"""293080 SOUTO SOARES"";-;33;-;-;-;33"
"""293090 TABOCAS DO BREJO VELHO"";33;-;-;-;-;33"
"""293100 TANHACU"";32;35;-;-;-;67"
"""293110 TANQUINHO"";-;13;-;-;-;13"
"""293120 TAPEROA"";-;50;-;-;-;50"
"""293135 TEIXEIRA DE FREITAS"";307;729;-;-;-;1036"
"""293150 TEOFILANDIA"";-;9;-;-;-;9"
"""293160 TEOLANDIA"";-;20;-;-;2;22"
"""293180 TREMEDAL"";-;25;-;-;-;25"
"""293200 UAUA"";-;42;-;-;-;42"
"""293210 UBAIRA"";6;163;-;-;-;169"
"""293220 UBAITABA"";1;162;-;-;-;163"
"""293250 UNA"";1;36;-;-;-;37"
"""293280 UTINGA"";-;37;-;-;-;37"
"""293290 VALENCA"";106;425;-;-;-;531"
"""293305 VARZEA DA ROCA"";-;11;-;-;-;11"
"""293315 VARZEA NOVA"";-;87;-;-;-;87"
"""293330 VITORIA DA CONQUISTA"";337;2815;-;-;-;3152"
"""293340 WAGNER"";-;111;-;-;-;111"
"""293345 WANDERLEY"";-;141;-;-;-;141"
"""293360 XIQUE-XIQUE"";68;141;-;-;-;209"
"""310010 ABADIA DOS DOURADOS"";-;4;-;-;-;4"
"""310020 ABAETE"";33;89;-;-;-;122"
"""310030 ABRE CAMPO"";45;46;-;-;-;91"
"""310060 AGUA BOA"";-;15;-;-;-;15"
"""310090 AGUAS FORMOSAS"";63;189;-;-;-;252"
"""310100 AGUAS VERMELHAS"";-;49;-;-;-;49"
"""310110 AIMORES"";12;167;-;-;-;179"
"""310130 ALAGOA"";-;8;-;-;-;8"
"""310150 ALEM PARAIBA"";13;179;-;-;-;192"
"""310160 ALFENAS"";259;817;-;-;-;1076"
"""310170 ALMENARA"";11;291;-;14;98;414"
"""310190 ALPINOPOLIS"";36;78;-;-;-;114"
"""310200 ALTEROSA"";7;48;-;-;-;55"
"""310210 ALTO RIO DOCE"";1;24;-;-;-;25"
"""310230 ALVINOPOLIS"";13;28;-;-;-;41"
"""310260 ANDRADAS"";6;185;-;-;-;191"
"""310270 CACHOEIRA DE PAJEU"";-;26;-;-;-;26"
"""310290 ANTONIO CARLOS"";-;5;-;-;-;5"
"""310350 ARAGUARI"";351;1107;-;-;-;1458"
"""310375 ARAPORA"";3;46;-;-;-;49"
"""310400 ARAXA"";101;417;-;-;-;518"
"""310420 ARCOS"";39;103;-;-;-;142"
"""310430 AREADO"";11;37;-;-;-;48"
"""310450 ARINOS"";3;33;-;-;-;36"
"""310470 ATALEIA"";13;39;-;-;-;52"
"""310490 BAEPENDI"";159;184;-;-;-;343"
"""310510 BAMBUI"";18;133;-;-;-;151"
"""310560 BARBACENA"";328;1166;-;-;-;1494"
"""310590 BARROSO"";117;122;-;-;-;239"
"""310630 BELO ORIENTE"";281;36;-;-;-;317"
"""310640 BELO VALE"";-;60;-;-;-;60"
"""310650 BERILO"";-;38;-;-;-;38"
"""310670 BETIM"";284;2181;-;27;-;2492"
"""310690 BICAS"";7;49;-;-;-;56"
"""310730 BOCAIUVA"";76;320;-;-;-;396"
"""310740 BOM DESPACHO"";176;312;-;-;-;488"
"""310750 BOM JARDIM DE MINAS"";-;36;-;-;-;36"
"""310780 BOM JESUS DO GALHO"";98;40;-;-;-;138"
"""310860 BRASILIA DE MINAS"";35;476;-;-;-;511"
"""310900 BRUMADINHO"";109;158;-;-;-;267"
"""310910 BUENO BRANDAO"";-;33;-;-;-;33"
"""310930 BURITIS"";2;91;-;-;-;93"
"""310940 BURITIZEIRO"";-;27;-;-;-;27"
"""310950 CABO VERDE"";28;45;-;-;-;73"
"""310990 CAETANOPOLIS"";-;84;-;-;-;84"
"""311000 CAETE"";78;104;-;-;-;182"
"""311030 CALDAS"";28;39;-;-;-;67"
"""311050 CAMANDUCAIA"";39;65;-;-;-;104"
"""311060 CAMBUI"";42;143;-;-;-;185"
"""311090 CAMPANHA"";-;24;-;-;-;24"
"""311100 CAMPESTRE"";-;71;-;-;-;71"
"""311110 CAMPINA VERDE"";14;37;-;-;-;51"
"""311120 CAMPO BELO"";151;417;-;-;-;568"
"""311130 CAMPO DO MEIO"";8;28;-;-;-;36"
"""311150 CAMPOS ALTOS"";16;46;-;-;-;62"
"""311160 CAMPOS GERAIS"";44;85;-;-;-;129"
"""311180 CANAPOLIS"";27;26;-;-;-;53"
"""311200 CANDEIAS"";-;55;-;-;-;55"
"""311230 CAPELINHA"";57;321;-;-;-;378"
"""311260 CAPINOPOLIS"";11;36;-;-;-;47"
"""311300 CARAI"";26;71;-;-;-;97"
"""311320 CARANDAI"";31;60;-;-;-;91"
"""311330 CARANGOLA"";42;588;-;-;-;630"
"""311340 CARATINGA"";351;587;-;-;-;938"
"""311350 CARBONITA"";-;56;-;-;-;56"
"""311370 CARLOS CHAGAS"";24;59;-;-;-;83"
"""311400 CARMO DA MATA"";-;11;-;-;-;11"
"""311410 CARMO DE MINAS"";-;41;-;-;-;41"
"""311430 CARMO DO PARANAIBA"";24;82;-;-;-;106"
"""311440 CARMO DO RIO CLARO"";13;79;-;-;-;92"
"""311450 CARMOPOLIS DE MINAS"";-;62;-;-;-;62"
"""311510 CASSIA"";101;252;-;-;-;353"
"""311530 CATAGUASES"";3;405;-;-;-;408"
"""311580 CENTRALINA"";-;39;-;-;-;39"
"""311615 CHAPADA GAUCHA"";22;-;-;-;-;22"
"""311630 CIPOTANEA"";-;16;-;-;-;16"
"""311660 CLAUDIO"";113;203;-;-;-;316"
"""311680 COLUNA"";-;39;-;-;-;39"
"""311710 CONCEICAO DA APARECIDA"";11;47;-;-;-;58"
"""311730 CONCEICAO DAS ALAGOAS"";54;161;-;-;-;215"
"""311770 CONCEICAO DO RIO VERDE"";47;25;-;-;-;72"
"""311800 CONGONHAS"";54;236;-;-;-;290"
"""311830 CONSELHEIRO LAFAIETE"";114;385;-;-;-;499"
"""311840 CONSELHEIRO PENA"";33;98;-;-;-;131"
"""311860 CONTAGEM"";436;1506;-;-;-;1942"
"""311880 CORACAO DE JESUS"";67;149;-;-;-;216"
"""311930 COROMANDEL"";30;117;-;-;-;147"
"""311940 CORONEL FABRICIANO"";81;284;-;-;-;365"
"""312020 CRISTAIS"";1;29;-;-;-;30"
"""312050 CRISTINA"";-;70;-;-;-;70"
"""312080 CRUZILIA"";56;118;-;-;-;174"
"""312090 CURVELO"";203;563;-;-;-;766"
"""312120 DELFINOPOLIS"";-;15;-;-;-;15"
"""312160 DIAMANTINA"";124;781;-;-;-;905"
"""312200 DIVINO"";78;99;-;-;-;177"
"""312210 DIVINO DAS LARANJEIRAS"";-;10;-;-;-;10"
"""312230 DIVINOPOLIS"";493;994;-;-;-;1487"
"""312270 DOM SILVERIO"";-;18;-;-;-;18"
"""312320 DORES DO INDAIA"";4;117;-;-;-;121"
"""312400 ERVALIA"";-;69;-;-;-;69"
"""312420 ESPERA FELIZ"";153;91;-;-;-;244"
"""312430 ESPINOSA"";17;137;-;-;-;154"
"""312490 EUGENOPOLIS"";-;37;-;-;-;37"
"""312510 EXTREMA"";-;193;-;-;-;193"
"""312560 FELISBURGO"";25;42;-;-;-;67"
"""312590 FERROS"";-;31;-;-;-;31"
"""312610 FORMIGA"";24;439;-;-;-;463"
"""312670 FRANCISCO SA"";70;169;-;-;-;239"
"""312710 FRUTAL"";16;216;-;-;-;232"
"""312760 GOUVEIA"";17;70;-;-;-;87"
"""312770 GOVERNADOR VALADARES"";350;2645;-;-;-;2995"
"""312780 GRAO MOGOL"";-;104;-;-;-;104"
"""312800 GUANHAES"";73;385;-;-;-;458"
"""312810 GUAPE"";18;23;-;-;-;41"
"""312830 GUARANESIA"";12;56;-;-;-;68"
"""312860 GUARDA-MOR"";8;13;-;-;-;21"
"""312870 GUAXUPE"";72;347;-;-;-;419"
"""312910 GURINHATA"";-;15;-;-;-;15"
"""312940 IBERTIOGA"";-;17;-;-;-;17"
"""312950 IBIA"";39;77;-;-;-;116"
"""312980 IBIRITE"";121;293;-;-;-;414"
"""313010 IGARAPE"";296;-;-;-;-;296"
"""313030 IGUATAMA"";-;56;-;-;-;56"
"""313120 IPANEMA"";59;94;-;-;-;153"
"""313170 ITABIRA"";207;699;-;-;-;906"
"""313180 ITABIRINHA"";111;40;-;-;-;151"
"""313190 ITABIRITO"";23;117;-;-;-;140"
"""313220 ITAGUARA"";12;61;-;-;-;73"
"""313230 ITAIPE"";-;36;-;-;-;36"
"""313240 ITAJUBA"";131;1112;-;-;-;1243"
"""313250 ITAMARANDIBA"";82;217;-;-;-;299"
"""313310 ITANHANDU"";214;117;-;-;-;331"
"""313320 ITANHOMI"";40;53;-;-;-;93"
"""313330 ITAOBIM"";50;171;-;-;-;221"
"""313350 ITAPECERICA"";81;71;-;-;-;152"
"""313375 ITAU DE MINAS"";-;7;-;-;-;7"
"""313380 ITAUNA"";135;350;-;-;-;485"
"""313420 ITUIUTABA"";75;426;-;-;-;501"
"""313440 ITURAMA"";25;116;-;-;-;141"
"""313460 JABOTICATUBAS"";-;36;-;-;-;36"
"""313470 JACINTO"";56;89;-;-;-;145"
"""313505 JAIBA"";-;73;-;-;21;94"
"""313510 JANAUBA"";123;825;-;-;-;948"
"""313520 JANUARIA"";119;253;-;-;-;372"
"""313540 JECEABA"";-;11;-;-;-;11"
"""313580 JEQUITINHONHA"";5;113;-;-;-;118"
"""313600 JOAIMA"";-;45;-;-;-;45"
"""313620 JOAO MONLEVADE"";114;460;-;-;-;574"
"""313630 JOAO PINHEIRO"";48;167;-;-;-;215"
"""313650 JORDANIA"";-;20;-;-;-;20"
"""313670 JUIZ DE FORA"";1469;3074;-;-;-;4543"
"""313690 JURUAIA"";-;25;-;-;-;25"
"""313700 LADAINHA"";-;35;-;-;-;35"
"""313710 LAGAMAR"";-;12;-;-;-;12"
"""313720 LAGOA DA PRATA"";278;183;-;-;-;461"
"""313750 LAGOA FORMOSA"";-;57;-;-;-;57"
"""313760 LAGOA SANTA"";174;272;-;-;-;446"
"""313780 LAMBARI"";10;39;-;-;-;49"
"""313820 LAVRAS"";157;537;-;-;-;694"
"""313840 LEOPOLDINA"";25;282;-;-;-;307"
"""313880 LUZ"";50;263;-;-;-;313"
"""313900 MACHADO"";150;158;-;-;-;308"
"""313920 MALACACHETA"";26;239;-;-;-;265"
"""313930 MANGA"";88;149;-;-;-;237"
"""313940 MANHUACU"";108;912;-;-;-;1020"
"""313950 MANHUMIRIM"";34;175;-;-;-;209"
"""313980 MAR DE ESPANHA"";5;21;-;-;-;26"
"""313990 MARIA DA FE"";-;16;-;-;-;16"
"""314000 MARIANA"";101;190;-;-;-;291"
"""314070 MATEUS LEME"";26;37;-;-;-;63"
"""314090 MATIPO"";11;36;-;-;-;47"
"""314140 MEDINA"";37;160;-;-;-;197"
"""314160 MERCES"";-;39;-;-;-;39"
"""314180 MINAS NOVAS"";45;297;-;-;-;342"
"""314200 MIRABELA"";20;94;-;-;-;114"
"""314220 MIRAI"";62;-;-;-;-;62"
"""314240 MOEMA"";-;23;-;-;-;23"
"""314260 MONSENHOR PAULO"";4;34;-;-;-;38"
"""314270 MONTALVANIA"";12;82;-;-;-;94"
"""314280 MONTE ALEGRE DE MINAS"";28;54;-;-;-;82"
"""314290 MONTE AZUL"";32;194;-;-;-;226"
"""314300 MONTE BELO"";5;37;-;-;-;42"
"""314310 MONTE CARMELO"";85;352;-;-;-;437"
"""314320 MONTE SANTO DE MINAS"";56;64;-;-;-;120"
"""314330 MONTES CLAROS"";1271;3351;-;-;-;4622"
"""314350 MORADA NOVA DE MINAS"";-;45;-;-;-;45"
"""314390 MURIAE"";545;1593;-;-;-;2138"
"""314400 MUTUM"";19;84;-;-;-;103"
"""314410 MUZAMBINHO"";16;75;-;-;-;91"
"""314430 NANUQUE"";21;174;-;-;-;195"
"""314450 NAZARENO"";-;7;-;-;-;7"
"""314460 NEPOMUCENO"";-;98;-;-;-;98"
"""314470 NOVA ERA"";-;45;-;-;-;45"
"""314510 NOVA RESENDE"";-;28;-;-;-;28"
"""314520 NOVA SERRANA"";106;406;-;-;-;512"
"""314530 NOVO CRUZEIRO"";-;133;-;-;-;133"
"""314560 OLIVEIRA"";136;511;-;-;-;647"
"""314590 OURO BRANCO"";20;100;-;-;-;120"
"""314610 OURO PRETO"";60;376;-;-;-;436"
"""314630 PADRE PARAISO"";29;149;-;-;-;178"
"""314650 PAINS"";-;18;-;-;-;18"
"""314670 PALMA"";-;4;-;-;-;4"
"""314700 PARACATU"";39;493;-;-;-;532"
"""314710 PARA DE MINAS"";195;449;-;-;-;644"
"""314720 PARAGUACU"";14;48;-;-;-;62"
"""314730 PARAISOPOLIS"";5;63;-;-;-;68"
"""314750 PASSABEM"";-;1;-;-;-;1"
"""314760 PASSA QUATRO"";6;81;-;-;-;87"
"""314770 PASSA TEMPO"";-;26;-;-;-;26"
"""314790 PASSOS"";361;1224;-;-;-;1585"
"""314800 PATOS DE MINAS"";409;1392;-;-;-;1801"
"""314810 PATROCINIO"";152;527;-;-;-;679"
"""314860 PECANHA"";147;150;-;-;-;297"
"""314870 PEDRA AZUL"";58;169;-;-;-;227"
"""314980 PERDIZES"";8;65;-;-;-;73"
"""314990 PERDOES"";29;56;-;-;-;85"
"""315030 PIEDADE DO RIO GRANDE"";-;8;-;-;-;8"
"""315050 PIMENTA"";-;25;-;-;-;25"
"""315080 PIRANGA"";1;34;-;-;-;35"
"""315110 PIRAPETINGA"";7;41;-;-;-;48"
"""315120 PIRAPORA"";100;514;-;-;-;614"
"""315150 PIUMHI"";92;440;-;-;-;532"
"""315170 POCO FUNDO"";244;57;-;-;-;301"
"""315180 POCOS DE CALDAS"";386;825;-;-;-;1211"
"""315190 POCRANE"";-;18;-;-;-;18"
"""315200 POMPEU"";24;77;-;-;-;101"
"""315210 PONTE NOVA"";79;837;-;-;-;916"
"""315220 PORTEIRINHA"";53;185;-;-;-;238"
"""315240 POTE"";-;42;-;-;-;42"
"""315250 POUSO ALEGRE"";368;1476;-;2;-;1846"
"""315260 POUSO ALTO"";6;24;-;-;-;30"
"""315270 PRADOS"";-;21;-;-;-;21"
"""315280 PRATA"";23;6;-;-;-;29"
"""315290 PRATAPOLIS"";-;5;-;-;-;5"
"""315310 PRESIDENTE BERNARDES"";-;11;-;-;-;11"
"""315340 PRESIDENTE OLEGARIO"";12;1;-;-;-;13"
"""315400 RAUL SOARES"";239;132;-;-;-;371"
"""315410 RECREIO"";23;32;-;-;-;55"
"""315420 RESENDE COSTA"";10;102;-;-;-;112"
"""315430 RESPLENDOR"";18;271;-;-;-;289"
"""315460 RIBEIRAO DAS NEVES"";29;280;-;-;-;309"
"""315490 RIO CASCA"";-;19;-;-;-;19"
"""315560 RIO PARDO DE MINAS"";12;97;-;-;-;109"
"""315570 RIO PIRACICABA"";-;19;-;-;-;19"
"""315580 RIO POMBA"";25;157;-;-;-;182"
"""315590 RIO PRETO"";-;14;-;-;-;14"
"""315660 RUBIM"";4;33;-;-;-;37"
"""315670 SABARA"";1;112;-;-;-;113"
"""315680 SABINOPOLIS"";3;78;-;-;-;81"
"""315690 SACRAMENTO"";48;56;-;-;-;104"
"""315700 SALINAS"";61;416;-;-;-;477"
"""315720 SANTA BARBARA"";11;94;-;-;-;105"
"""315780 SANTA LUZIA"";138;325;-;-;-;463"
"""315800 SANTA MARIA DE ITABIRA"";-;12;-;-;-;12"
"""315930 SANTA RITA DE JACUTINGA"";-;15;-;-;-;15"
"""315960 SANTA RITA DO SAPUCAI"";104;214;-;-;-;318"
"""315990 SANTO ANTONIO DO AMPARO"";137;165;-;-;-;302"
"""316040 SANTO ANTONIO DO MONTE"";159;201;-;-;-;360"
"""316070 SANTOS DUMONT"";51;167;-;-;-;218"
"""316200 SAO GONCALO DO SAPUCAI"";-;93;-;-;-;93"
"""316210 SAO GOTARDO"";48;112;-;-;-;160"
"""316220 SAO JOAO BATISTA DO GLORIA"";-;9;-;-;-;9"
"""316240 SAO JOAO DA PONTE"";41;105;-;-;-;146"
"""316250 SAO JOAO DEL REI"";124;635;-;-;-;759"
"""316270 SAO JOAO DO PARAISO"";9;124;-;-;-;133"
"""316280 SAO JOAO EVANGELISTA"";36;161;-;-;-;197"
"""316290 SAO JOAO NEPOMUCENO"";37;77;-;-;-;114"
"""316370 SAO LOURENCO"";420;452;-;-;-;872"
"""316390 SAO PEDRO DA UNIAO"";-;10;-;-;-;10"
"""316470 SAO SEBASTIAO DO PARAISO"";66;772;-;-;-;838"
"""316570 SENADOR FIRMINO"";-;16;-;-;-;16"
"""316680 SERRA DO SALITRE"";50;21;-;-;-;71"
"""316690 SERRANIA"";-;17;-;-;-;17"
"""316710 SERRO"";55;170;-;-;-;225"
"""316720 SETE LAGOAS"";326;1334;-;-;-;1660"
"""316800 TAIOBEIRAS"";136;755;-;-;-;891"
"""316860 TEOFILO OTONI"";569;1182;-;-;-;1751"
"""316870 TIMOTEO"";112;250;-;-;-;362"
"""316890 TIROS"";-;18;-;-;-;18"
"""316920 TOMBOS"";-;34;-;-;-;34"
"""316930 TRES CORACOES"";74;408;-;-;-;482"
"""316940 TRES PONTAS"";104;459;-;-;-;563"
"""316990 UBA"";150;779;-;42;106;1077"
"""317010 UBERABA"";611;2325;-;-;-;2936"
"""317020 UBERLANDIA"";960;4074;-;-;-;5034"
"""317040 UNAI"";335;425;-;-;-;760"
"""317052 URUCUIA"";5;58;-;-;-;63"
"""317070 VARGINHA"";449;747;-;-;-;1196"
"""317080 VARZEA DA PALMA"";39;101;-;-;-;140"
"""317090 VARZELANDIA"";-;44;-;-;-;44"
"""317120 VESPASIANO"";144;62;-;-;-;206"
"""317130 VICOSA"";84;352;-;-;-;436"
"""317170 VIRGINIA"";-;26;-;-;-;26"
"""317200 VISCONDE DO RIO BRANCO"";42;250;-;-;-;292"
"""320020 ALEGRE"";38;20;-;-;-;58"
"""320050 APIACA"";1;57;-;-;-;58"
"""320080 BAIXO GUANDU"";45;111;-;-;-;156"
"""320100 BOA ESPERANCA"";2;25;-;-;-;27"
"""320120 CACHOEIRO DE ITAPEMIRIM"";448;2154;-;87;-;2689"
"""320130 CARIACICA"";34;536;-;-;-;570"
"""320150 COLATINA"";383;1899;-;-;-;2282"
"""320190 DOMINGOS MARTINS"";3;182;-;-;-;185"
"""320230 GUACUI"";67;213;-;-;-;280"
"""320240 GUARAPARI"";-;538;-;-;-;538"
"""320280 ITAPEMIRIM"";94;257;-;-;-;351"
"""320290 ITARANA"";-;6;-;-;-;6"
"""320300 IUNA"";33;62;-;-;-;95"
"""320310 JERONIMO MONTEIRO"";93;101;-;-;-;194"
"""320316 LARANJA DA TERRA"";-;24;-;-;-;24"
"""320320 LINHARES"";193;956;-;-;-;1149"
"""320360 MUCURICI"";-;13;-;-;-;13"
"""320400 PANCAS"";1;10;-;-;-;11"
"""320410 PINHEIROS"";-;37;-;-;-;37"
"""320450 SANTA LEOPOLDINA"";19;18;-;-;-;37"
"""320455 SANTA MARIA DE JETIBA"";35;139;-;-;-;174"
"""320470 SAO GABRIEL DA PALHA"";-;18;-;-;-;18"
"""320490 SAO MATEUS"";72;1085;-;51;127;1335"
"""320500 SERRA"";911;2280;-;-;-;3191"
"""320506 VENDA NOVA DO IMIGRANTE"";3;275;-;-;-;278"
"""320520 VILA VELHA"";766;2484;-;-;-;3250"
"""320530 VITORIA"";1730;3932;-;-;-;5662"
"""330010 ANGRA DOS REIS"";118;764;-;-;-;882"
"""330020 ARARUAMA"";-;260;-;-;-;260"
"""330022 AREAL"";-;25;-;-;-;25"
"""330023 ARMACAO DOS BUZIOS"";38;162;-;-;-;200"
"""330025 ARRAIAL DO CABO"";160;90;-;-;-;250"
"""330030 BARRA DO PIRAI"";146;324;-;-;-;470"
"""330040 BARRA MANSA"";597;608;-;-;-;1205"
"""330045 BELFORD ROXO"";46;1012;-;-;-;1058"
"""330060 BOM JESUS DO ITABAPOANA"";156;433;-;-;-;589"
"""330070 CABO FRIO"";211;721;-;-;-;932"
"""330080 CACHOEIRAS DE MACACU"";51;256;-;-;-;307"
"""330100 CAMPOS DOS GOYTACAZES"";1019;2287;-;55;-;3361"
"""330120 CARMO"";11;76;-;-;-;87"
"""330130 CASIMIRO DE ABREU"";78;222;-;-;-;300"
"""330140 CONCEICAO DE MACABU"";-;27;-;-;-;27"
"""330170 DUQUE DE CAXIAS"";692;3276;-;-;-;3968"
"""330180 ENGENHEIRO PAULO DE FRONTIN"";-;34;-;-;-;34"
"""330185 GUAPIMIRIM"";-;227;-;-;-;227"
"""330190 ITABORAI"";448;441;-;-;-;889"
"""330220 ITAPERUNA"";357;753;-;-;-;1110"
"""330225 ITATIAIA"";69;125;-;-;-;194"
"""330227 JAPERI"";-;59;-;-;-;59"
"""330230 LAJE DO MURIAE"";4;9;-;-;-;13"
"""330240 MACAE"";324;1014;-;-;-;1338"
"""330250 MAGE"";53;412;-;-;-;465"
"""330270 MARICA"";219;663;-;-;-;882"
"""330280 MENDES"";-;63;-;-;-;63"
"""330285 MESQUITA"";78;966;-;-;-;1044"
"""330290 MIGUEL PEREIRA"";46;237;-;-;-;283"
"""330320 NILOPOLIS"";368;-;-;-;-;368"
"""330330 NITEROI"";910;1914;-;-;-;2824"
"""330340 NOVA FRIBURGO"";168;719;-;1;-;888"
"""330350 NOVA IGUACU"";266;1871;-;-;-;2137"
"""330360 PARACAMBI"";-;103;-;-;-;103"
"""330370 PARAIBA DO SUL"";300;184;-;-;-;484"
"""330380 PARATY"";31;115;-;-;-;146"
"""330395 PINHEIRAL"";14;91;-;-;-;105"
"""330400 PIRAI"";47;128;-;-;-;175"
"""330414 QUEIMADOS"";12;420;-;-;-;432"
"""330415 QUISSAMA"";13;157;-;-;-;170"
"""330420 RESENDE"";221;528;-;-;-;749"
"""330430 RIO BONITO"";78;450;-;-;-;528"
"""330440 RIO CLARO"";6;46;-;-;-;52"
"""330450 RIO DAS FLORES"";-;23;-;-;-;23"
"""330452 RIO DAS OSTRAS"";138;392;-;-;-;530"
"""330455 RIO DE JANEIRO"";13689;14161;-;-;-;27850"
"""330480 SAO FIDELIS"";46;180;-;-;-;226"
"""330490 SAO GONCALO"";510;2568;-;-;-;3078"
"""330500 SAO JOAO DA BARRA"";68;257;-;-;-;325"
"""330510 SAO JOAO DE MERITI"";174;1095;-;-;-;1269"
"""330530 SAO SEBASTIAO DO ALTO"";-;47;-;-;-;47"
"""330540 SAPUCAIA"";-;34;-;-;-;34"
"""330550 SAQUAREMA"";406;484;-;-;-;890"
"""330555 SEROPEDICA"";-;28;-;-;-;28"
"""330575 TANGUA"";-;33;-;-;-;33"
"""330580 TERESOPOLIS"";81;624;-;-;-;705"
"""330600 TRES RIOS"";54;412;-;-;-;466"
"""330610 VALENCA"";247;635;-;-;-;882"
"""330615 VARRE-SAI"";9;28;-;-;-;37"
"""330620 VASSOURAS"";124;376;-;-;-;500"
"""330630 VOLTA REDONDA"";981;1084;-;-;12;2077"
"""350010 ADAMANTINA"";188;266;-;-;-;454"
"""350050 AGUAS DE LINDOIA"";-;106;-;-;-;106"
"""350070 AGUDOS"";25;50;-;-;-;75"
"""350110 ALTO ALEGRE"";4;1;-;-;-;5"
"""350130 ALVARES MACHADO"";-;75;-;-;-;75"
"""350160 AMERICANA"";160;586;-;-;-;746"
"""350170 AMERICO BRASILIENSE"";540;30;-;-;-;570"
"""350190 AMPARO"";78;334;-;-;-;412"
"""350210 ANDRADINA"";32;258;-;-;-;290"
"""350220 ANGATUBA"";5;160;-;-;-;165"
"""350250 APARECIDA"";238;170;-;-;-;408"
"""350270 APIAI"";76;203;-;-;-;279"
"""350280 ARACATUBA"";190;1112;-;-;-;1302"
"""350310 ARANDU"";-;10;-;-;-;10"
"""350320 ARARAQUARA"";543;1217;-;32;2;1794"
"""350330 ARARAS"";150;495;-;-;-;645"
"""350340 AREALVA"";-;16;-;-;-;16"
"""350400 ASSIS"";212;591;-;8;32;843"
"""350410 ATIBAIA"";92;256;-;-;-;348"
"""350420 AURIFLAMA"";157;48;-;-;-;205"
"""350450 AVARE"";110;395;-;7;135;647"
"""350520 BARIRI"";34;144;-;-;-;178"
"""350530 BARRA BONITA"";11;93;-;-;-;104"
"""350550 BARRETOS"";1888;858;-;-;-;2746"
"""350570 BARUERI"";937;1975;-;-;-;2912"
"""350580 BASTOS"";-;95;-;-;-;95"
"""350590 BATATAIS"";13;251;-;-;-;264"
"""350600 BAURU"";1022;2568;-;-;-;3590"
"""350610 BEBEDOURO"";278;379;-;-;-;657"
"""350630 BERNARDINO DE CAMPOS"";-;41;-;-;-;41"
"""350640 BILAC"";-;15;-;-;-;15"
"""350650 BIRIGUI"";28;311;-;-;-;339"
"""350670 BOA ESPERANCA DO SUL"";-;9;-;-;-;9"
"""350680 BOCAINA"";-;14;-;-;-;14"
"""350700 BOITUVA"";42;124;-;-;-;166"
"""350710 BOM JESUS DOS PERDOES"";-;22;-;-;-;22"
"""350740 BORBOREMA"";5;61;-;-;-;66"
"""350750 BOTUCATU"";310;2198;-;-;-;2508"
"""350760 BRAGANCA PAULISTA"";339;1209;-;-;-;1548"
"""350790 BROTAS"";4;44;-;-;10;58"
"""350810 BURITAMA"";32;59;-;-;-;91"
"""350840 CABREUVA"";-;79;-;-;-;79"
"""350850 CACAPAVA"";12;289;-;-;-;301"
"""350870 CACONDE"";13;58;-;-;-;71"
"""350900 CAIEIRAS"";-;320;-;-;-;320"
"""350920 CAJAMAR"";27;278;-;-;-;305"
"""350930 CAJOBI"";2;46;-;-;-;48"
"""350940 CAJURU"";34;217;-;-;-;251"
"""350950 CAMPINAS"";2065;4078;-;-;-;6143"
"""350960 CAMPO LIMPO PAULISTA"";-;346;-;-;-;346"
"""350970 CAMPOS DO JORDAO"";82;133;-;-;-;215"
"""351000 CANDIDO MOTA"";117;106;-;-;-;223"
"""351040 CAPIVARI"";40;161;-;-;-;201"
"""351050 CARAGUATATUBA"";895;1042;-;-;-;1937"
"""351060 CARAPICUIBA"";442;855;-;-;-;1297"
"""351070 CARDOSO"";-;25;-;-;-;25"
"""351080 CASA BRANCA"";58;84;-;-;-;142"
"""351100 CASTILHO"";31;42;-;-;-;73"
"""351110 CATANDUVA"";360;1348;-;-;46;1754"
"""351140 CERQUEIRA CESAR"";38;94;-;-;-;132"
"""351150 CERQUILHO"";2;59;-;-;-;61"
"""351160 CESARIO LANGE"";18;23;-;-;-;41"
"""351170 CHARQUEADA"";-;30;-;-;-;30"
"""351190 CLEMENTINA"";-;16;-;-;-;16"
"""351200 COLINA"";10;72;-;-;-;82"
"""351220 CONCHAL"";100;116;-;-;-;216"
"""351230 CONCHAS"";-;16;-;-;-;16"
"""351280 COSMOPOLIS"";27;125;-;-;-;152"
"""351300 COTIA"";262;702;-;19;74;1057"
"""351340 CRUZEIRO"";65;444;-;-;-;509"
"""351350 CUBATAO"";112;396;-;-;-;508"
"""351360 CUNHA"";31;77;-;-;-;108"
"""351370 DESCALVADO"";27;89;-;-;-;116"
"""351380 DIADEMA"";444;1479;-;-;-;1923"
"""351390 DIVINOLANDIA"";333;31;-;-;-;364"
"""351410 DOIS CORREGOS"";-;100;-;-;-;100"
"""351440 DRACENA"";6;285;-;-;-;291"
"""351450 DUARTINA"";16;89;-;-;-;105"
"""351500 EMBU DAS ARTES"";9;159;-;-;-;168"
"""351510 EMBU-GUACU"";-;93;-;-;-;93"
"""351518 ESPIRITO SANTO DO PINHAL"";206;205;-;-;-;411"
"""351520 ESTRELA D'OESTE"";-;45;-;-;-;45"
"""351540 FARTURA"";6;67;-;-;-;73"
"""351550 FERNANDOPOLIS"";94;589;-;-;-;683"
"""351570 FERRAZ DE VASCONCELOS"";74;303;-;-;-;377"
"""351600 FLORIDA PAULISTA"";-;95;-;-;-;95"
"""351620 FRANCA"";463;1549;-;4;-;2016"
"""351630 FRANCISCO MORATO"";247;845;-;-;-;1092"
"""351640 FRANCO DA ROCHA"";218;472;-;-;-;690"
"""351660 GALIA"";-;16;-;-;-;16"
"""351670 GARCA"";108;136;-;-;-;244"
"""351690 GENERAL SALGADO"";-;42;-;-;-;42"
"""351700 GETULINA"";-;30;-;-;-;30"
"""351740 GUAIRA"";55;160;-;-;-;215"
"""351760 GUAPIARA"";5;22;-;-;-;27"
"""351770 GUARA"";1;50;-;-;-;51"
"""351780 GUARACAI"";-;27;-;-;-;27"
"""351820 GUARARAPES"";41;94;-;-;-;135"
"""351830 GUARAREMA"";21;102;-;-;-;123"
"""351840 GUARATINGUETA"";228;471;-;-;14;713"
"""351860 GUARIBA"";24;100;-;-;-;124"
"""351870 GUARUJA"";195;919;-;-;-;1114"
"""351880 GUARULHOS"";1043;3569;-;91;149;4852"
"""351900 HERCULANDIA"";12;63;-;-;-;75"
"""351907 HORTOLANDIA"";-;528;-;-;-;528"
"""351910 IACANGA"";55;-;-;-;-;55"
"""351930 IBATE"";14;56;-;-;-;70"
"""351940 IBIRA"";-;36;-;-;-;36"
"""351960 IBITINGA"";85;329;-;-;-;414"
"""351970 IBIUNA"";67;283;-;-;-;350"
"""351990 IEPE"";-;53;-;-;-;53"
"""352010 IGARAPAVA"";11;74;-;-;-;85"
"""352044 ILHA SOLTEIRA"";67;130;-;-;-;197"
"""352050 INDAIATUBA"";645;1221;-;-;-;1866"
"""352070 INDIAPORA"";-;27;-;-;-;27"
"""352090 IPAUSSU"";9;47;-;-;-;56"
"""352130 IPUA"";56;31;-;-;-;87"
"""352180 ITAI"";16;57;-;-;-;73"
"""352190 ITAJOBI"";34;10;-;-;-;44"
"""352210 ITANHAEM"";292;691;-;-;-;983"
"""352220 ITAPECERICA DA SERRA"";435;746;-;36;90;1307"
"""352230 ITAPETININGA"";112;743;-;-;-;855"
"""352240 ITAPEVA"";75;532;-;-;-;607"
"""352250 ITAPEVI"";434;820;-;-;-;1254"
"""352260 ITAPIRA"";227;345;1;-;-;573"
"""352270 ITAPOLIS"";30;222;-;-;-;252"
"""352280 ITAPORANGA"";12;74;-;-;-;86"
"""352310 ITAQUAQUECETUBA"";213;967;-;-;-;1180"
"""352320 ITARARE"";83;306;-;-;-;389"
"""352340 ITATIBA"";134;572;-;-;-;706"
"""352360 ITIRAPINA"";-;3;-;-;-;3"
"""352390 ITU"";136;516;-;-;-;652"
"""352410 ITUVERAVA"";20;235;-;-;-;255"
"""352420 JABORANDI"";-;4;-;-;-;4"
"""352430 JABOTICABAL"";35;162;-;-;-;197"
"""352440 JACAREI"";320;836;-;-;-;1156"
"""352450 JACI"";22;25;-;-;-;47"
"""352470 JAGUARIUNA"";153;214;-;-;-;367"
"""352480 JALES"";195;520;-;-;-;715"
"""352530 JAU"";801;467;-;-;-;1268"
"""352550 JOANOPOLIS"";-;29;-;-;-;29"
"""352570 JOSE BONIFACIO"";64;135;-;-;-;199"
"""352590 JUNDIAI"";2014;2107;-;-;-;4121"
"""352600 JUNQUEIROPOLIS"";5;80;-;-;-;85"
"""352640 LARANJAL PAULISTA"";10;127;-;-;-;137"
"""352670 LEME"";117;324;-;-;-;441"
"""352680 LENCOIS PAULISTA"";74;210;-;-;-;284"
"""352690 LIMEIRA"";365;897;-;-;-;1262"
"""352710 LINS"";183;455;-;-;-;638"
"""352720 LORENA"";-;349;-;-;-;349"
"""352730 LOUVEIRA"";101;116;-;-;-;217"
"""352740 LUCELIA"";-;52;-;-;-;52"
"""352800 MACATUBA"";3;46;-;-;-;49"
"""352810 MACAUBAL"";-;4;-;-;-;4"
"""352850 MAIRIPORA"";-;221;-;-;-;221"
"""352880 MARACAI"";35;30;-;-;-;65"
"""352900 MARILIA"";739;1637;-;15;57;2448"
"""352920 MARTINOPOLIS"";30;194;-;-;-;224"
"""352930 MATAO"";104;426;-;-;-;530"
"""352940 MAUA"";145;1068;-;-;-;1213"
"""352970 MIGUELOPOLIS"";7;37;-;-;-;44"
"""353010 MIRANDOPOLIS"";28;305;-;-;-;333"
"""353050 MOCOCA"";43;353;-;-;-;396"
"""353060 MOGI DAS CRUZES"";864;2388;-;99;8;3359"
"""353070 MOGI GUACU"";188;449;-;21;67;725"
"""353080 MOGI MIRIM"";169;241;1;8;-;419"
"""353110 MONGAGUA"";-;73;-;-;-;73"
"""353130 MONTE ALTO"";48;162;-;-;-;210"
"""353140 MONTE APRAZIVEL"";96;159;-;-;-;255"
"""353150 MONTE AZUL PAULISTA"";47;100;-;-;-;147"
"""353180 MONTE MOR"";-;74;-;-;-;74"
"""353190 MORRO AGUDO"";63;109;-;-;-;172"
"""353200 MORUNGABA"";-;16;-;-;-;16"
"""353260 NHANDEARA"";122;94;-;-;-;216"
"""353290 NOVA EUROPA"";3;26;-;-;-;29"
"""353300 NOVA GRANADA"";9;143;-;-;-;152"
"""353350 NOVO HORIZONTE"";53;146;-;-;-;199"
"""353390 OLIMPIA"";19;266;-;-;24;309"
"""353430 ORLANDIA"";36;213;-;-;-;249"
"""353440 OSASCO"";377;2011;-;-;-;2388"
"""353460 OSVALDO CRUZ"";10;208;-;-;-;218"
"""353470 OURINHOS"";173;702;-;-;-;875"
"""353520 PALMEIRA D'OESTE"";-;49;-;-;-;49"
"""353530 PALMITAL"";57;137;-;-;-;194"
"""353550 PARAGUACU PAULISTA"";290;315;-;-;-;605"
"""353580 PARANAPANEMA"";78;-;-;-;-;78"
"""353620 PARIQUERA-ACU"";186;684;-;-;-;870"
"""353630 PATROCINIO PAULISTA"";11;52;-;-;-;63"
"""353670 PEDERNEIRAS"";50;131;-;-;-;181"
"""353700 PEDREGULHO"";10;82;-;-;-;92"
"""353710 PEDREIRA"";31;68;-;-;-;99"
"""353730 PENAPOLIS"";132;377;-;-;-;509"
"""353740 PEREIRA BARRETO"";27;46;-;-;-;73"
"""353780 PIEDADE"";-;275;-;-;-;275"
"""353790 PILAR DO SUL"";-;68;-;-;-;68"
"""353800 PINDAMONHANGABA"";143;751;-;-;-;894"
"""353860 PIRACAIA"";-;44;-;-;-;44"
"""353870 PIRACICABA"";1468;1429;-;-;1;2898"
"""353880 PIRAJU"";3;146;-;-;-;149"
"""353890 PIRAJUI"";52;54;-;-;-;106"
"""353900 PIRANGI"";124;27;-;-;-;151"
"""353930 PIRASSUNUNGA"";5;217;-;-;-;222"
"""353940 PIRATININGA"";2;27;-;-;-;29"
"""353950 PITANGUEIRAS"";25;83;-;-;-;108"
"""354000 POMPEIA"";28;42;-;-;-;70"
"""354020 PONTAL"";27;60;-;-;-;87"
"""354040 POPULINA"";-;19;-;-;-;19"
"""354060 PORTO FELIZ"";143;199;-;-;-;342"
"""354070 PORTO FERREIRA"";28;151;-;-;-;179"
"""354080 POTIRENDABA"";6;54;-;-;-;60"
"""354100 PRAIA GRANDE"";91;806;-;-;-;897"
"""354120 PRESIDENTE BERNARDES"";6;93;-;-;-;99"
"""354130 PRESIDENTE EPITACIO"";25;218;-;3;-;246"
"""354140 PRESIDENTE PRUDENTE"";1265;2370;-;-;-;3635"
"""354150 PRESIDENTE VENCESLAU"";21;147;-;-;-;168"
"""354160 PROMISSAO"";210;112;-;-;-;322"
"""354220 RANCHARIA"";151;220;-;-;-;371"
"""354240 REGENTE FEIJO"";-;101;-;-;-;101"
"""354260 REGISTRO"";186;369;-;-;-;555"
"""354290 RIBEIRAO BONITO"";19;9;-;-;-;28"
"""354300 RIBEIRAO BRANCO"";-;22;-;-;-;22"
"""354330 RIBEIRAO PIRES"";21;144;-;-;-;165"
"""354340 RIBEIRAO PRETO"";2735;4685;-;7;21;7448"
"""354380 RINOPOLIS"";-;24;-;-;-;24"
"""354390 RIO CLARO"";187;715;-;-;-;902"
"""354400 RIO DAS PEDRAS"";42;70;-;-;-;112"
"""354420 RIOLANDIA"";15;-;-;-;-;15"
"""354425 ROSANA"";62;166;-;-;-;228"
"""354490 SALES OLIVEIRA"";-;17;-;-;-;17"
"""354500 SALESOPOLIS"";-;35;-;-;-;35"
"""354520 SALTO"";244;321;-;-;-;565"
"""354530 SALTO DE PIRAPORA"";36;102;-;-;-;138"
"""354540 SALTO GRANDE"";-;47;-;-;-;47"
"""354560 SANTA ADELIA"";56;28;-;-;-;84"
"""354580 SANTA BARBARA D'OESTE"";335;378;-;-;-;713"
"""354630 SANTA CRUZ DAS PALMEIRAS"";47;70;-;-;-;117"
"""354640 SANTA CRUZ DO RIO PARDO"";50;233;-;-;-;283"
"""354660 SANTA FE DO SUL"";59;242;-;-;-;301"
"""354680 SANTA ISABEL"";15;153;-;-;-;168"
"""354730 SANTANA DE PARNAIBA"";18;380;-;-;-;398"
"""354750 SANTA RITA DO PASSA QUATRO"";36;108;-;-;-;144"
"""354760 SANTA ROSA DE VITERBO"";-;85;-;-;-;85"
"""354770 SANTO ANASTACIO"";-;184;-;-;-;184"
"""354780 SANTO ANDRE"";1583;1816;-;5;-;3404"
"""354850 SANTOS"";964;1695;-;-;-;2659"
"""354860 SAO BENTO DO SAPUCAI"";1;43;-;-;-;44"
"""354870 SAO BERNARDO DO CAMPO"";698;2688;-;-;-;3386"
"""354880 SAO CAETANO DO SUL"";155;895;-;-;-;1050"
"""354890 SAO CARLOS"";355;1467;-;-;-;1822"
"""354910 SAO JOAO DA BOA VISTA"";148;405;-;13;21;587"
"""354940 SAO JOAQUIM DA BARRA"";48;260;-;-;-;308"
"""354970 SAO JOSE DO RIO PARDO"";20;310;-;-;-;330"
"""354980 SAO JOSE DO RIO PRETO"";2528;4651;-;107;409;7695"
"""354990 SAO JOSE DOS CAMPOS"";1717;3346;-;-;-;5063"
"""355000 SAO LUIS DO PARAITINGA"";-;18;-;-;-;18"
"""355010 SAO MANUEL"";-;86;-;-;-;86"
"""355020 SAO MIGUEL ARCANJO"";61;40;-;-;-;101"
"""355030 SAO PAULO"";20868;37615;-;153;578;59214"
"""355040 SAO PEDRO"";200;147;-;-;-;347"
"""355060 SAO ROQUE"";84;358;-;-;-;442"
"""355070 SAO SEBASTIAO"";3;492;-;-;-;495"
"""355080 SAO SEBASTIAO DA GRAMA"";9;33;-;-;-;42"
"""355090 SAO SIMAO"";-;25;-;-;-;25"
"""355100 SAO VICENTE"";163;429;-;-;-;592"
"""355150 SERRANA"";140;126;-;-;-;266"
"""355160 SERRA NEGRA"";66;118;-;-;-;184"
"""355170 SERTAOZINHO"";110;454;-;-;-;564"
"""355210 SOCORRO"";45;293;-;-;-;338"
"""355220 SOROCABA"";1347;3580;-;81;-;5008"
"""355230 SUD MENNUCCI"";20;-;-;-;-;20"
"""355240 SUMARE"";354;484;-;39;128;1005"
"""355250 SUZANO"";96;667;-;-;-;763"
"""355260 TABAPUA"";37;51;-;-;-;88"
"""355270 TABATINGA"";10;42;-;-;-;52"
"""355280 TABOAO DA SERRA"";351;1198;-;-;-;1549"
"""355300 TAGUAI"";2;36;-;-;-;38"
"""355330 TAMBAU"";17;56;-;-;-;73"
"""355340 TANABI"";-;98;-;-;-;98"
"""355360 TAPIRATIBA"";9;20;-;-;-;29"
"""355370 TAQUARITINGA"";55;287;-;-;-;342"
"""355380 TAQUARITUBA"";25;113;-;-;-;138"
"""355400 TATUI"";76;351;-;-;-;427"
"""355410 TAUBATE"";703;1337;-;-;-;2040"
"""355430 TEODORO SAMPAIO"";-;82;-;-;-;82"
"""355450 TIETE"";5;170;-;-;-;175"
"""355500 TUPA"";149;445;-;-;-;594"
"""355510 TUPI PAULISTA"";121;7;-;-;-;128"
"""355540 UBATUBA"";5;471;-;-;-;476"
"""355580 URANIA"";-;44;-;-;-;44"
"""355600 URUPES"";44;65;-;-;-;109"
"""355620 VALINHOS"";15;361;-;-;-;376"
"""355630 VALPARAISO"";9;53;-;-;-;62"
"""355640 VARGEM GRANDE DO SUL"";7;131;-;-;-;138"
"""355650 VARZEA PAULISTA"";-;59;-;-;-;59"
"""355670 VINHEDO"";119;315;-;-;-;434"
"""355680 VIRADOURO"";-;33;-;-;-;33"
"""355700 VOTORANTIM"";94;191;-;-;-;285"
"""355710 VOTUPORANGA"";154;941;-;-;-;1095"
"""355720 CHAVANTES"";3;83;-;-;-;86"
"""410050 ALTONIA"";23;18;-;-;-;41"
"""410060 ALTO PARANA"";-;62;-;-;-;62"
"""410080 ALVORADA DO SUL"";-;10;-;-;-;10"
"""410090 AMAPORA"";-;15;-;-;-;15"
"""410100 AMPERE"";9;152;-;-;-;161"
"""410110 ANDIRA"";-;97;-;-;-;97"
"""410120 ANTONINA"";-;31;-;-;-;31"
"""410140 APUCARANA"";491;10;-;-;-;501"
"""410150 ARAPONGAS"";786;1431;-;19;51;2287"
"""410160 ARAPOTI"";240;130;-;-;-;370"
"""410170 ARARUNA"";34;20;-;-;-;54"
"""410180 ARAUCARIA"";82;461;-;-;-;543"
"""410190 ASSAI"";4;42;-;-;-;46"
"""410200 ASSIS CHATEAUBRIAND"";75;252;-;-;-;327"
"""410210 ASTORGA"";100;176;-;-;-;276"
"""410240 BANDEIRANTES"";70;259;-;-;-;329"
"""410280 BELA VISTA DO PARAISO"";-;7;-;-;-;7"
"""410290 BITURUNA"";-;57;-;-;-;57"
"""410305 BOA VISTA DA APARECIDA"";-;31;-;-;-;31"
"""410310 BOCAIUVA DO SUL"";-;6;-;-;-;6"
"""410345 CAFELANDIA"";-;49;-;-;-;49"
"""410360 CAMBARA"";8;36;-;-;-;44"
"""410370 CAMBE"";90;448;-;-;-;538"
"""410390 CAMPINA DA LAGOA"";-;120;-;-;-;120"
"""410400 CAMPINA GRANDE DO SUL"";1114;2040;-;-;-;3154"
"""410420 CAMPO LARGO"";1770;4129;-;-;-;5899"
"""410430 CAMPO MOURAO"";306;1195;-;-;-;1501"
"""410440 CANDIDO DE ABREU"";2;15;-;-;-;17"
"""410442 CANDOI"";1;91;-;-;-;92"
"""410450 CAPANEMA"";-;94;-;-;-;94"
"""410460 CAPITAO LEONIDAS MARQUES"";-;93;-;-;-;93"
"""410470 CARLOPOLIS"";276;194;-;-;-;470"
"""410480 CASCAVEL"";1386;3969;-;-;-;5355"
"""410490 CASTRO"";195;203;-;-;-;398"
"""410510 CENTENARIO DO SUL"";-;9;-;-;-;9"
"""410520 CERRO AZUL"";-;60;-;-;-;60"
"""410530 CEU AZUL"";160;58;-;-;-;218"
"""410540 CHOPINZINHO"";34;184;-;-;-;218"
"""410550 CIANORTE"";207;483;-;-;-;690"
"""410560 CIDADE GAUCHA"";-;41;-;-;-;41"
"""410570 CLEVELANDIA"";57;14;-;-;-;71"
"""410580 COLOMBO"";70;291;-;-;-;361"
"""410590 COLORADO"";123;321;-;-;-;444"
"""410630 CORBELIA"";130;149;-;-;-;279"
"""410640 CORNELIO PROCOPIO"";366;631;-;-;-;997"
"""410650 CORONEL VIVIDA"";20;100;-;-;-;120"
"""410660 CRUZEIRO DO OESTE"";9;19;-;-;-;28"
"""410680 CRUZ MACHADO"";-;34;-;-;-;34"
"""410690 CURITIBA"";4069;12126;-;-;-;16195"
"""410710 DIAMANTE DO NORTE"";-;4;-;-;-;4"
"""410720 DOIS VIZINHOS"";95;250;-;-;-;345"
"""410750 ENGENHEIRO BELTRAO"";22;104;-;-;-;126"
"""410753 ENTRE RIOS DO OESTE"";-;9;-;-;-;9"
"""410760 FAXINAL"";232;67;-;-;-;299"
"""410765 FAZENDA RIO GRANDE"";600;426;-;-;-;1026"
"""410775 FIGUEIRA"";12;-;-;-;-;12"
"""410790 FLORESTA"";1;15;-;-;-;16"
"""410820 FORMOSA DO OESTE"";5;81;-;-;-;86"
"""410830 FOZ DO IGUACU"";972;1354;-;-;-;2326"
"""410840 FRANCISCO BELTRAO"";344;1729;-;-;-;2073"
"""410860 GOIOERE"";40;236;-;-;-;276"
"""410880 GUAIRA"";20;91;-;-;-;111"
"""410890 GUAIRACA"";-;4;-;-;-;4"
"""410930 GUARANIACU"";90;106;-;-;-;196"
"""410940 GUARAPUAVA"";966;1582;-;-;-;2548"
"""410950 GUARAQUECABA"";-;30;-;-;-;30"
"""410960 GUARATUBA"";38;113;-;-;-;151"
"""410970 IBAITI"";-;29;-;-;-;29"
"""410975 IBEMA"";-;17;-;-;-;17"
"""410980 IBIPORA"";101;456;-;-;-;557"
"""411040 INDIANOPOLIS"";-;18;-;-;-;18"
"""411070 IRATI"";20;465;-;-;-;485"
"""411100 ITAMBARACA"";-;16;-;-;-;16"
"""411125 ITAPERUCU"";-;94;-;-;-;94"
"""411130 ITAUNA DO SUL"";-;11;-;-;-;11"
"""411140 IVAI"";-;25;-;-;-;25"
"""411150 IVAIPORA"";227;569;-;-;-;796"
"""411170 JABOTI"";-;15;-;-;-;15"
"""411180 JACAREZINHO"";244;325;-;-;-;569"
"""411190 JAGUAPITA"";-;2;-;-;-;2"
"""411200 JAGUARIAIVA"";25;142;-;-;-;167"
"""411210 JANDAIA DO SUL"";333;76;-;-;-;409"
"""411240 JAPURA"";-;40;-;-;-;40"
"""411250 JARDIM ALEGRE"";4;13;-;-;-;17"
"""411275 JESUITAS"";1;36;-;-;-;37"
"""411280 JOAQUIM TAVORA"";-;22;-;-;-;22"
"""411300 JUSSARA"";-;12;-;-;-;12"
"""411310 KALORE"";-;15;-;-;-;15"
"""411320 LAPA"";44;212;-;-;-;256"
"""411330 LARANJEIRAS DO SUL"";63;496;1;-;-;560"
"""411345 LINDOESTE"";-;47;-;-;-;47"
"""411350 LOANDA"";133;264;-;-;-;397"
"""411370 LONDRINA"";1946;4971;-;14;-;6931"
"""411375 LUNARDELLI"";-;32;-;-;-;32"
"""411380 LUPIONOPOLIS"";-;6;-;-;-;6"
"""411390 MALLET"";-;58;-;-;-;58"
"""411430 MANDIRITUBA"";-;58;-;-;-;58"
"""411440 MANGUEIRINHA"";14;56;-;-;-;70"
"""411450 MANOEL RIBAS"";-;23;-;-;-;23"
"""411460 MARECHAL CANDIDO RONDON"";1;92;-;-;-;93"
"""411500 MARILENA"";-;23;-;-;-;23"
"""411520 MARINGA"";1203;2801;-;74;117;4195"
"""411560 MATELANDIA"";21;120;-;-;-;141"
"""411570 MATINHOS"";-;48;-;-;-;48"
"""411580 MEDIANEIRA"";225;259;-;12;48;544"
"""411600 MIRASELVA"";-;2;-;-;-;2"
"""411605 MISSAL"";136;44;-;-;-;180"
"""411670 NOVA AURORA"";334;74;-;-;-;408"
"""411680 NOVA CANTU"";-;16;-;-;-;16"
"""411690 NOVA ESPERANCA"";-;48;-;-;-;48"
"""411700 NOVA FATIMA"";-;20;-;-;-;20"
"""411710 NOVA LONDRINA"";-;35;-;-;-;35"
"""411722 NOVA SANTA ROSA"";-;7;-;-;-;7"
"""411727 NOVA TEBAS"";20;1;-;-;-;21"
"""411750 PAICANDU"";-;69;-;-;-;69"
"""411760 PALMAS"";2;274;-;-;-;276"
"""411770 PALMEIRA"";-;95;-;-;-;95"
"""411790 PALOTINA"";36;300;-;-;-;336"
"""411820 PARANAGUA"";43;796;-;-;-;839"
"""411840 PARANAVAI"";322;795;-;-;-;1117"
"""411845 PATO BRAGADO"";-;53;-;-;-;53"
"""411850 PATO BRANCO"";195;1233;-;-;-;1428"
"""411890 PEROLA"";-;22;-;-;-;22"
"""411910 PIEN"";-;78;-;-;-;78"
"""411915 PINHAIS"";11;294;-;-;-;305"
"""411940 PIRAI DO SUL"";-;19;-;-;-;19"
"""411950 PIRAQUARA"";212;-;-;-;-;212"
"""411960 PITANGA"";39;414;-;-;-;453"
"""411970 PLANALTINA DO PARANA"";-;13;-;-;-;13"
"""411980 PLANALTO"";-;78;-;-;-;78"
"""411990 PONTA GROSSA"";734;3208;-;-;-;3942"
"""412000 PORECATU"";-;9;-;-;-;9"
"""412033 PRADO FERREIRA"";-;1;-;-;-;1"
"""412035 PRANCHITA"";2;56;-;-;-;58"
"""412060 PRUDENTOPOLIS"";20;378;-;-;-;398"
"""412090 QUEDAS DO IGUACU"";-;219;-;-;-;219"
"""412100 QUERENCIA DO NORTE"";-;31;-;-;-;31"
"""412120 QUITANDINHA"";-;50;-;-;-;50"
"""412140 REALEZA"";-;68;-;-;-;68"
"""412150 REBOUCAS"";65;20;-;-;-;85"
"""412180 RIBEIRAO CLARO"";-;53;-;-;-;53"
"""412190 RIBEIRAO DO PINHAL"";13;88;-;-;1;102"
"""412200 RIO AZUL"";1;74;-;-;-;75"
"""412220 RIO BRANCO DO SUL"";2;145;-;-;-;147"
"""412230 RIO NEGRO"";8;71;-;-;-;79"
"""412240 ROLANDIA"";464;568;-;-;-;1032"
"""412250 RONCADOR"";1;98;-;-;-;99"
"""412260 RONDON"";19;72;-;-;-;91"
"""412290 SALTO DO ITARARE"";3;5;-;-;-;8"
"""412350 SANTA HELENA"";56;269;-;-;-;325"
"""412390 SANTA MARIANA"";172;140;-;-;-;312"
"""412400 SANTANA DO ITARARE"";-;12;-;-;-;12"
"""412410 SANTO ANTONIO DA PLATINA"";47;643;-;-;-;690"
"""412420 SANTO ANTONIO DO CAIUA"";-;8;-;-;-;8"
"""412440 SANTO ANTONIO DO SUDOESTE"";-;80;-;-;-;80"
"""412460 SAO CARLOS DO IVAI"";-;14;-;-;-;14"
"""412490 SAO JOAO DO CAIUA"";-;7;-;-;-;7"
"""412500 SAO JOAO DO IVAI"";1;14;-;-;-;15"
"""412510 SAO JOAO DO TRIUNFO"";-;11;-;-;-;11"
"""412535 SAO JORGE DO PATROCINIO"";3;20;-;-;-;23"
"""412540 SAO JOSE DA BOA VISTA"";-;18;-;-;-;18"
"""412550 SAO JOSE DOS PINHAIS"";117;1145;-;-;-;1262"
"""412560 SAO MATEUS DO SUL"";11;203;-;-;-;214"
"""412570 SAO MIGUEL DO IGUACU"";67;143;-;-;-;210"
"""412580 SAO PEDRO DO IVAI"";1;33;-;-;-;34"
"""412620 SAPOPEMA"";4;1;-;-;-;5"
"""412625 SARANDI"";58;238;-;-;-;296"
"""412650 SERTANOPOLIS"";1;14;-;-;-;15"
"""412660 SIQUEIRA CAMPOS"";-;56;-;-;-;56"
"""412667 TAMARANA"";-;7;-;-;-;7"
"""412670 TAMBOARA"";18;-;-;-;-;18"
"""412700 TEIXEIRA SOARES"";-;3;-;-;-;3"
"""412710 TELEMACO BORBA"";-;383;-;-;-;383"
"""412730 TERRA RICA"";-;48;-;-;-;48"
"""412750 TIBAGI"";-;24;-;-;-;24"
"""412760 TIJUCAS DO SUL"";-;25;-;-;-;25"
"""412770 TOLEDO"";222;1024;-;-;-;1246"
"""412780 TOMAZINA"";-;37;-;-;-;37"
"""412785 TRES BARRAS DO PARANA"";-;86;-;-;-;86"
"""412796 TURVO"";7;77;-;-;-;84"
"""412800 UBIRATA"";84;153;-;-;-;237"
"""412810 UMUARAMA"";692;1299;-;-;-;1991"
"""412820 UNIAO DA VITORIA"";154;476;-;-;-;630"
"""412840 URAI"";-;49;-;-;-;49"
"""412850 WENCESLAU BRAZ"";-;59;-;-;-;59"
"""412855 VERA CRUZ DO OESTE"";-;52;-;-;-;52"
"""412860 VERE"";-;36;-;-;-;36"
"""420010 ABELARDO LUZ"";40;72;-;-;-;112"
"""420020 AGROLANDIA"";-;16;-;-;-;16"
"""420040 AGUA DOCE"";-;12;-;-;-;12"
"""420070 ALFREDO WAGNER"";-;43;-;-;-;43"
"""420090 ANGELINA"";43;16;-;-;-;59"
"""420100 ANITA GARIBALDI"";6;147;-;-;-;153"
"""420110 ANITAPOLIS"";-;42;-;-;-;42"
"""420127 ARABUTA"";55;1;-;-;-;56"
"""420140 ARARANGUA"";47;687;-;-;-;734"
"""420150 ARMAZEM"";190;54;-;-;-;244"
"""420160 ARROIO TRINTA"";-;16;-;-;-;16"
"""420200 BALNEARIO CAMBORIU"";1;711;-;39;-;751"
"""420230 BIGUACU"";179;278;-;-;-;457"
"""420240 BLUMENAU"";700;2026;-;-;-;2726"
"""420260 BOM RETIRO"";46;33;-;-;-;79"
"""420280 BRACO DO NORTE"";239;330;-;-;-;569"
"""420290 BRUSQUE"";1563;1089;-;-;-;2652"
"""420300 CACADOR"";64;410;-;-;-;474"
"""420310 CAIBI"";27;23;-;-;-;50"
"""420320 CAMBORIU"";140;3;-;-;-;143"
"""420330 CAMPO ALEGRE"";88;25;-;-;-;113"
"""420340 CAMPO BELO DO SUL"";50;40;-;-;-;90"
"""420350 CAMPO ERE"";-;56;-;-;-;56"
"""420360 CAMPOS NOVOS"";181;251;-;-;-;432"
"""420380 CANOINHAS"";109;245;-;-;-;354"
"""420390 CAPINZAL"";54;138;-;-;-;192"
"""420410 CAXAMBU DO SUL"";-;4;-;-;-;4"
"""420420 CHAPECO"";606;1621;-;-;-;2227"
"""420430 CONCORDIA"";89;505;-;11;-;605"
"""420440 CORONEL FREITAS"";66;16;-;-;-;82"
"""420460 CRICIUMA"";227;1261;-;-;-;1488"
"""420470 CUNHA PORA"";83;28;-;-;-;111"
"""420480 CURITIBANOS"";47;492;-;-;-;539"
"""420490 DESCANSO"";27;86;-;-;-;113"
"""420500 DIONISIO CERQUEIRA"";9;135;-;-;-;144"
"""420530 FAXINAL DOS GUEDES"";170;23;-;-;-;193"
"""420540 FLORIANOPOLIS"";2602;3584;-;-;-;6186"
"""420550 FRAIBURGO"";26;230;-;-;-;256"
"""420590 GASPAR"";91;38;-;-;-;129"
"""420640 GUARACIABA"";58;43;-;-;-;101"
"""420650 GUARAMIRIM"";124;86;-;-;-;210"
"""420660 GUARUJA DO SUL"";-;23;-;-;-;23"
"""420690 IBIRAMA"";86;269;-;-;-;355"
"""420700 ICARA"";70;340;-;-;-;410"
"""420720 IMARUI"";-;90;-;-;-;90"
"""420730 IMBITUBA"";33;200;-;-;-;233"
"""420750 INDAIAL"";59;372;-;-;-;431"
"""420760 IPIRA"";6;12;-;-;-;18"
"""420765 IPORA DO OESTE"";35;45;-;-;-;80"
"""420770 IPUMIRIM"";-;20;-;-;-;20"
"""420790 IRINEOPOLIS"";-;41;-;-;-;41"
"""420800 ITA"";25;30;-;-;-;55"
"""420810 ITAIOPOLIS"";-;22;-;-;-;22"
"""420820 ITAJAI"";416;2619;-;-;-;3035"
"""420830 ITAPEMA"";71;163;-;-;-;234"
"""420840 ITAPIRANGA"";57;22;-;-;-;79"
"""420850 ITUPORANGA"";22;234;-;-;-;256"
"""420870 JACINTO MACHADO"";-;32;-;-;-;32"
"""420880 JAGUARUNA"";18;62;-;-;-;80"
"""420890 JARAGUA DO SUL"";385;1369;-;7;-;1761"
"""420900 JOACABA"";617;690;-;-;-;1307"
"""420910 JOINVILLE"";1491;3497;-;-;-;4988"
"""420930 LAGES"";237;1979;-;-;-;2216"
"""420940 LAGUNA"";14;311;-;-;-;325"
"""420970 LEBON REGIS"";-;19;-;-;-;19"
"""420985 LINDOIA DO SUL"";-;76;-;-;-;76"
"""421003 LUZERNA"";8;29;-;-;-;37"
"""421010 MAFRA"";175;744;-;-;-;919"
"""421030 MAJOR VIEIRA"";-;53;-;-;-;53"
"""421050 MARAVILHA"";84;244;-;-;-;328"
"""421060 MASSARANDUBA"";23;16;-;-;-;39"
"""421080 MELEIRO"";69;52;-;-;-;121"
"""421090 MODELO"";3;69;-;-;-;72"
"""421100 MONDAI"";29;60;-;-;-;89"
"""421120 MORRO DA FUMACA"";46;186;-;-;-;232"
"""421130 NAVEGANTES"";36;139;-;-;-;175"
"""421140 NOVA ERECHIM"";129;1;-;-;-;130"
"""421150 NOVA TRENTO"";-;38;-;-;-;38"
"""421160 NOVA VENEZA"";266;54;-;-;-;320"
"""421170 ORLEANS"";42;163;-;-;-;205"
"""421175 OTACILIO COSTA"";96;97;-;-;-;193"
"""421200 PALMA SOLA"";4;81;-;-;-;85"
"""421210 PALMITOS"";99;81;-;-;-;180"
"""421220 PAPANDUVA"";-;64;-;-;-;64"
"""421250 PENHA"";174;-;-;-;-;174"
"""421260 PERITIBA"";1;11;-;-;-;12"
"""421290 PINHALZINHO"";66;55;-;-;-;121"
"""421320 POMERODE"";41;170;-;-;-;211"
"""421340 PONTE SERRADA"";-;183;-;-;-;183"
"""421360 PORTO UNIAO"";114;239;-;-;-;353"
"""421370 POUSO REDONDO"";-;31;-;-;-;31"
"""421380 PRAIA GRANDE"";45;128;-;-;-;173"
"""421400 PRESIDENTE GETULIO"";19;9;-;-;-;28"
"""421420 QUILOMBO"";-;55;-;-;-;55"
"""421450 RIO DO CAMPO"";-;29;-;-;-;29"
"""421470 RIO DOS CEDROS"";11;33;-;-;-;44"
"""421480 RIO DO SUL"";193;867;-;-;-;1060"
"""421490 RIO FORTUNA"";60;57;-;-;-;117"
"""421500 RIO NEGRINHO"";221;165;-;-;-;386"
"""421530 SALETE"";-;17;-;-;-;17"
"""421540 SALTO VELOSO"";-;33;-;-;-;33"
"""421550 SANTA CECILIA"";-;103;-;-;-;103"
"""421570 SANTO AMARO DA IMPERATRIZ"";252;100;-;-;-;352"
"""421580 SAO BENTO DO SUL"";134;354;-;-;-;488"
"""421590 SAO BONIFACIO"";19;48;-;-;-;67"
"""421600 SAO CARLOS"";106;24;-;-;-;130"
"""421620 SAO FRANCISCO DO SUL"";40;100;-;-;-;140"
"""421625 SAO JOAO DO OESTE"";38;12;-;-;-;50"
"""421630 SAO JOAO BATISTA"";19;59;-;-;-;78"
"""421650 SAO JOAQUIM"";57;155;-;-;-;212"
"""421660 SAO JOSE"";503;2090;-;-;-;2593"
"""421670 SAO JOSE DO CEDRO"";129;44;-;-;-;173"
"""421690 SAO LOURENCO DO OESTE"";22;205;-;-;-;227"
"""421710 SAO MARTINHO"";-;32;-;-;-;32"
"""421720 SAO MIGUEL DO OESTE"";91;558;-;-;-;649"
"""421725 SAO PEDRO DE ALCANTARA"";92;45;-;-;-;137"
"""421730 SAUDADES"";73;22;-;-;-;95"
"""421750 SEARA"";44;47;-;-;-;91"
"""421770 SOMBRIO"";395;322;-;-;-;717"
"""421780 TAIO"";2;68;-;-;-;70"
"""421790 TANGARA"";113;34;-;-;-;147"
"""421800 TIJUCAS"";123;103;-;-;-;226"
"""421810 TIMBE DO SUL"";136;77;-;-;-;213"
"""421820 TIMBO"";194;353;-;-;-;547"
"""421830 TRES BARRAS"";16;115;-;-;-;131"
"""421840 TREZE DE MAIO"";31;184;-;-;-;215"
"""421860 TROMBUDO CENTRAL"";23;14;-;-;-;37"
"""421870 TUBARAO"";148;1070;-;-;-;1218"
"""421875 TUNAPOLIS"";4;52;-;-;-;56"
"""421880 TURVO"";14;23;-;-;-;37"
"""421890 URUBICI"";-;15;-;-;-;15"
"""421900 URUSSANGA"";41;102;-;-;-;143"
"""421910 VARGEAO"";76;13;-;-;-;89"
"""421920 VIDAL RAMOS"";-;10;-;-;-;10"
"""421930 VIDEIRA"";92;480;-;-;-;572"
"""421950 XANXERE"";121;596;-;-;-;717"
"""421960 XAVANTINA"";-;22;-;-;-;22"
"""421970 XAXIM"";6;135;-;-;-;141"
"""430003 ACEGUA"";-;27;-;-;-;27"
"""430010 AGUDO"";45;92;-;-;-;137"
"""430020 AJURICABA"";-;35;-;-;-;35"
"""430030 ALECRIM"";1;50;-;-;-;51"
"""430040 ALEGRETE"";182;406;-;-;-;588"
"""430050 ALPESTRE"";-;38;-;-;-;38"
"""430060 ALVORADA"";88;461;-;-;-;549"
"""430064 AMETISTA DO SUL"";-;39;-;-;-;39"
"""430070 ANTA GORDA"";17;4;-;-;-;21"
"""430090 ARATIBA"";1;67;-;-;-;68"
"""430100 ARROIO DO MEIO"";162;98;-;-;-;260"
"""430120 ARROIO DO TIGRE"";-;103;-;-;-;103"
"""430130 ARROIO GRANDE"";39;-;-;-;-;39"
"""430140 ARVOREZINHA"";-;62;-;-;-;62"
"""430150 AUGUSTO PESTANA"";-;44;-;-;-;44"
"""430160 BAGE"";96;518;-;-;-;614"
"""430210 BENTO GONCALVES"";64;610;-;-;-;674"
"""430220 BOA VISTA DO BURICA"";1;32;-;-;-;33"
"""430235 BOM PRINCIPIO"";-;54;-;-;-;54"
"""430240 BOM RETIRO DO SUL"";15;36;-;-;-;51"
"""430280 CACAPAVA DO SUL"";2;140;-;-;-;142"
"""430290 CACEQUI"";47;9;-;-;-;56"
"""430300 CACHOEIRA DO SUL"";144;517;-;-;-;661"
"""430310 CACHOEIRINHA"";56;348;-;-;-;404"
"""430330 CAIBATE"";-;27;-;-;-;27"
"""430340 CAICARA"";-;45;-;-;-;45"
"""430350 CAMAQUA"";19;366;-;-;-;385"
"""430370 CAMPINA DAS MISSOES"";2;54;-;-;-;56"
"""430380 CAMPINAS DO SUL"";-;20;-;-;-;20"
"""430390 CAMPO BOM"";170;248;-;-;-;418"
"""430400 CAMPO NOVO"";-;41;-;-;-;41"
"""430420 CANDELARIA"";31;181;-;-;8;220"
"""430430 CANDIDO GODOI"";3;62;-;-;-;65"
"""430440 CANELA"";78;134;-;-;-;212"
"""430450 CANGUCU"";38;214;-;-;-;252"
"""430463 CAPAO DA CANOA"";156;363;-;-;-;519"
"""430470 CARAZINHO"";174;361;-;-;-;535"
"""430480 CARLOS BARBOSA"";40;84;-;-;-;124"
"""430490 CASCA"";33;23;-;-;-;56"
"""430510 CAXIAS DO SUL"";1185;1295;-;-;-;2480"
"""430520 CERRO LARGO"";5;52;-;-;-;57"
"""430530 CHAPADA"";-;28;-;-;-;28"
"""430535 CHARQUEADAS"";16;130;-;-;-;146"
"""430540 CHIAPETTA"";-;24;-;-;-;24"
"""430570 CONDOR"";-;41;-;-;-;41"
"""430580 CONSTANTINA"";-;42;-;-;-;42"
"""430590 CORONEL BICACO"";-;35;-;-;-;35"
"""430600 CRISSIUMAL"";111;-;-;-;-;111"
"""430610 CRUZ ALTA"";175;374;-;-;-;549"
"""430620 CRUZEIRO DO SUL"";3;13;-;-;-;16"
"""430630 DAVID CANABARRO"";4;32;-;-;-;36"
"""430640 DOIS IRMAOS"";61;101;-;-;-;162"
"""430645 DOIS LAJEADOS"";1;65;-;-;-;66"
"""430650 DOM FELICIANO"";-;37;-;-;-;37"
"""430660 DOM PEDRITO"";-;145;-;-;-;145"
"""430680 ENCANTADO"";25;132;-;-;-;157"
"""430690 ENCRUZILHADA DO SUL"";117;94;-;-;-;211"
"""430700 ERECHIM"";433;702;-;-;-;1135"
"""430710 HERVAL"";-;16;-;-;-;16"
"""430750 ESPUMOSO"";35;92;-;-;-;127"
"""430760 ESTANCIA VELHA"";41;157;-;-;-;198"
"""430770 ESTEIO"";178;361;-;-;-;539"
"""430780 ESTRELA"";113;276;-;-;-;389"
"""430790 FARROUPILHA"";198;309;-;-;-;507"
"""430800 FAXINAL DO SOTURNO"";174;51;-;-;-;225"
"""430820 FLORES DA CUNHA"";1;60;-;-;-;61"
"""430840 FORMIGUEIRO"";-;13;-;-;-;13"
"""430845 FORTALEZA DOS VALOS"";1;2;-;-;-;3"
"""430850 FREDERICO WESTPHALEN"";71;161;-;-;-;232"
"""430860 GARIBALDI"";92;161;-;-;-;253"
"""430870 GAURAMA"";-;14;-;-;-;14"
"""430890 GETULIO VARGAS"";71;132;-;-;-;203"
"""430920 GRAVATAI"";29;458;-;-;-;487"
"""430925 GUABIJU"";2;-;-;-;-;2"
"""430930 GUAIBA"";223;211;-;-;-;434"
"""430940 GUAPORE"";41;154;-;-;-;195"
"""430950 GUARANI DAS MISSOES"";-;48;-;-;-;48"
"""430960 HORIZONTINA"";68;141;-;-;-;209"
"""430970 HUMAITA"";-;27;-;-;-;27"
"""431000 IBIRUBA"";19;54;-;-;-;73"
"""431010 IGREJINHA"";345;172;-;-;-;517"
"""431020 IJUI"";254;758;-;-;-;1012"
"""431030 ILOPOLIS"";-;15;-;-;-;15"
"""431050 IRAI"";-;67;-;-;-;67"
"""431060 ITAQUI"";36;208;-;-;-;244"
"""431075 IVORA"";-;1;-;-;-;1"
"""431080 IVOTI"";27;63;-;-;-;90"
"""431085 JABOTICABA"";6;41;-;-;-;47"
"""431100 JAGUARAO"";26;89;-;-;-;115"
"""431110 JAGUARI"";24;17;-;-;-;41"
"""431120 JULIO DE CASTILHOS"";26;52;-;-;-;78"
"""431130 LAGOA VERMELHA"";10;111;-;-;-;121"
"""431150 LAVRAS DO SUL"";-;14;-;-;-;14"
"""431180 MARAU"";53;122;-;-;-;175"
"""431190 MARCELINO RAMOS"";-;34;-;-;-;34"
"""431210 MATA"";-;10;-;-;-;10"
"""431220 MAXIMILIANO DE ALMEIDA"";-;34;-;-;-;34"
"""431240 MONTENEGRO"";22;347;-;-;-;369"
"""431250 MOSTARDAS"";-;12;-;-;-;12"
"""431260 MUCUM"";4;9;-;-;-;13"
"""431265 NAO-ME-TOQUE"";88;62;-;-;-;150"
"""431270 NONOAI"";29;196;-;-;-;225"
"""431290 NOVA BASSANO"";12;28;-;-;-;40"
"""431300 NOVA BRESCIA"";-;31;-;-;-;31"
"""431310 NOVA PALMA"";78;22;-;-;-;100"
"""431320 NOVA PETROPOLIS"";26;84;-;-;-;110"
"""431330 NOVA PRATA"";16;119;-;-;-;135"
"""431340 NOVO HAMBURGO"";161;935;-;-;-;1096"
"""431350 OSORIO"";162;246;-;-;-;408"
"""431360 PAIM FILHO"";8;38;-;-;-;46"
"""431365 PALMARES DO SUL"";-;29;-;-;-;29"
"""431370 PALMEIRA DAS MISSOES"";153;50;-;-;-;203"
"""431380 PALMITINHO"";7;75;-;-;-;82"
"""431390 PANAMBI"";82;122;-;-;-;204"
"""431400 PARAI"";7;26;-;-;-;33"
"""431405 PAROBE"";676;516;-;-;-;1192"
"""431410 PASSO FUNDO"";774;2409;-;-;-;3183"
"""431420 PEDRO OSORIO"";-;38;-;-;-;38"
"""431430 PEJUCARA"";-;11;-;-;-;11"
"""431440 PELOTAS"";137;1778;-;-;-;1915"
"""431447 PINHAL GRANDE"";-;4;-;-;-;4"
"""431450 PINHEIRO MACHADO"";22;-;-;-;-;22"
"""431460 PIRATINI"";104;84;-;-;-;188"
"""431470 PLANALTO"";-;78;-;-;-;78"
"""431480 PORTAO"";169;82;-;-;-;251"
"""431490 PORTO ALEGRE"";4191;9930;-;-;-;14121"
"""431500 PORTO LUCENA"";-;33;-;-;-;33"
"""431510 PORTO XAVIER"";1;32;-;-;-;33"
"""431515 PROGRESSO"";-;49;-;-;-;49"
"""431535 QUINZE DE NOVEMBRO"";-;19;-;-;-;19"
"""431560 RIO GRANDE"";120;887;-;-;-;1007"
"""431570 RIO PARDO"";86;159;-;-;-;245"
"""431575 RIOZINHO"";-;9;-;-;-;9"
"""431580 ROCA SALES"";3;7;-;-;-;10"
"""431590 RODEIO BONITO"";169;93;-;-;-;262"
"""431600 ROLANTE"";168;66;-;-;-;234"
"""431610 RONDA ALTA"";99;80;-;-;-;179"
"""431620 RONDINHA"";6;17;-;-;-;23"
"""431630 ROQUE GONZALES"";-;29;-;-;-;29"
"""431640 ROSARIO DO SUL"";41;289;-;-;-;330"
"""431643 SALDANHA MARINHO"";-;6;-;-;-;6"
"""431645 SALTO DO JACUI"";-;34;-;-;-;34"
"""431650 SALVADOR DO SUL"";-;9;-;-;-;9"
"""431660 SANANDUVA"";18;179;-;-;-;197"
"""431670 SANTA BARBARA DO SUL"";13;20;-;-;-;33"
"""431680 SANTA CRUZ DO SUL"";321;717;-;-;-;1038"
"""431690 SANTA MARIA"";1116;1215;-;-;-;2331"
"""431710 SANT'ANA DO LIVRAMENTO"";60;387;-;-;-;447"
"""431720 SANTA ROSA"";175;408;-;9;70;662"
"""431730 SANTA VITORIA DO PALMAR"";22;117;-;-;-;139"
"""431740 SANTIAGO"";119;298;-;-;-;417"
"""431750 SANTO ANGELO"";292;442;-;-;-;734"
"""431760 SANTO ANTONIO DA PATRULHA"";23;121;-;-;-;144"
"""431780 SANTO AUGUSTO"";88;121;-;-;-;209"
"""431790 SANTO CRISTO"";12;82;-;-;-;94"
"""431800 SAO BORJA"";66;420;-;-;-;486"
"""431810 SAO FRANCISCO DE ASSIS"";100;-;-;-;-;100"
"""431820 SAO FRANCISCO DE PAULA"";7;99;-;-;-;106"
"""431830 SAO GABRIEL"";136;360;-;-;-;496"
"""431840 SAO JERONIMO"";93;666;-;-;-;759"
"""431843 SAO JOAO DO POLESINE"";-;16;-;-;-;16"
"""431860 SAO JOSE DO OURO"";51;39;-;-;-;90"
"""431870 SAO LEOPOLDO"";60;964;-;-;-;1024"
"""431880 SAO LOURENCO DO SUL"";33;225;-;-;-;258"
"""431890 SAO LUIZ GONZAGA"";39;305;-;-;-;344"
"""431900 SAO MARCOS"";-;102;-;-;-;102"
"""431910 SAO MARTINHO"";-;19;-;-;-;19"
"""431915 SAO MIGUEL DAS MISSOES"";-;48;-;-;-;48"
"""431930 SAO PAULO DAS MISSOES"";-;39;-;-;-;39"
"""431940 SAO PEDRO DO SUL"";6;93;-;-;-;99"
"""431950 SAO SEBASTIAO DO CAI"";-;117;-;-;-;117"
"""431960 SAO SEPE"";85;84;-;-;-;169"
"""431980 SAO VICENTE DO SUL"";1;20;-;-;-;21"
"""431990 SAPIRANGA"";167;372;-;-;-;539"
"""432000 SAPUCAIA DO SUL"";111;541;-;-;-;652"
"""432010 SARANDI"";60;102;-;-;-;162"
"""432020 SEBERI"";35;54;-;-;-;89"
"""432026 SEGREDO"";-;41;-;-;-;41"
"""432030 SELBACH"";-;10;-;-;-;10"
"""432050 SERTAO"";22;47;-;-;-;69"
"""432060 SEVERIANO DE ALMEIDA"";-;19;-;-;-;19"
"""432070 SOBRADINHO"";-;39;-;-;-;39"
"""432080 SOLEDADE"";32;138;-;-;-;170"
"""432090 TAPEJARA"";113;109;-;-;-;222"
"""432100 TAPERA"";38;49;-;-;-;87"
"""432110 TAPES"";-;79;-;-;-;79"
"""432120 TAQUARA"";199;182;-;-;-;381"
"""432130 TAQUARI"";49;65;-;-;-;114"
"""432140 TENENTE PORTELA"";318;424;-;-;-;742"
"""432145 TEUTONIA"";75;190;-;-;-;265"
"""432150 TORRES"";175;322;-;-;-;497"
"""432160 TRAMANDAI"";252;510;-;-;-;762"
"""432170 TRES COROAS"";25;78;-;-;-;103"
"""432180 TRES DE MAIO"";74;154;-;-;-;228"
"""432190 TRES PASSOS"";67;245;-;-;-;312"
"""432195 TRINDADE DO SUL"";12;58;-;-;-;70"
"""432200 TRIUNFO"";52;46;-;-;-;98"
"""432210 TUCUNDUVA"";-;65;-;-;-;65"
"""432220 TUPANCIRETA"";-;73;-;-;-;73"
"""432230 TUPARENDI"";24;18;-;-;-;42"
"""432240 URUGUAIANA"";77;453;-;-;-;530"
"""432250 VACARIA"";181;443;-;-;-;624"
"""432253 VALE DO SOL"";-;58;-;-;-;58"
"""432260 VENANCIO AIRES"";125;296;-;-;-;421"
"""432270 VERA CRUZ"";1;60;-;-;-;61"
"""432280 VERANOPOLIS"";19;144;-;-;-;163"
"""432290 VIADUTOS"";-;19;-;-;-;19"
"""432300 VIAMAO"";42;648;-;-;-;690"
"""432380 XANGRI-LA"";40;-;-;-;-;40"
"""500020 AGUA CLARA"";-;28;-;-;-;28"
"""500060 AMAMBAI"";49;224;-;-;-;273"
"""500070 ANASTACIO"";1;75;-;-;-;76"
"""500080 ANAURILANDIA"";-;32;-;-;-;32"
"""500085 ANGELICA"";-;35;-;-;-;35"
"""500090 ANTONIO JOAO"";-;42;-;-;-;42"
"""500110 AQUIDAUANA"";24;457;-;-;-;481"
"""500124 ARAL MOREIRA"";-;23;-;-;-;23"
"""500150 BANDEIRANTES"";-;12;-;-;-;12"
"""500190 BATAGUASSU"";34;64;-;-;-;98"
"""500210 BELA VISTA"";1;88;-;-;-;89"
"""500215 BODOQUENA"";-;10;-;-;-;10"
"""500220 BONITO"";16;149;-;-;-;165"
"""500230 BRASILANDIA"";-;63;-;-;-;63"
"""500240 CAARAPO"";15;107;-;-;-;122"
"""500260 CAMAPUA"";-;32;-;-;-;32"
"""500270 CAMPO GRANDE"";1179;5699;-;-;-;6878"
"""500280 CARACOL"";-;28;-;-;-;28"
"""500295 CHAPADAO DO SUL"";90;382;-;-;-;472"
"""500315 CORONEL SAPUCAIA"";-;51;-;-;-;51"
"""500320 CORUMBA"";50;538;-;-;-;588"
"""500325 COSTA RICA"";25;162;-;-;-;187"
"""500330 COXIM"";51;176;-;-;-;227"
"""500345 DEODAPOLIS"";-;11;-;-;-;11"
"""500348 DOIS IRMAOS DO BURITI"";-;39;-;-;-;39"
"""500370 DOURADOS"";372;1563;-;-;-;1935"
"""500380 FATIMA DO SUL"";31;191;-;-;-;222"
"""500400 GLORIA DE DOURADOS"";-;42;-;-;-;42"
"""500410 GUIA LOPES DA LAGUNA"";-;55;-;-;-;55"
"""500430 IGUATEMI"";-;196;-;-;-;196"
"""500440 INOCENCIA"";-;23;-;-;-;23"
"""500450 ITAPORA"";2;55;-;-;-;57"
"""500460 ITAQUIRAI"";-;70;-;-;-;70"
"""500470 IVINHEMA"";12;96;-;-;-;108"
"""500500 JARDIM"";13;119;-;-;-;132"
"""500510 JATEI"";-;1;-;-;-;1"
"""500515 JUTI"";-;20;-;-;-;20"
"""500525 LAGUNA CARAPA"";-;4;-;-;-;4"
"""500540 MARACAJU"";63;210;-;-;-;273"
"""500560 MIRANDA"";11;56;-;-;-;67"
"""500568 MUNDO NOVO"";-;68;-;-;-;68"
"""500570 NAVIRAI"";-;351;-;-;-;351"
"""500580 NIOAQUE"";-;39;-;-;-;39"
"""500600 NOVA ALVORADA DO SUL"";28;45;-;-;-;73"
"""500625 NOVO HORIZONTE DO SUL"";-;21;-;-;-;21"
"""500635 PARANHOS"";-;108;-;-;-;108"
"""500640 PEDRO GOMES"";-;24;-;-;-;24"
"""500660 PONTA PORA"";113;719;-;-;-;832"
"""500690 PORTO MURTINHO"";-;27;-;-;-;27"
"""500710 RIBAS DO RIO PARDO"";25;55;-;-;-;80"
"""500720 RIO BRILHANTE"";47;147;-;-;-;194"
"""500730 RIO NEGRO"";-;17;-;-;-;17"
"""500740 RIO VERDE DE MATO GROSSO"";-;32;-;-;-;32"
"""500750 ROCHEDO"";-;2;-;-;-;2"
"""500755 SANTA RITA DO PARDO"";-;18;-;-;-;18"
"""500790 SIDROLANDIA"";35;124;-;-;-;159"
"""500793 SONORA"";11;31;-;-;-;42"
"""500795 TACURU"";-;10;-;-;-;10"
"""500797 TAQUARUSSU"";-;28;-;-;-;28"
"""500830 TRES LAGOAS"";93;202;-;-;-;295"
"""500840 VICENTINA"";-;7;-;-;-;7"
"""510020 AGUA BOA"";151;348;-;-;-;499"
"""510025 ALTA FLORESTA"";49;409;-;-;-;458"
"""510030 ALTO ARAGUAIA"";42;4;-;-;-;46"
"""510130 ARENAPOLIS"";71;-;-;-;-;71"
"""510140 ARIPUANA"";-;165;-;-;-;165"
"""510190 BRASNORTE"";-;127;-;-;-;127"
"""510250 CACERES"";31;1166;-;-;-;1197"
"""510263 CAMPO NOVO DO PARECIS"";50;201;-;-;-;251"
"""510267 CAMPO VERDE"";72;179;-;-;-;251"
"""510268 CAMPOS DE JULIO"";-;59;-;-;-;59"
"""510270 CANARANA"";27;64;-;-;-;91"
"""510320 COLIDER"";35;221;-;-;-;256"
"""510330 COMODORO"";-;74;-;-;-;74"
"""510335 CONFRESA"";99;272;-;-;-;371"
"""510337 COTRIGUACU"";3;37;-;-;-;40"
"""510340 CUIABA"";1268;3948;-;-;-;5216"
"""510350 DIAMANTINO"";33;127;-;-;-;160"
"""510390 GENERAL CARNEIRO"";-;11;-;-;-;11"
"""510410 GUARANTA DO NORTE"";57;155;-;-;-;212"
"""510420 GUIRATINGA"";-;26;-;-;-;26"
"""510480 JACIARA"";17;121;-;-;-;138"
"""510500 JAURU"";-;3;-;-;-;3"
"""510515 JUINA"";72;320;-;-;-;392"
"""510517 JURUENA"";43;3;-;-;-;46"
"""510520 JUSCIMEIRA"";-;58;-;-;-;58"
"""510560 MATUPA"";1;82;-;-;-;83"
"""510590 NOBRES"";-;82;-;-;-;82"
"""510610 NOSSA SENHORA DO LIVRAMENTO"";-;8;-;-;-;8"
"""510622 NOVA MUTUM"";203;236;-;-;-;439"
"""510623 NOVA OLIMPIA"";-;40;-;-;-;40"
"""510627 NOVO HORIZONTE DO NORTE"";14;3;-;-;-;17"
"""510628 NOVO SAO JOAQUIM"";60;1;-;-;-;61"
"""510629 PARANAITA"";197;-;-;-;-;197"
"""510637 PEDRA PRETA"";26;2;-;-;-;28"
"""510642 PEIXOTO DE AZEVEDO"";23;187;-;1;-;211"
"""510650 POCONE"";79;81;-;-;-;160"
"""510675 PONTES E LACERDA"";23;415;-;-;-;438"
"""510704 PRIMAVERA DO LESTE"";97;356;-;-;-;453"
"""510730 SAO JOSE DO RIO CLARO"";45;20;-;-;-;65"
"""510760 RONDONOPOLIS"";316;1765;-;-;-;2081"
"""510775 SALTO DO CEU"";-;3;-;-;-;3"
"""510790 SINOP"";53;668;-;-;-;721"
"""510792 SORRISO"";92;641;-;-;-;733"
"""510805 TERRA NOVA DO NORTE"";-;44;-;-;-;44"
"""510810 TESOURO"";-;4;-;-;-;4"
"""510840 VARZEA GRANDE"";558;914;-;-;-;1472"
"""520013 ACREUNA"";-;38;-;-;-;38"
"""520025 AGUAS LINDAS DE GOIAS"";16;384;-;-;-;400"
"""520030 ALEXANIA"";10;155;-;-;-;165"
"""520050 ALOANDIA"";-;7;-;-;-;7"
"""520080 ALVORADA DO NORTE"";-;48;-;-;-;48"
"""520090 AMORINOPOLIS"";-;13;-;-;-;13"
"""520110 ANAPOLIS"";468;1744;-;-;-;2212"
"""520130 ANICUNS"";-;12;-;-;-;12"
"""520140 APARECIDA DE GOIANIA"";914;1348;-;-;-;2262"
"""520160 ARACU"";-;9;-;-;-;9"
"""520235 ARENOPOLIS"";2;27;-;-;-;29"
"""520330 BELA VISTA DE GOIAS"";23;43;-;-;-;66"
"""520390 BURITI ALEGRE"";-;31;-;-;-;31"
"""520410 CACHOEIRA ALTA"";21;66;-;-;-;87"
"""520450 CALDAS NOVAS"";142;210;-;-;-;352"
"""520480 CAMPO ALEGRE DE GOIAS"";-;4;-;-;-;4"
"""520505 CASTELANDIA"";-;8;-;-;-;8"
"""520510 CATALAO"";88;438;-;-;-;526"
"""520540 CERES"";167;423;-;-;-;590"
"""520551 COCALZINHO DE GOIAS"";-;35;-;-;-;35"
"""520552 COLINAS DO SUL"";-;31;-;-;-;31"
"""520580 CORUMBA DE GOIAS"";2;23;-;-;-;25"
"""520640 CRIXAS"";-;26;-;-;-;26"
"""520680 DAMOLANDIA"";-;20;-;-;-;20"
"""520710 DIORAMA"";6;6;-;-;-;12"
"""520725 DOVERLANDIA"";-;6;-;-;-;6"
"""520735 EDEALINA"";-;17;-;-;-;17"
"""520740 EDEIA"";10;25;-;-;-;35"
"""520760 FAZENDA NOVA"";5;40;-;-;-;45"
"""520780 FIRMINOPOLIS"";-;42;-;-;-;42"
"""520800 FORMOSA"";103;543;-;-;-;646"
"""520810 FORMOSO"";-;27;-;-;-;27"
"""520840 GOIANAPOLIS"";-;17;-;-;-;17"
"""520850 GOIANDIRA"";-;5;-;-;-;5"
"""520860 GOIANESIA"";16;300;-;-;-;316"
"""520870 GOIANIA"";2779;9736;-;-;-;12515"
"""520890 GOIAS"";68;100;-;-;-;168"
"""520960 HEITORAI"";-;27;-;-;-;27"
"""520970 HIDROLANDIA"";27;62;-;-;-;89"
"""520990 IACIARA"";1;62;-;-;-;63"
"""520993 INACIOLANDIA"";-;14;-;-;-;14"
"""520995 INDIARA"";1;57;-;-;-;58"
"""521040 ITABERAI"";96;94;-;-;-;190"
"""521060 ITAGUARU"";-;12;-;-;-;12"
"""521090 ITAPACI"";-;99;-;-;-;99"
"""521120 ITAPURANGA"";-;119;-;-;-;119"
"""521150 ITUMBIARA"";228;1104;-;-;-;1332"
"""521180 JARAGUA"";83;293;-;-;-;376"
"""521190 JATAI"";85;456;-;-;-;541"
"""521200 JAUPACI"";-;4;-;-;-;4"
"""521210 JOVIANIA"";6;37;-;-;-;43"
"""521250 LUZIANIA"";243;394;-;-;-;637"
"""521260 MAIRIPOTABA"";-;5;-;-;-;5"
"""521270 MAMBAI"";-;46;-;-;-;46"
"""521295 MATRINCHA"";-;6;-;-;-;6"
"""521300 MAURILANDIA"";-;14;-;-;-;14"
"""521308 MINACU"";26;109;-;-;-;135"
"""521310 MINEIROS"";253;29;-;-;-;282"
"""521380 MORRINHOS"";235;241;-;-;-;476"
"""521385 MORRO AGUDO DE GOIAS"";-;30;-;-;-;30"
"""521400 MOZARLANDIA"";-;78;-;-;-;78"
"""521450 NEROPOLIS"";20;141;-;-;-;161"
"""521483 NOVA CRIXAS"";-;38;-;-;-;38"
"""521520 NOVO BRASIL"";-;2;-;-;-;2"
"""521530 ORIZONA"";-;29;-;-;-;29"
"""521560 PADRE BERNARDO"";30;33;-;-;-;63"
"""521565 PALESTINA DE GOIAS"";-;6;-;-;-;6"
"""521570 PALMEIRAS DE GOIAS"";-;60;-;-;-;60"
"""521630 PARANAIGUARA"";-;90;-;-;-;90"
"""521710 PIRACANJUBA"";12;124;-;-;-;136"
"""521720 PIRANHAS"";1;57;-;-;-;58"
"""521730 PIRENOPOLIS"";90;193;-;-;-;283"
"""521740 PIRES DO RIO"";25;64;-;-;-;89"
"""521760 PLANALTINA"";-;157;-;-;-;157"
"""521770 PONTALINA"";9;51;-;-;-;60"
"""521860 RIALMA"";-;52;-;-;-;52"
"""521878 RIO QUENTE"";-;14;-;-;-;14"
"""521880 RIO VERDE"";493;779;-;-;-;1272"
"""521890 RUBIATABA"";-;48;-;-;-;48"
"""521900 SANCLERLANDIA"";-;14;-;-;-;14"
"""521910 SANTA BARBARA DE GOIAS"";-;8;-;-;-;8"
"""521920 SANTA CRUZ DE GOIAS"";-;8;-;-;-;8"
"""521930 SANTA HELENA DE GOIAS"";201;379;-;-;-;580"
"""521950 SANTA ROSA DE GOIAS"";-;3;-;-;-;3"
"""521960 SANTA TEREZA DE GOIAS"";-;9;-;-;-;9"
"""521973 SANTO ANTONIO DE GOIAS"";-;10;-;-;-;10"
"""521975 SANTO ANTONIO DO DESCOBERTO"";-;49;-;-;-;49"
"""522010 SAO LUIS DE MONTES BELOS"";96;266;-;-;-;362"
"""522040 SAO SIMAO"";-;121;-;-;-;121"
"""522045 SENADOR CANEDO"";95;202;-;-;-;297"
"""522050 SERRANOPOLIS"";-;15;-;-;-;15"
"""522140 TRINDADE"";124;405;-;-;-;529"
"""522145 TROMBAS"";-;11;-;-;-;11"
"""522155 TURVELANDIA"";-;10;-;-;-;10"
"""522160 URUACU"";304;1418;-;-;-;1722"
"""522170 URUANA"";-;23;-;-;-;23"
"""522185 VALPARAISO DE GOIAS"";-;150;-;-;-;150"
"""522205 VICENTINOPOLIS"";7;37;-;-;-;44"
"""530010 BRASILIA"";3202;16254;-;8;30;19494"
"""Total"";290247;774680;4;2686;3467;1071084"
&
