"""Municˇpio"";""M‚dia complexidade"";""Alta complexidade"";""Total"""
"""110001 ALTA FLORESTA D'OESTE"";21;-;21"
"""110002 ARIQUEMES"";206;-;206"
"""110003 CABIXI"";6;-;6"
"""110004 CACOAL"";553;37;590"
"""110005 CEREJEIRAS"";19;-;19"
"""110006 COLORADO DO OESTE"";34;-;34"
"""110008 COSTA MARQUES"";2;-;2"
"""110009 ESPIGAO D'OESTE"";45;-;45"
"""110010 GUAJARA-MIRIM"";18;-;18"
"""110011 JARU"";46;-;46"
"""110012 JI-PARANA"";332;1;333"
"""110013 MACHADINHO D'OESTE"";36;-;36"
"""110014 NOVA BRASILANDIA D'OESTE"";10;-;10"
"""110015 OURO PRETO DO OESTE"";34;-;34"
"""110018 PIMENTA BUENO"";44;-;44"
"""110020 PORTO VELHO"";1798;201;1999"
"""110025 PRESIDENTE MEDICI"";15;-;15"
"""110026 RIO CRESPO"";1;-;1"
"""110028 ROLIM DE MOURA"";21;-;21"
"""110029 SANTA LUZIA D'OESTE"";4;-;4"
"""110030 VILHENA"";311;2;313"
"""110032 SAO MIGUEL DO GUAPORE"";19;-;19"
"""110033 NOVA MAMORE"";10;-;10"
"""110040 ALTO PARAISO"";5;-;5"
"""110045 BURITIS"";25;-;25"
"""110050 NOVO HORIZONTE DO OESTE"";6;-;6"
"""110060 CACAULANDIA"";1;-;1"
"""110094 CUJUBIM"";4;-;4"
"""110120 MINISTRO ANDREAZZA"";4;-;4"
"""110130 MIRANTE DA SERRA"";4;-;4"
"""110140 MONTE NEGRO"";13;-;13"
"""110145 PARECIS"";1;-;1"
"""110148 SAO FELIPE D'OESTE"";2;-;2"
"""110149 SAO FRANCISCO DO GUAPORE"";11;-;11"
"""110150 SERINGUEIRAS"";14;-;14"
"""110160 THEOBROMA"";5;-;5"
"""110170 URUPA"";3;-;3"
"""110180 VALE DO PARAISO"";4;-;4"
"""120001 ACRELANDIA"";4;-;4"
"""120005 ASSIS BRASIL"";1;-;1"
"""120010 BRASILEIA"";65;-;65"
"""120020 CRUZEIRO DO SUL"";275;1;276"
"""120030 FEIJO"";2;-;2"
"""120033 MANCIO LIMA"";1;-;1"
"""120034 MANOEL URBANO"";9;-;9"
"""120035 MARECHAL THAUMATURGO"";4;-;4"
"""120038 PLACIDO DE CASTRO"";1;-;1"
"""120039 PORTO WALTER"";2;-;2"
"""120040 RIO BRANCO"";1272;88;1360"
"""120043 SANTA ROSA DO PURUS"";5;-;5"
"""120045 SENADOR GUIOMARD"";11;-;11"
"""120050 SENA MADUREIRA"";21;-;21"
"""120060 TARAUACA"";32;-;32"
"""120070 XAPURI"";11;-;11"
"""130002 ALVARAES"";1;-;1"
"""130008 ANAMA"";1;-;1"
"""130010 ANORI"";2;-;2"
"""130014 APUI"";16;-;16"
"""130020 ATALAIA DO NORTE"";9;-;9"
"""130040 BARCELOS"";11;-;11"
"""130050 BARREIRINHA"";19;-;19"
"""130060 BENJAMIN CONSTANT"";8;-;8"
"""130063 BERURI"";5;-;5"
"""130068 BOA VISTA DO RAMOS"";2;-;2"
"""130070 BOCA DO ACRE"";4;-;4"
"""130080 BORBA"";25;-;25"
"""130083 CAAPIRANGA"";3;-;3"
"""130090 CANUTAMA"";8;-;8"
"""130100 CARAUARI"";27;-;27"
"""130120 COARI"";130;-;130"
"""130130 CODAJAS"";28;-;28"
"""130140 EIRUNEPE"";45;1;46"
"""130150 ENVIRA"";17;-;17"
"""130160 FONTE BOA"";31;-;31"
"""130165 GUAJARA"";5;-;5"
"""130170 HUMAITA"";21;-;21"
"""130180 IPIXUNA"";16;-;16"
"""130185 IRANDUBA"";11;-;11"
"""130190 ITACOATIARA"";93;-;93"
"""130195 ITAMARATI"";2;-;2"
"""130200 ITAPIRANGA"";1;-;1"
"""130210 JAPURA"";3;-;3"
"""130240 LABREA"";13;-;13"
"""130250 MANACAPURU"";112;1;113"
"""130260 MANAUS"";5370;483;5853"
"""130270 MANICORE"";29;-;29"
"""130290 MAUES"";71;-;71"
"""130300 NHAMUNDA"";6;-;6"
"""130310 NOVA OLINDA DO NORTE"";3;-;3"
"""130320 NOVO AIRAO"";17;-;17"
"""130330 NOVO ARIPUANA"";16;-;16"
"""130340 PARINTINS"";170;-;170"
"""130350 PAUINI"";20;-;20"
"""130353 PRESIDENTE FIGUEIREDO"";8;-;8"
"""130356 RIO PRETO DA EVA"";5;-;5"
"""130360 SANTA ISABEL DO RIO NEGRO"";13;-;13"
"""130370 SANTO ANTONIO DO ICA"";12;-;12"
"""130380 SAO GABRIEL DA CACHOEIRA"";48;-;48"
"""130390 SAO PAULO DE OLIVENCA"";26;-;26"
"""130395 SAO SEBASTIAO DO UATUMA"";10;-;10"
"""130400 SILVES"";5;-;5"
"""130406 TABATINGA"";3;-;3"
"""130420 TEFE"";53;-;53"
"""130423 TONANTINS"";7;-;7"
"""130426 UARINI"";2;-;2"
"""130430 URUCARA"";16;-;16"
"""130440 URUCURITUBA"";6;-;6"
"""140010 BOA VISTA"";1077;38;1115"
"""140047 RORAINOPOLIS"";7;-;7"
"""140060 SAO LUIZ"";1;-;1"
"""150010 ABAETETUBA"";256;1;257"
"""150013 ABEL FIGUEIREDO"";9;-;9"
"""150020 ACARA"";40;-;40"
"""150034 AGUA AZUL DO NORTE"";12;-;12"
"""150040 ALENQUER"";122;-;122"
"""150050 ALMEIRIM"";28;-;28"
"""150060 ALTAMIRA"";418;4;422"
"""150070 ANAJAS"";8;-;8"
"""150080 ANANINDEUA"";485;125;610"
"""150095 AURORA DO PARA"";22;-;22"
"""150120 BAIAO"";46;-;46"
"""150125 BANNACH"";2;-;2"
"""150130 BARCARENA"";175;5;180"
"""150140 BELEM"";4970;573;5543"
"""150145 BELTERRA"";5;-;5"
"""150157 BOM JESUS DO TOCANTINS"";2;-;2"
"""150170 BRAGANCA"";213;-;213"
"""150172 BRASIL NOVO"";28;-;28"
"""150178 BREU BRANCO"";4;-;4"
"""150180 BREVES"";265;-;265"
"""150210 CAMETA"";152;-;152"
"""150215 CANAA DOS CARAJAS"";50;-;50"
"""150220 CAPANEMA"";293;-;293"
"""150230 CAPITAO POCO"";12;-;12"
"""150240 CASTANHAL"";858;-;858"
"""150250 CHAVES"";1;-;1"
"""150270 CONCEICAO DO ARAGUAIA"";47;-;47"
"""150275 CONCORDIA DO PARA"";20;-;20"
"""150276 CUMARU DO NORTE"";3;-;3"
"""150290 CURUCA"";48;-;48"
"""150293 DOM ELISEU"";54;-;54"
"""150295 ELDORADO DOS CARAJAS"";25;-;25"
"""150304 FLORESTA DO ARAGUAIA"";10;-;10"
"""150307 GARRAFAO DO NORTE"";11;-;11"
"""150310 GURUPA"";19;-;19"
"""150320 IGARAPE-ACU"";59;-;59"
"""150330 IGARAPE-MIRI"";58;-;58"
"""150345 IPIXUNA DO PARA"";41;-;41"
"""150350 IRITUIA"";20;-;20"
"""150360 ITAITUBA"";476;-;476"
"""150370 ITUPIRANGA"";39;-;39"
"""150375 JACAREACANGA"";26;-;26"
"""150380 JACUNDA"";58;-;58"
"""150390 JURUTI"";3;-;3"
"""150400 LIMOEIRO DO AJURU"";8;-;8"
"""150405 MAE DO RIO"";35;-;35"
"""150420 MARABA"";695;3;698"
"""150430 MARACANA"";16;-;16"
"""150440 MARAPANIM"";14;-;14"
"""150442 MARITUBA"";196;2;198"
"""150445 MEDICILANDIA"";12;-;12"
"""150450 MELGACO"";1;-;1"
"""150470 MOJU"";67;-;67"
"""150480 MONTE ALEGRE"";90;-;90"
"""150490 MUANA"";10;-;10"
"""150495 NOVA ESPERANCA DO PIRIA"";4;-;4"
"""150497 NOVA IPIXUNA"";1;-;1"
"""150503 NOVO PROGRESSO"";7;-;7"
"""150506 NOVO REPARTIMENTO"";6;-;6"
"""150510 OBIDOS"";98;-;98"
"""150520 OEIRAS DO PARA"";10;-;10"
"""150530 ORIXIMINA"";129;-;129"
"""150540 OUREM"";36;-;36"
"""150543 OURILANDIA DO NORTE"";160;1;161"
"""150548 PACAJA"";35;-;35"
"""150549 PALESTINA DO PARA"";4;-;4"
"""150550 PARAGOMINAS"";176;-;176"
"""150553 PARAUAPEBAS"";317;-;317"
"""150555 PAU D'ARCO"";9;-;9"
"""150565 PLACAS"";19;-;19"
"""150580 PORTEL"";72;-;72"
"""150600 PRAINHA"";11;-;11"
"""150613 REDENCAO"";332;16;348"
"""150616 RIO MARIA"";21;-;21"
"""150618 RONDON DO PARA"";2;-;2"
"""150619 RUROPOLIS"";44;-;44"
"""150620 SALINOPOLIS"";50;-;50"
"""150650 SANTA IZABEL DO PARA"";86;-;86"
"""150660 SANTA MARIA DO PARA"";34;-;34"
"""150680 SANTAREM"";583;16;599"
"""150700 SANTO ANTONIO DO TAUA"";3;-;3"
"""150720 SAO DOMINGOS DO CAPIM"";15;-;15"
"""150730 SAO FELIX DO XINGU"";25;-;25"
"""150745 SAO GERALDO DO ARAGUAIA"";39;-;39"
"""150747 SAO JOAO DE PIRABAS"";12;-;12"
"""150760 SAO MIGUEL DO GUAMA"";59;-;59"
"""150775 SAPUCAIA"";4;-;4"
"""150790 SOURE"";42;-;42"
"""150795 TAILANDIA"";119;-;119"
"""150797 TERRA SANTA"";25;-;25"
"""150800 TOME-ACU"";95;-;95"
"""150805 TRAIRAO"";21;-;21"
"""150808 TUCUMA"";30;-;30"
"""150810 TUCURUI"";473;1;474"
"""150812 ULIANOPOLIS"";68;-;68"
"""150815 URUARA"";50;-;50"
"""150820 VIGIA"";98;-;98"
"""150830 VISEU"";18;-;18"
"""150835 VITORIA DO XINGU"";33;-;33"
"""150840 XINGUARA"";17;-;17"
"""160010 AMAPA"";1;-;1"
"""160015 PEDRA BRANCA DO AMAPARI"";1;-;1"
"""160027 LARANJAL DO JARI"";99;-;99"
"""160030 MACAPA"";1069;36;1105"
"""160050 OIAPOQUE"";12;-;12"
"""160060 SANTANA"";216;-;216"
"""170070 ALVORADA"";3;-;3"
"""170100 ANANAS"";1;-;1"
"""170200 ARAGUACU"";10;-;10"
"""170210 ARAGUAINA"";872;111;983"
"""170230 ARAPOEMA"";11;-;11"
"""170240 ARRAIAS"";27;-;27"
"""170255 AUGUSTINOPOLIS"";177;-;177"
"""170550 COLINAS DO TOCANTINS"";41;-;41"
"""170700 DIANOPOLIS"";28;-;28"
"""170820 FORMOSO DO ARAGUAIA"";4;-;4"
"""170900 GOIATINS"";1;-;1"
"""170930 GUARAI"";76;-;76"
"""170950 GURUPI"";396;1;397"
"""171050 ITACAJA"";1;-;1"
"""171320 MIRACEMA DO TOCANTINS"";28;-;28"
"""171610 PARAISO DO TOCANTINS"";76;-;76"
"""171620 PARANA"";2;-;2"
"""171650 PEDRO AFONSO"";17;-;17"
"""171820 PORTO NACIONAL"";211;-;211"
"""172090 TAGUATINGA"";11;-;11"
"""172100 PALMAS"";1310;159;1469"
"""172120 TOCANTINOPOLIS"";14;-;14"
"""172210 XAMBIOA"";35;-;35"
"""210005 ACAILANDIA"";261;-;261"
"""210020 ALCANTARA"";1;-;1"
"""210030 ALDEIAS ALTAS"";7;-;7"
"""210043 ALTO ALEGRE DO MARANHAO"";101;-;101"
"""210047 ALTO ALEGRE DO PINDARE"";17;-;17"
"""210060 AMARANTE DO MARANHAO"";14;-;14"
"""210070 ANAJATUBA"";9;-;9"
"""210080 ANAPURUS"";2;-;2"
"""210095 ARAME"";8;-;8"
"""210100 ARARI"";1;-;1"
"""210110 AXIXA"";4;-;4"
"""210120 BACABAL"";602;-;602"
"""210140 BALSAS"";111;-;111"
"""210150 BARAO DE GRAJAU"";5;-;5"
"""210160 BARRA DO CORDA"";142;-;142"
"""210170 BARREIRINHAS"";220;-;220"
"""210177 BELA VISTA DO MARANHAO"";1;-;1"
"""210193 BERNARDO DO MEARIM"";2;-;2"
"""210200 BOM JARDIM"";9;-;9"
"""210203 BOM JESUS DAS SELVAS"";26;-;26"
"""210210 BREJO"";22;-;22"
"""210240 CAJAPIO"";5;-;5"
"""210270 CANTANHEDE"";3;-;3"
"""210290 CARUTAPERA"";42;-;42"
"""210300 CAXIAS"";775;14;789"
"""210320 CHAPADINHA"";65;-;65"
"""210330 CODO"";213;-;213"
"""210340 COELHO NETO"";2;-;2"
"""210350 COLINAS"";124;-;124"
"""210360 COROATA"";248;-;248"
"""210370 CURURUPU"";166;-;166"
"""210400 ESPERANTINOPOLIS"";2;-;2"
"""210408 FERNANDO FALCAO"";1;-;1"
"""210440 GONCALVES DIAS"";2;-;2"
"""210450 GOVERNADOR ARCHER"";2;-;2"
"""210467 GOVERNADOR NUNES FREIRE"";106;-;106"
"""210480 GRAJAU"";255;-;255"
"""210500 HUMBERTO DE CAMPOS"";2;-;2"
"""210515 IGARAPE DO MEIO"";3;-;3"
"""210530 IMPERATRIZ"";1340;72;1412"
"""210535 ITAIPAVA DO GRAJAU"";3;-;3"
"""210540 ITAPECURU MIRIM"";27;-;27"
"""210542 ITINGA DO MARANHAO"";1;-;1"
"""210570 LAGO DA PEDRA"";246;-;246"
"""210580 LAGO DO JUNCO"";4;-;4"
"""210594 LAGO DOS RODRIGUES"";5;-;5"
"""210596 LAGOA GRANDE DO MARANHAO"";1;-;1"
"""210600 LIMA CAMPOS"";18;-;18"
"""210630 MAGALHAES DE ALMEIDA"";2;-;2"
"""210660 MATOES"";42;-;42"
"""210670 MIRADOR"";11;-;11"
"""210675 MIRANDA DO NORTE"";5;-;5"
"""210690 MONCAO"";38;-;38"
"""210710 MORROS"";8;-;8"
"""210720 NINA RODRIGUES"";6;-;6"
"""210760 PALMEIRANDIA"";6;-;6"
"""210770 PARAIBANO"";16;-;16"
"""210780 PARNARAMA"";34;-;34"
"""210790 PASSAGEM FRANCA"";8;-;8"
"""210800 PASTOS BONS"";1;-;1"
"""210820 PEDREIRAS"";175;-;175"
"""210830 PENALVA"";4;-;4"
"""210840 PERI MIRIM"";3;-;3"
"""210845 PERITORO"";113;1;114"
"""210850 PINDARE-MIRIM"";7;-;7"
"""210860 PINHEIRO"";334;-;334"
"""210880 PIRAPEMAS"";6;-;6"
"""210890 POCAO DE PEDRAS"";4;-;4"
"""210900 PORTO FRANCO"";115;-;115"
"""210910 PRESIDENTE DUTRA"";603;-;603"
"""210920 PRESIDENTE JUSCELINO"";1;-;1"
"""210923 PRESIDENTE MEDICI"";2;-;2"
"""210927 PRESIDENTE SARNEY"";1;-;1"
"""210930 PRESIDENTE VARGAS"";3;-;3"
"""210950 RIACHAO"";6;-;6"
"""210960 ROSARIO"";3;-;3"
"""210980 SANTA HELENA"";20;-;20"
"""210990 SANTA INES"";521;-;521"
"""211000 SANTA LUZIA"";23;-;23"
"""211003 SANTA LUZIA DO PARUA"";121;2;123"
"""211020 SANTA RITA"";3;-;3"
"""211023 SANTANA DO MARANHAO"";4;-;4"
"""211040 SAO BENEDITO DO RIO PRETO"";2;-;2"
"""211060 SAO BERNARDO"";7;-;7"
"""211090 SAO FRANCISCO DO MARANHAO"";14;-;14"
"""211107 SAO JOAO DO SOTER"";6;-;6"
"""211110 SAO JOAO DOS PATOS"";8;-;8"
"""211120 SAO JOSE DE RIBAMAR"";7;-;7"
"""211130 SAO LUIS"";5867;416;6283"
"""211150 SAO MATEUS DO MARANHAO"";47;-;47"
"""211170 SAO VICENTE FERRER"";3;-;3"
"""211180 SITIO NOVO"";13;-;13"
"""211190 SUCUPIRA DO NORTE"";8;-;8"
"""211195 SUCUPIRA DO RIACHAO"";4;-;4"
"""211200 TASSO FRAGOSO"";1;-;1"
"""211210 TIMBIRAS"";70;-;70"
"""211220 TIMON"";269;-;269"
"""211223 TRIZIDELA DO VALE"";27;-;27"
"""211230 TUNTUM"";1;-;1"
"""211240 TURIACU"";6;-;6"
"""211245 TURILANDIA"";2;-;2"
"""211250 TUTOIA"";7;-;7"
"""211260 URBANO SANTOS"";5;-;5"
"""211270 VARGEM GRANDE"";30;-;30"
"""211280 VIANA"";75;-;75"
"""211285 VILA NOVA DOS MARTIRIOS"";5;-;5"
"""211290 VITORIA DO MEARIM"";9;-;9"
"""211300 VITORINO FREIRE"";22;-;22"
"""211400 ZE DOCA"";38;-;38"
"""220020 AGUA BRANCA"";34;-;34"
"""220040 ALTOS"";64;-;64"
"""220050 AMARANTE"";38;-;38"
"""220120 BARRAS"";38;-;38"
"""220150 BATALHA"";8;-;8"
"""220160 BENEDITINOS"";2;-;2"
"""220190 BOM JESUS"";246;1;247"
"""220220 CAMPO MAIOR"";321;-;321"
"""220230 CANTO DO BURITI"";18;-;18"
"""220260 CASTELO DO PIAUI"";2;-;2"
"""220270 COCAL"";9;-;9"
"""220290 CORRENTE"";33;-;33"
"""220320 CURIMATA"";23;-;23"
"""220330 DEMERVAL LOBAO"";34;-;34"
"""220350 ELESBAO VELOSO"";38;-;38"
"""220370 ESPERANTINA"";110;-;110"
"""220390 FLORIANO"";563;-;563"
"""220450 GUADALUPE"";15;-;15"
"""220470 INHUMA"";2;-;2"
"""220480 IPIRANGA DO PIAUI"";1;-;1"
"""220510 ITAUEIRA"";5;-;5"
"""220520 JAICOS"";6;-;6"
"""220540 JOAQUIM PIRES"";1;-;1"
"""220570 LUIS CORREIA"";3;-;3"
"""220580 LUZILANDIA"";72;-;72"
"""220700 OEIRAS"";180;-;180"
"""220770 PARNAIBA"";1084;10;1094"
"""220780 PAULISTANA"";26;-;26"
"""220790 PEDRO II"";69;-;69"
"""220800 PICOS"";544;-;544"
"""220810 PIMENTEIRAS"";1;-;1"
"""220820 PIO IX"";6;-;6"
"""220840 PIRIPIRI"";324;3;327"
"""220850 PORTO"";2;-;2"
"""220880 REGENERACAO"";47;-;47"
"""221000 SAO JOAO DO PIAUI"";71;-;71"
"""221040 SAO MIGUEL DO TAPUIO"";10;-;10"
"""221050 SAO PEDRO DO PIAUI"";22;-;22"
"""221060 SAO RAIMUNDO NONATO"";258;-;258"
"""221080 SIMPLICIO MENDES"";24;-;24"
"""221100 TERESINA"";3481;392;3873"
"""221110 UNIAO"";53;-;53"
"""221120 URUCUI"";48;-;48"
"""221130 VALENCA DO PIAUI"";57;-;57"
"""230020 ACARAU"";80;-;80"
"""230030 ACOPIARA"";93;-;93"
"""230040 AIUABA"";5;-;5"
"""230070 ALTO SANTO"";24;-;24"
"""230080 ANTONINA DO NORTE"";3;-;3"
"""230090 APUIARES"";13;-;13"
"""230100 AQUIRAZ"";87;-;87"
"""230110 ARACATI"";164;-;164"
"""230120 ARACOIABA"";94;-;94"
"""230130 ARARIPE"";14;-;14"
"""230140 ARATUBA"";19;-;19"
"""230150 ARNEIROZ"";1;-;1"
"""230160 ASSARE"";27;-;27"
"""230170 AURORA"";27;-;27"
"""230180 BAIXIO"";2;-;2"
"""230185 BANABUIU"";14;-;14"
"""230190 BARBALHA"";788;149;937"
"""230195 BARREIRA"";4;-;4"
"""230200 BARRO"";13;-;13"
"""230220 BEBERIBE"";81;-;81"
"""230230 BELA CRUZ"";20;-;20"
"""230240 BOA VIAGEM"";56;-;56"
"""230250 BREJO SANTO"";310;-;310"
"""230260 CAMOCIM"";60;-;60"
"""230270 CAMPOS SALES"";45;-;45"
"""230280 CANINDE"";232;-;232"
"""230290 CAPISTRANO"";8;-;8"
"""230300 CARIDADE"";11;-;11"
"""230310 CARIRE"";19;-;19"
"""230320 CARIRIACU"";17;-;17"
"""230330 CARIUS"";22;-;22"
"""230340 CARNAUBAL"";23;-;23"
"""230350 CASCAVEL"";51;-;51"
"""230365 CATUNDA"";13;-;13"
"""230370 CAUCAIA"";432;-;432"
"""230380 CEDRO"";45;-;45"
"""230390 CHAVAL"";5;-;5"
"""230395 CHOROZINHO"";18;-;18"
"""230400 COREAU"";22;-;22"
"""230410 CRATEUS"";460;-;460"
"""230420 CRATO"";454;-;454"
"""230423 CROATA"";21;-;21"
"""230425 CRUZ"";50;-;50"
"""230426 DEPUTADO IRAPUAN PINHEIRO"";9;-;9"
"""230427 ERERE"";1;-;1"
"""230428 EUSEBIO"";98;-;98"
"""230430 FARIAS BRITO"";30;-;30"
"""230440 FORTALEZA"";8300;1036;9336"
"""230445 FORTIM"";8;-;8"
"""230450 FRECHEIRINHA"";19;-;19"
"""230460 GENERAL SAMPAIO"";9;-;9"
"""230470 GRANJA"";1;-;1"
"""230480 GRANJEIRO"";2;-;2"
"""230490 GROAIRAS"";14;-;14"
"""230495 GUAIUBA"";7;-;7"
"""230500 GUARACIABA DO NORTE"";33;-;33"
"""230510 GUARAMIRANGA"";1;-;1"
"""230520 HIDROLANDIA"";30;-;30"
"""230523 HORIZONTE"";47;-;47"
"""230526 IBARETAMA"";4;-;4"
"""230530 IBIAPINA"";32;-;32"
"""230540 ICO"";142;-;142"
"""230550 IGUATU"";453;-;453"
"""230560 INDEPENDENCIA"";19;-;19"
"""230570 IPAUMIRIM"";9;-;9"
"""230580 IPU"";69;-;69"
"""230590 IPUEIRAS"";40;-;40"
"""230600 IRACEMA"";47;-;47"
"""230610 IRAUCUBA"";16;-;16"
"""230620 ITAICABA"";3;-;3"
"""230625 ITAITINGA"";58;-;58"
"""230630 ITAPAJE"";42;-;42"
"""230640 ITAPIPOCA"";364;-;364"
"""230650 ITAPIUNA"";10;-;10"
"""230655 ITAREMA"";35;-;35"
"""230670 JAGUARETAMA"";24;-;24"
"""230680 JAGUARIBARA"";15;-;15"
"""230690 JAGUARIBE"";18;-;18"
"""230700 JAGUARUANA"";34;-;34"
"""230710 JARDIM"";41;-;41"
"""230725 JIJOCA DE JERICOACOARA"";12;-;12"
"""230730 JUAZEIRO DO NORTE"";1412;6;1418"
"""230740 JUCAS"";43;-;43"
"""230750 LAVRAS DA MANGABEIRA"";27;-;27"
"""230760 LIMOEIRO DO NORTE"";500;2;502"
"""230763 MADALENA"";13;-;13"
"""230765 MARACANAU"";521;-;521"
"""230770 MARANGUAPE"";154;-;154"
"""230780 MARCO"";26;-;26"
"""230790 MARTINOPOLE"";2;-;2"
"""230800 MASSAPE"";8;-;8"
"""230810 MAURITI"";80;-;80"
"""230820 MERUOCA"";10;-;10"
"""230830 MILAGRES"";25;-;25"
"""230835 MILHA"";14;-;14"
"""230840 MISSAO VELHA"";30;-;30"
"""230850 MOMBACA"";91;-;91"
"""230860 MONSENHOR TABOSA"";12;-;12"
"""230870 MORADA NOVA"";56;-;56"
"""230890 MORRINHOS"";3;-;3"
"""230900 MUCAMBO"";64;-;64"
"""230910 MULUNGU"";11;-;11"
"""230930 NOVA RUSSAS"";74;-;74"
"""230940 NOVO ORIENTE"";31;-;31"
"""230945 OCARA"";25;-;25"
"""230950 OROS"";42;-;42"
"""230960 PACAJUS"";75;-;75"
"""230970 PACATUBA"";8;-;8"
"""230980 PACOTI"";2;-;2"
"""231010 PALMACIA"";6;-;6"
"""231020 PARACURU"";60;-;60"
"""231025 PARAIPABA"";14;-;14"
"""231030 PARAMBU"";14;-;14"
"""231040 PARAMOTI"";5;-;5"
"""231050 PEDRA BRANCA"";41;-;41"
"""231060 PENAFORTE"";6;-;6"
"""231070 PENTECOSTE"";11;-;11"
"""231080 PEREIRO"";31;-;31"
"""231085 PINDORETAMA"";19;-;19"
"""231090 PIQUET CARNEIRO"";12;-;12"
"""231100 PORANGA"";6;-;6"
"""231110 PORTEIRAS"";10;-;10"
"""231120 POTENGI"";6;-;6"
"""231126 QUITERIANOPOLIS"";8;-;8"
"""231130 QUIXADA"";188;-;188"
"""231135 QUIXELO"";27;-;27"
"""231140 QUIXERAMOBIM"";469;-;469"
"""231150 QUIXERE"";22;-;22"
"""231160 REDENCAO"";65;-;65"
"""231170 RERIUTABA"";21;-;21"
"""231180 RUSSAS"";132;-;132"
"""231190 SABOEIRO"";18;-;18"
"""231195 SALITRE"";12;-;12"
"""231200 SANTANA DO ACARAU"";2;-;2"
"""231210 SANTANA DO CARIRI"";19;-;19"
"""231220 SANTA QUITERIA"";35;-;35"
"""231230 SAO BENEDITO"";35;-;35"
"""231240 SAO GONCALO DO AMARANTE"";192;-;192"
"""231260 SAO LUIS DO CURU"";2;-;2"
"""231270 SENADOR POMPEU"";44;-;44"
"""231290 SOBRAL"";2482;198;2680"
"""231300 SOLONOPOLE"";36;-;36"
"""231310 TABULEIRO DO NORTE"";47;-;47"
"""231320 TAMBORIL"";40;-;40"
"""231325 TARRAFAS"";1;-;1"
"""231330 TAUA"";324;-;324"
"""231335 TEJUCUOCA"";6;-;6"
"""231340 TIANGUA"";305;-;305"
"""231350 TRAIRI"";41;-;41"
"""231355 TURURU"";3;-;3"
"""231360 UBAJARA"";25;-;25"
"""231380 URUBURETAMA"";3;-;3"
"""231390 URUOCA"";1;-;1"
"""231395 VARJOTA"";17;-;17"
"""231400 VARZEA ALEGRE"";125;-;125"
"""231410 VICOSA DO CEARA"";38;-;38"
"""240020 ACU"";100;-;100"
"""240050 ALEXANDRIA"";16;-;16"
"""240060 ALMINO AFONSO"";2;-;2"
"""240070 ALTO DO RODRIGUES"";9;-;9"
"""240080 ANGICOS"";6;-;6"
"""240100 APODI"";41;-;41"
"""240110 AREIA BRANCA"";5;-;5"
"""240145 BARAUNA"";18;-;18"
"""240180 BREJINHO"";10;-;10"
"""240200 CAICO"";486;-;486"
"""240230 CARAUBAS"";7;-;7"
"""240240 CARNAUBA DOS DANTAS"";2;-;2"
"""240250 CARNAUBAIS"";1;-;1"
"""240260 CEARA-MIRIM"";93;-;93"
"""240270 CERRO CORA"";1;-;1"
"""240290 CORONEL JOAO PESSOA"";1;-;1"
"""240310 CURRAIS NOVOS"";176;1;177"
"""240325 PARNAMIRIM"";192;1;193"
"""240330 ENCANTO"";1;-;1"
"""240340 EQUADOR"";12;-;12"
"""240360 EXTREMOZ"";49;-;49"
"""240370 FELIPE GUERRA"";4;-;4"
"""240400 FRUTUOSO GOMES"";2;-;2"
"""240420 GOIANINHA"";40;-;40"
"""240430 GOVERNADOR DIX-SEPT ROSADO"";6;-;6"
"""240450 GUAMARE"";31;-;31"
"""240520 JANDUIS"";9;-;9"
"""240530 JANUARIO CICCO"";8;-;8"
"""240560 JARDIM DE PIRANHAS"";11;-;11"
"""240570 JARDIM DO SERIDO"";23;-;23"
"""240580 JOAO CAMARA"";137;-;137"
"""240610 JUCURUTU"";27;-;27"
"""240670 LAJES"";26;-;26"
"""240710 MACAIBA"";134;-;134"
"""240720 MACAU"";41;-;41"
"""240725 MAJOR SALES"";1;-;1"
"""240740 MARTINS"";9;-;9"
"""240760 MESSIAS TARGINO"";3;-;3"
"""240800 MOSSORO"";1303;71;1374"
"""240810 NATAL"";3114;345;3459"
"""240830 NOVA CRUZ"";63;-;63"
"""240890 PARELHAS"";25;-;25"
"""240910 PASSA E FICA"";19;-;19"
"""240930 PATU"";6;-;6"
"""240940 PAU DOS FERROS"";403;-;403"
"""240980 PEDRO VELHO"";12;-;12"
"""240990 PENDENCIAS"";13;-;13"
"""241000 PILOES"";4;-;4"
"""241020 PORTALEGRE"";3;-;3"
"""241030 SERRA CAIADA"";5;-;5"
"""241100 RODOLFO FERNANDES"";2;-;2"
"""241120 SANTA CRUZ"";74;-;74"
"""241140 SANTANA DO MATOS"";8;-;8"
"""241142 SANTANA DO SERIDO"";5;-;5"
"""241150 SANTO ANTONIO"";214;-;214"
"""241200 SAO GONCALO DO AMARANTE"";275;-;275"
"""241230 SAO JOSE DO CAMPESTRE"";11;-;11"
"""241240 SAO JOSE DO SERIDO"";3;-;3"
"""241260 SAO PAULO DO POTENGI"";142;-;142"
"""241280 SAO RAFAEL"";9;-;9"
"""241300 SAO VICENTE"";2;-;2"
"""241335 SERRA DO MEL"";4;-;4"
"""241340 SERRA NEGRA DO NORTE"";2;-;2"
"""241355 SERRINHA DOS PINTOS"";2;-;2"
"""241380 TABOLEIRO GRANDE"";1;-;1"
"""241400 TANGARA"";16;-;16"
"""241420 TIBAU DO SUL"";8;-;8"
"""241440 TOUROS"";49;-;49"
"""241445 TRIUNFO POTIGUAR"";1;-;1"
"""241450 UMARIZAL"";2;-;2"
"""241460 UPANEMA"";7;-;7"
"""250010 AGUA BRANCA"";1;-;1"
"""250030 ALAGOA GRANDE"";24;-;24"
"""250040 ALAGOA NOVA"";17;-;17"
"""250070 SAO JOAO DO RIO DO PEIXE"";6;-;6"
"""250110 AREIA"";27;-;27"
"""250130 AROEIRAS"";19;-;19"
"""250150 BANANEIRAS"";18;-;18"
"""250190 BELEM"";24;-;24"
"""250200 BELEM DO BREJO DO CRUZ"";3;-;3"
"""250240 BONITO DE SANTA FE"";4;-;4"
"""250250 BOQUEIRAO"";23;-;23"
"""250280 BREJO DO CRUZ"";9;-;9"
"""250300 CAAPORA"";28;-;28"
"""250320 CABEDELO"";98;-;98"
"""250370 CAJAZEIRAS"";472;-;472"
"""250400 CAMPINA GRANDE"";3047;214;3261"
"""250430 CATOLE DO ROCHA"";192;-;192"
"""250440 CONCEICAO"";20;-;20"
"""250480 COREMAS"";24;-;24"
"""250510 CUITE"";30;-;30"
"""250600 ESPERANCA"";42;-;42"
"""250630 GUARABIRA"";448;-;448"
"""250690 ITABAIANA"";112;-;112"
"""250700 ITAPORANGA"";61;-;61"
"""250710 ITAPOROROCA"";1;-;1"
"""250750 JOAO PESSOA"";3876;372;4248"
"""250770 JUAZEIRINHO"";10;-;10"
"""250800 JURU"";6;-;6"
"""250830 LAGOA SECA"";15;-;15"
"""250890 MAMANGUAPE"";346;-;346"
"""250970 MONTEIRO"";190;-;190"
"""251080 PATOS"";727;20;747"
"""251090 PAULISTA"";11;-;11"
"""251110 PEDRA LAVRADA"";6;-;6"
"""251120 PEDRAS DE FOGO"";57;-;57"
"""251130 PIANCO"";163;-;163"
"""251140 PICUI"";214;-;214"
"""251200 POCINHOS"";3;-;3"
"""251210 POMBAL"";207;-;207"
"""251230 PRINCESA ISABEL"";16;-;16"
"""251250 QUEIMADAS"";76;-;76"
"""251340 SANTA LUZIA"";13;-;13"
"""251370 SANTA RITA"";585;158;743"
"""251390 SAO BENTO"";35;-;35"
"""251450 SAO JOSE DE PIRANHAS"";19;-;19"
"""251490 SAO MAMEDE"";2;-;2"
"""251530 SAPE"";88;-;88"
"""251550 SERRA BRANCA"";36;-;36"
"""251600 SOLANEA"";37;-;37"
"""251610 SOLEDADE"";5;-;5"
"""251620 SOUSA"";264;1;265"
"""251630 SUME"";44;-;44"
"""251650 TAPEROA"";85;-;85"
"""251660 TAVARES"";10;-;10"
"""251690 UIRAUNA"";2;-;2"
"""260010 AFOGADOS DA INGAZEIRA"";273;-;273"
"""260020 AFRANIO"";17;-;17"
"""260030 AGRESTINA"";31;-;31"
"""260040 AGUA PRETA"";3;-;3"
"""260050 AGUAS BELAS"";4;-;4"
"""260060 ALAGOINHA"";4;-;4"
"""260070 ALIANCA"";1;-;1"
"""260080 ALTINHO"";7;-;7"
"""260100 ANGELIM"";3;-;3"
"""260110 ARARIPINA"";245;-;245"
"""260120 ARCOVERDE"";524;-;524"
"""260130 BARRA DE GUABIRABA"";4;-;4"
"""260140 BARREIROS"";17;-;17"
"""260160 BELEM DO SAO FRANCISCO"";4;-;4"
"""260170 BELO JARDIM"";69;-;69"
"""260180 BETANIA"";2;-;2"
"""260190 BEZERROS"";203;-;203"
"""260200 BODOCO"";16;-;16"
"""260210 BOM CONSELHO"";51;-;51"
"""260220 BOM JARDIM"";17;-;17"
"""260230 BONITO"";26;-;26"
"""260240 BREJAO"";8;-;8"
"""260250 BREJINHO"";2;-;2"
"""260260 BREJO DA MADRE DE DEUS"";34;-;34"
"""260280 BUIQUE"";17;-;17"
"""260290 CABO DE SANTO AGOSTINHO"";566;46;612"
"""260300 CABROBO"";18;-;18"
"""260310 CACHOEIRINHA"";21;-;21"
"""260320 CAETES"";16;-;16"
"""260345 CAMARAGIBE"";1;-;1"
"""260350 CAMOCIM DE SAO FELIX"";3;-;3"
"""260360 CAMUTANGA"";3;-;3"
"""260370 CANHOTINHO"";2;-;2"
"""260380 CAPOEIRAS"";8;-;8"
"""260390 CARNAIBA"";10;-;10"
"""260392 CARNAUBEIRA DA PENHA"";1;-;1"
"""260400 CARPINA"";31;-;31"
"""260410 CARUARU"";2407;126;2533"
"""260415 CASINHAS"";8;-;8"
"""260420 CATENDE"";17;-;17"
"""260430 CEDRO"";5;-;5"
"""260450 CHA GRANDE"";23;-;23"
"""260460 CONDADO"";1;-;1"
"""260470 CORRENTES"";9;-;9"
"""260480 CORTES"";5;-;5"
"""260490 CUMARU"";7;-;7"
"""260500 CUPIRA"";26;-;26"
"""260510 CUSTODIA"";20;-;20"
"""260515 DORMENTES"";6;-;6"
"""260520 ESCADA"";46;-;46"
"""260540 FEIRA NOVA"";10;-;10"
"""260560 FLORES"";3;-;3"
"""260570 FLORESTA"";25;-;25"
"""260580 FREI MIGUELINHO"";9;-;9"
"""260600 GARANHUNS"";690;-;690"
"""260610 GLORIA DO GOITA"";4;-;4"
"""260620 GOIANA"";76;-;76"
"""260640 GRAVATA"";48;-;48"
"""260650 IATI"";7;-;7"
"""260660 IBIMIRIM"";7;-;7"
"""260690 IGUARACY"";3;-;3"
"""260700 INAJA"";4;-;4"
"""260750 ITAIBA"";15;-;15"
"""260765 ITAMBE"";12;-;12"
"""260770 ITAPETIM"";13;-;13"
"""260790 JABOATAO DOS GUARARAPES"";906;9;915"
"""260795 JAQUEIRA"";9;-;9"
"""260800 JATAUBA"";15;-;15"
"""260805 JATOBA"";6;-;6"
"""260810 JOAO ALFREDO"";14;-;14"
"""260825 JUCATI"";7;-;7"
"""260830 JUPI"";2;-;2"
"""260840 JUREMA"";5;-;5"
"""260845 LAGOA DO CARRO"";4;-;4"
"""260860 LAGOA DO OURO"";11;-;11"
"""260870 LAGOA DOS GATOS"";1;-;1"
"""260875 LAGOA GRANDE"";20;-;20"
"""260880 LAJEDO"";16;-;16"
"""260890 LIMOEIRO"";328;-;328"
"""260900 MACAPARANA"";12;-;12"
"""260910 MACHADOS"";9;-;9"
"""260915 MANARI"";8;-;8"
"""260930 MIRANDIBA"";2;-;2"
"""260940 MORENO"";325;7;332"
"""260950 NAZARE DA MATA"";25;-;25"
"""260960 OLINDA"";893;-;893"
"""260970 OROBO"";14;-;14"
"""260980 OROCO"";1;-;1"
"""260990 OURICURI"";357;-;357"
"""261000 PALMARES"";627;-;627"
"""261010 PALMEIRINA"";6;-;6"
"""261020 PANELAS"";13;-;13"
"""261030 PARANATAMA"";15;-;15"
"""261040 PARNAMIRIM"";7;-;7"
"""261050 PASSIRA"";13;-;13"
"""261070 PAULISTA"";620;4;624"
"""261080 PEDRA"";4;-;4"
"""261090 PESQUEIRA"";89;-;89"
"""261100 PETROLANDIA"";34;-;34"
"""261110 PETROLINA"";683;75;758"
"""261120 POCAO"";1;-;1"
"""261130 POMBOS"";1;-;1"
"""261150 QUIPAPA"";10;-;10"
"""261160 RECIFE"";13193;1891;15084"
"""261170 RIACHO DAS ALMAS"";12;-;12"
"""261190 RIO FORMOSO"";3;-;3"
"""261200 SAIRE"";12;-;12"
"""261220 SALGUEIRO"";390;1;391"
"""261230 SALOA"";8;-;8"
"""261240 SANHARO"";19;-;19"
"""261245 SANTA CRUZ"";6;-;6"
"""261250 SANTA CRUZ DO CAPIBARIBE"";51;-;51"
"""261255 SANTA FILOMENA"";4;-;4"
"""261260 SANTA MARIA DA BOA VISTA"";19;-;19"
"""261270 SANTA MARIA DO CAMBUCA"";8;-;8"
"""261300 SAO BENTO DO UNA"";38;-;38"
"""261310 SAO CAITANO"";58;-;58"
"""261320 SAO JOAO"";18;-;18"
"""261330 SAO JOAQUIM DO MONTE"";9;-;9"
"""261360 SAO JOSE DO EGITO"";49;-;49"
"""261370 SAO LOURENCO DA MATA"";7;-;7"
"""261380 SAO VICENTE FERRER"";9;-;9"
"""261390 SERRA TALHADA"";814;-;814"
"""261400 SERRITA"";1;-;1"
"""261410 SERTANIA"";8;-;8"
"""261430 MOREILANDIA"";3;-;3"
"""261440 SOLIDAO"";1;-;1"
"""261450 SURUBIM"";60;-;60"
"""261460 TABIRA"";5;-;5"
"""261480 TACARATU"";13;-;13"
"""261485 TAMANDARE"";1;-;1"
"""261500 TAQUARITINGA DO NORTE"";18;-;18"
"""261510 TEREZINHA"";4;-;4"
"""261520 TERRA NOVA"";3;-;3"
"""261530 TIMBAUBA"";23;-;23"
"""261540 TORITAMA"";20;-;20"
"""261570 TRIUNFO"";9;-;9"
"""261580 TUPANATINGA"";3;-;3"
"""261590 TUPARETAMA"";2;-;2"
"""261600 VENTUROSA"";21;-;21"
"""261620 VERTENTES"";32;-;32"
"""261640 VITORIA DE SANTO ANTAO"";243;-;243"
"""270010 AGUA BRANCA"";9;-;9"
"""270030 ARAPIRACA"";1502;110;1612"
"""270040 ATALAIA"";7;-;7"
"""270140 CAMPO ALEGRE"";20;-;20"
"""270170 CAPELA"";3;-;3"
"""270230 CORURIPE"";264;16;280"
"""270240 DELMIRO GOUVEIA"";302;-;302"
"""270400 JUNQUEIRO"";21;-;21"
"""270430 MACEIO"";3575;289;3864"
"""270500 MATA GRANDE"";9;-;9"
"""270630 PALMEIRA DOS INDIOS"";229;-;229"
"""270640 PAO DE ACUCAR"";1;-;1"
"""270670 PENEDO"";87;-;87"
"""270690 PILAR"";41;-;41"
"""270710 PIRANHAS"";2;-;2"
"""270730 PORTO CALVO"";403;-;403"
"""270760 QUEBRANGULO"";2;-;2"
"""270770 RIO LARGO"";26;-;26"
"""270800 SANTANA DO IPANEMA"";295;-;295"
"""270830 SAO JOSE DA LAJE"";1;-;1"
"""270840 SAO JOSE DA TAPERA"";13;-;13"
"""270860 SAO MIGUEL DOS CAMPOS"";147;-;147"
"""270915 TEOTONIO VILELA"";17;-;17"
"""270930 UNIAO DOS PALMARES"";373;-;373"
"""270940 VICOSA"";12;-;12"
"""280020 AQUIDABA"";2;-;2"
"""280030 ARACAJU"";3147;377;3524"
"""280120 CANINDE DE SAO FRANCISCO"";8;-;8"
"""280130 CAPELA"";38;-;38"
"""280210 ESTANCIA"";476;-;476"
"""280290 ITABAIANA"";506;-;506"
"""280350 LAGARTO"";452;-;452"
"""280450 NOSSA SENHORA DA GLORIA"";146;-;146"
"""280480 NOSSA SENHORA DO SOCORRO"";314;-;314"
"""280570 PROPRIA"";115;-;115"
"""280590 RIACHUELO"";8;-;8"
"""280670 SAO CRISTOVAO"";73;-;73"
"""280710 SIMAO DIAS"";81;-;81"
"""290020 ABARE"";17;-;17"
"""290035 ADUSTINA"";9;-;9"
"""290040 AGUA FRIA"";10;-;10"
"""290070 ALAGOINHAS"";886;1;887"
"""290080 ALCOBACA"";27;-;27"
"""290100 AMARGOSA"";111;-;111"
"""290110 AMELIA RODRIGUES"";21;-;21"
"""290115 AMERICA DOURADA"";12;-;12"
"""290120 ANAGE"";19;-;19"
"""290140 ANGICAL"";8;-;8"
"""290150 ANGUERA"";11;-;11"
"""290160 ANTAS"";48;-;48"
"""290200 ARACATU"";26;-;26"
"""290205 ARACAS"";6;-;6"
"""290210 ARACI"";38;-;38"
"""290240 AURELINO LEAL"";26;-;26"
"""290260 BAIXA GRANDE"";27;-;27"
"""290270 BARRA"";206;-;206"
"""290280 BARRA DA ESTIVA"";61;-;61"
"""290290 BARRA DO CHOCA"";40;-;40"
"""290300 BARRA DO MENDES"";21;-;21"
"""290320 BARREIRAS"";789;53;842"
"""290323 BARRO ALTO"";8;-;8"
"""290327 BARROCAS"";20;-;20"
"""290330 BARRO PRETO"";2;-;2"
"""290340 BELMONTE"";25;-;25"
"""290350 BELO CAMPO"";33;-;33"
"""290360 BIRITINGA"";5;-;5"
"""290390 BOM JESUS DA LAPA"";205;-;205"
"""290395 BOM JESUS DA SERRA"";3;-;3"
"""290400 BONINAL"";2;-;2"
"""290405 BONITO"";10;-;10"
"""290410 BOQUIRA"";55;-;55"
"""290420 BOTUPORA"";4;-;4"
"""290430 BREJOES"";8;-;8"
"""290440 BREJOLANDIA"";9;-;9"
"""290450 BROTAS DE MACAUBAS"";1;-;1"
"""290460 BRUMADO"";311;-;311"
"""290480 CAATIBA"";3;-;3"
"""290490 CACHOEIRA"";57;-;57"
"""290500 CACULE"";34;-;34"
"""290510 CAEM"";24;-;24"
"""290520 CAETITE"";384;-;384"
"""290530 CAFARNAUM"";10;-;10"
"""290550 CALDEIRAO GRANDE"";3;-;3"
"""290560 CAMACAN"";129;-;129"
"""290570 CAMACARI"";265;1;266"
"""290580 CAMAMU"";35;-;35"
"""290590 CAMPO ALEGRE DE LOURDES"";37;-;37"
"""290600 CAMPO FORMOSO"";304;-;304"
"""290610 CANAPOLIS"";13;-;13"
"""290620 CANARANA"";19;-;19"
"""290630 CANAVIEIRAS"";30;-;30"
"""290650 CANDEIAS"";260;-;260"
"""290660 CANDIBA"";13;-;13"
"""290680 CANSANCAO"";86;-;86"
"""290682 CANUDOS"";14;-;14"
"""290685 CAPELA DO ALTO ALEGRE"";7;-;7"
"""290687 CAPIM GROSSO"";18;-;18"
"""290690 CARAVELAS"";49;-;49"
"""290710 CARINHANHA"";24;-;24"
"""290720 CASA NOVA"";51;-;51"
"""290730 CASTRO ALVES"";36;-;36"
"""290750 CATU"";95;-;95"
"""290760 CENTRAL"";30;-;30"
"""290770 CHORROCHO"";1;-;1"
"""290780 CICERO DANTAS"";26;-;26"
"""290790 CIPO"";42;-;42"
"""290800 COARACI"";20;-;20"
"""290810 COCOS"";37;-;37"
"""290830 CONCEICAO DO ALMEIDA"";24;-;24"
"""290840 CONCEICAO DO COITE"";145;-;145"
"""290850 CONCEICAO DO JACUIPE"";32;-;32"
"""290860 CONDE"";14;-;14"
"""290870 CONDEUBA"";34;-;34"
"""290890 CORACAO DE MARIA"";1;-;1"
"""290900 CORDEIROS"";17;-;17"
"""290930 CORRENTINA"";71;-;71"
"""290960 CRISOPOLIS"";17;-;17"
"""290980 CRUZ DAS ALMAS"";16;-;16"
"""290990 CURACA"";60;-;60"
"""291005 DIAS D'AVILA"";38;-;38"
"""291010 DOM BASILIO"";23;-;23"
"""291030 ELISIO MEDRADO"";10;-;10"
"""291040 ENCRUZILHADA"";29;-;29"
"""291050 ENTRE RIOS"";24;-;24"
"""291060 ESPLANADA"";49;-;49"
"""291070 EUCLIDES DA CUNHA"";171;-;171"
"""291072 EUNAPOLIS"";373;-;373"
"""291080 FEIRA DE SANTANA"";2158;165;2323"
"""291085 FILADELFIA"";17;-;17"
"""291110 FORMOSA DO RIO PRETO"";23;-;23"
"""291120 GANDU"";45;-;45"
"""291130 GENTIO DO OURO"";6;-;6"
"""291150 GONGOGI"";8;-;8"
"""291170 GUANAMBI"";397;1;398"
"""291180 GUARATINGA"";12;-;12"
"""291190 IACU"";14;-;14"
"""291200 IBIASSUCE"";19;-;19"
"""291210 IBICARAI"";41;-;41"
"""291230 IBICUI"";4;-;4"
"""291240 IBIPEBA"";15;-;15"
"""291250 IBIPITANGA"";30;-;30"
"""291280 IBIRAPUA"";7;-;7"
"""291290 IBIRATAIA"";36;-;36"
"""291300 IBITIARA"";14;-;14"
"""291320 IBOTIRAMA"";104;-;104"
"""291340 IGAPORA"";20;-;20"
"""291350 IGUAI"";26;-;26"
"""291360 ILHEUS"";1140;14;1154"
"""291370 INHAMBUPE"";32;-;32"
"""291390 IPIAU"";85;-;85"
"""291400 IPIRA"";8;-;8"
"""291410 IPUPIARA"";9;-;9"
"""291420 IRAJUBA"";7;-;7"
"""291440 IRAQUARA"";31;-;31"
"""291450 IRARA"";38;-;38"
"""291460 IRECE"";636;18;654"
"""291465 ITABELA"";65;-;65"
"""291470 ITABERABA"";372;-;372"
"""291480 ITABUNA"";1324;64;1388"
"""291490 ITACARE"";3;-;3"
"""291500 ITAETE"";4;-;4"
"""291510 ITAGI"";9;-;9"
"""291535 ITAGUACU DA BAHIA"";16;-;16"
"""291540 ITAJU DO COLONIA"";5;-;5"
"""291560 ITAMARAJU"";172;-;172"
"""291580 ITAMBE"";59;-;59"
"""291600 ITANHEM"";47;-;47"
"""291610 ITAPARICA"";114;-;114"
"""291630 ITAPEBI"";7;-;7"
"""291640 ITAPETINGA"";276;-;276"
"""291650 ITAPICURU"";5;-;5"
"""291660 ITAPITANGA"";5;-;5"
"""291670 ITAQUARA"";9;-;9"
"""291680 ITARANTIM"";21;-;21"
"""291685 ITATIM"";10;-;10"
"""291690 ITIRUCU"";29;-;29"
"""291700 ITIUBA"";54;-;54"
"""291720 ITUACU"";26;-;26"
"""291730 ITUBERA"";24;-;24"
"""291733 IUIU"";7;-;7"
"""291740 JACARACI"";29;-;29"
"""291750 JACOBINA"";259;-;259"
"""291760 JAGUAQUARA"";101;-;101"
"""291770 JAGUARARI"";30;-;30"
"""291800 JEQUIE"";1086;15;1101"
"""291810 JEREMOABO"";25;-;25"
"""291820 JIQUIRICA"";17;-;17"
"""291835 JOAO DOURADO"";23;-;23"
"""291840 JUAZEIRO"";916;41;957"
"""291850 JUSSARA"";3;-;3"
"""291855 JUSSARI"";1;-;1"
"""291860 JUSSIAPE"";12;-;12"
"""291880 LAJE"";19;-;19"
"""291915 LAPAO"";47;-;47"
"""291920 LAURO DE FREITAS"";742;1;743"
"""291940 LICINIO DE ALMEIDA"";11;-;11"
"""291950 LIVRAMENTO DE NOSSA SENHORA"";105;-;105"
"""291960 MACAJUBA"";7;-;7"
"""291970 MACARANI"";44;-;44"
"""291980 MACAUBAS"";74;-;74"
"""291992 MADRE DE DEUS"";20;-;20"
"""292000 MAIQUINIQUE"";20;-;20"
"""292010 MAIRI"";54;-;54"
"""292020 MALHADA"";22;-;22"
"""292050 MARACAS"";40;-;40"
"""292080 MARCIONILIO SOUZA"";8;-;8"
"""292100 MATA DE SAO JOAO"";69;-;69"
"""292105 MATINA"";11;-;11"
"""292110 MEDEIROS NETO"";68;-;68"
"""292120 MIGUEL CALMON"";96;-;96"
"""292130 MILAGRES"";1;-;1"
"""292150 MONTE SANTO"";113;-;113"
"""292170 MORRO DO CHAPEU"";60;-;60"
"""292180 MORTUGABA"";33;-;33"
"""292190 MUCUGE"";8;-;8"
"""292200 MUCURI"";52;-;52"
"""292205 MULUNGU DO MORRO"";4;-;4"
"""292210 MUNDO NOVO"";23;-;23"
"""292240 MUTUIPE"";19;-;19"
"""292250 NAZARE"";94;-;94"
"""292265 NORDESTINA"";20;-;20"
"""292273 NOVA FATIMA"";7;-;7"
"""292290 NOVA SOURE"";16;-;16"
"""292300 NOVA VICOSA"";59;-;59"
"""292310 OLINDINA"";47;-;47"
"""292320 OLIVEIRA DOS BREJINHOS"";44;-;44"
"""292330 OURICANGAS"";4;-;4"
"""292335 OUROLANDIA"";14;-;14"
"""292340 PALMAS DE MONTE ALTO"";37;-;37"
"""292360 PARAMIRIM"";57;-;57"
"""292380 PARIPIRANGA"";24;-;24"
"""292390 PAU BRASIL"";3;-;3"
"""292400 PAULO AFONSO"";222;-;222"
"""292405 PE DE SERRA"";21;-;21"
"""292430 PIATA"";15;-;15"
"""292450 PINDAI"";9;-;9"
"""292460 PINDOBACU"";56;-;56"
"""292465 PINTADAS"";15;-;15"
"""292470 PIRIPA"";19;-;19"
"""292480 PIRITIBA"";6;-;6"
"""292500 PLANALTO"";27;-;27"
"""292510 POCOES"";115;-;115"
"""292520 POJUCA"";46;-;46"
"""292525 PONTO NOVO"";1;-;1"
"""292530 PORTO SEGURO"";427;2;429"
"""292550 PRADO"";25;-;25"
"""292560 PRESIDENTE DUTRA"";2;-;2"
"""292575 PRESIDENTE TANCREDO NEVES"";11;-;11"
"""292595 RAFAEL JAMBEIRO"";23;-;23"
"""292600 REMANSO"";130;-;130"
"""292610 RETIROLANDIA"";23;-;23"
"""292620 RIACHAO DAS NEVES"";5;-;5"
"""292630 RIACHAO DO JACUIPE"";64;-;64"
"""292640 RIACHO DE SANTANA"";42;-;42"
"""292650 RIBEIRA DO AMPARO"";11;-;11"
"""292660 RIBEIRA DO POMBAL"";425;1;426"
"""292670 RIO DE CONTAS"";23;-;23"
"""292690 RIO DO PIRES"";25;-;25"
"""292700 RIO REAL"";37;-;37"
"""292720 RUY BARBOSA"";76;-;76"
"""292730 SALINAS DA MARGARIDA"";16;-;16"
"""292740 SALVADOR"";8830;781;9611"
"""292750 SANTA BARBARA"";23;-;23"
"""292770 SANTA CRUZ CABRALIA"";26;-;26"
"""292790 SANTA INES"";24;-;24"
"""292800 SANTALUZ"";59;-;59"
"""292810 SANTA MARIA DA VITORIA"";79;-;79"
"""292820 SANTANA"";66;-;66"
"""292830 SANTANOPOLIS"";7;-;7"
"""292840 SANTA RITA DE CASSIA"";74;-;74"
"""292850 SANTA TEREZINHA"";17;-;17"
"""292860 SANTO AMARO"";35;-;35"
"""292870 SANTO ANTONIO DE JESUS"";827;7;834"
"""292880 SANTO ESTEVAO"";46;-;46"
"""292895 SAO DOMINGOS"";11;-;11"
"""292900 SAO FELIX"";110;-;110"
"""292905 SAO FELIX DO CORIBE"";18;-;18"
"""292910 SAO FELIPE"";41;-;41"
"""292925 SAO GABRIEL"";8;-;8"
"""292930 SAO GONCALO DOS CAMPOS"";4;-;4"
"""292940 SAO MIGUEL DAS MATAS"";1;-;1"
"""292950 SAO SEBASTIAO DO PASSE"";61;-;61"
"""292960 SAPEACU"";28;-;28"
"""292970 SATIRO DIAS"";10;-;10"
"""292980 SAUDE"";23;-;23"
"""292990 SEABRA"";355;1;356"
"""293000 SEBASTIAO LARANJEIRAS"";15;-;15"
"""293010 SENHOR DO BONFIM"";265;-;265"
"""293015 SERRA DO RAMALHO"";42;-;42"
"""293020 SENTO SE"";24;-;24"
"""293030 SERRA DOURADA"";8;-;8"
"""293040 SERRA PRETA"";15;-;15"
"""293050 SERRINHA"";103;-;103"
"""293060 SERROLANDIA"";9;-;9"
"""293070 SIMOES FILHO"";135;-;135"
"""293077 SOBRADINHO"";18;-;18"
"""293080 SOUTO SOARES"";7;-;7"
"""293090 TABOCAS DO BREJO VELHO"";6;-;6"
"""293100 TANHACU"";20;-;20"
"""293105 TANQUE NOVO"";40;-;40"
"""293110 TANQUINHO"";11;-;11"
"""293130 TAPIRAMUTA"";34;-;34"
"""293135 TEIXEIRA DE FREITAS"";644;23;667"
"""293150 TEOFILANDIA"";7;-;7"
"""293160 TEOLANDIA"";2;-;2"
"""293180 TREMEDAL"";17;-;17"
"""293190 TUCANO"";11;-;11"
"""293200 UAUA"";58;-;58"
"""293210 UBAIRA"";50;-;50"
"""293220 UBAITABA"";24;-;24"
"""293250 UNA"";34;-;34"
"""293260 URANDI"";33;-;33"
"""293280 UTINGA"";15;-;15"
"""293290 VALENCA"";183;-;183"
"""293300 VALENTE"";14;-;14"
"""293305 VARZEA DA ROCA"";9;-;9"
"""293310 VARZEA DO POCO"";8;-;8"
"""293315 VARZEA NOVA"";7;-;7"
"""293325 VEREDA"";9;-;9"
"""293330 VITORIA DA CONQUISTA"";1868;147;2015"
"""293340 WAGNER"";3;-;3"
"""293345 WANDERLEY"";9;-;9"
"""293350 WENCESLAU GUIMARAES"";20;-;20"
"""293360 XIQUE-XIQUE"";99;-;99"
"""310020 ABAETE"";62;-;62"
"""310030 ABRE CAMPO"";44;-;44"
"""310060 AGUA BOA"";10;-;10"
"""310090 AGUAS FORMOSAS"";68;-;68"
"""310100 AGUAS VERMELHAS"";24;-;24"
"""310110 AIMORES"";91;-;91"
"""310120 AIURUOCA"";127;-;127"
"""310150 ALEM PARAIBA"";165;-;165"
"""310160 ALFENAS"";669;293;962"
"""310170 ALMENARA"";290;-;290"
"""310190 ALPINOPOLIS"";54;-;54"
"""310200 ALTEROSA"";37;-;37"
"""310210 ALTO RIO DOCE"";33;-;33"
"""310230 ALVINOPOLIS"";21;-;21"
"""310260 ANDRADAS"";166;-;166"
"""310270 CACHOEIRA DE PAJEU"";3;-;3"
"""310280 ANDRELANDIA"";41;-;41"
"""310290 ANTONIO CARLOS"";3;-;3"
"""310340 ARACUAI"";239;-;239"
"""310350 ARAGUARI"";519;2;521"
"""310375 ARAPORA"";20;-;20"
"""310400 ARAXA"";335;-;335"
"""310420 ARCOS"";88;-;88"
"""310430 AREADO"";31;-;31"
"""310450 ARINOS"";3;-;3"
"""310470 ATALEIA"";30;-;30"
"""310490 BAEPENDI"";167;-;167"
"""310510 BAMBUI"";100;-;100"
"""310540 BARAO DE COCAIS"";41;-;41"
"""310560 BARBACENA"";1013;71;1084"
"""310590 BARROSO"";81;-;81"
"""310620 BELO HORIZONTE"";11110;1032;12142"
"""310630 BELO ORIENTE"";65;-;65"
"""310640 BELO VALE"";15;-;15"
"""310650 BERILO"";18;-;18"
"""310670 BETIM"";1023;26;1049"
"""310690 BICAS"";40;-;40"
"""310710 BOA ESPERANCA"";209;-;209"
"""310730 BOCAIUVA"";142;-;142"
"""310740 BOM DESPACHO"";180;-;180"
"""310750 BOM JARDIM DE MINAS"";22;-;22"
"""310780 BOM JESUS DO GALHO"";7;-;7"
"""310800 BOM SUCESSO"";69;-;69"
"""310840 BOTELHOS"";39;-;39"
"""310860 BRASILIA DE MINAS"";375;-;375"
"""310890 BRAZOPOLIS"";24;-;24"
"""310900 BRUMADINHO"";94;-;94"
"""310910 BUENO BRANDAO"";26;-;26"
"""310930 BURITIS"";8;-;8"
"""310940 BURITIZEIRO"";6;-;6"
"""310950 CABO VERDE"";24;-;24"
"""310990 CAETANOPOLIS"";67;-;67"
"""311000 CAETE"";97;-;97"
"""311030 CALDAS"";37;-;37"
"""311050 CAMANDUCAIA"";60;-;60"
"""311060 CAMBUI"";98;-;98"
"""311070 CAMBUQUIRA"";41;-;41"
"""311090 CAMPANHA"";24;-;24"
"""311100 CAMPESTRE"";47;-;47"
"""311110 CAMPINA VERDE"";28;-;28"
"""311120 CAMPO BELO"";387;2;389"
"""311130 CAMPO DO MEIO"";7;-;7"
"""311150 CAMPOS ALTOS"";39;-;39"
"""311160 CAMPOS GERAIS"";57;-;57"
"""311180 CANAPOLIS"";18;-;18"
"""311200 CANDEIAS"";43;-;43"
"""311230 CAPELINHA"";158;-;158"
"""311260 CAPINOPOLIS"";40;-;40"
"""311280 CAPITOLIO"";8;-;8"
"""311300 CARAI"";48;-;48"
"""311320 CARANDAI"";43;-;43"
"""311330 CARANGOLA"";425;3;428"
"""311340 CARATINGA"";458;1;459"
"""311350 CARBONITA"";14;-;14"
"""311360 CAREACU"";2;-;2"
"""311370 CARLOS CHAGAS"";58;-;58"
"""311390 CARMO DA CACHOEIRA"";38;-;38"
"""311400 CARMO DA MATA"";15;-;15"
"""311410 CARMO DE MINAS"";42;-;42"
"""311430 CARMO DO PARANAIBA"";24;-;24"
"""311440 CARMO DO RIO CLARO"";51;-;51"
"""311450 CARMOPOLIS DE MINAS"";33;-;33"
"""311460 CARRANCAS"";10;-;10"
"""311510 CASSIA"";98;-;98"
"""311530 CATAGUASES"";445;-;445"
"""311550 CAXAMBU"";85;-;85"
"""311570 CENTRAL DE MINAS"";29;-;29"
"""311580 CENTRALINA"";19;-;19"
"""311630 CIPOTANEA"";6;-;6"
"""311660 CLAUDIO"";63;-;63"
"""311680 COLUNA"";17;-;17"
"""311710 CONCEICAO DA APARECIDA"";17;-;17"
"""311730 CONCEICAO DAS ALAGOAS"";25;-;25"
"""311750 CONCEICAO DO MATO DENTRO"";17;-;17"
"""311770 CONCEICAO DO RIO VERDE"";21;-;21"
"""311800 CONGONHAS"";168;-;168"
"""311820 CONQUISTA"";5;-;5"
"""311830 CONSELHEIRO LAFAIETE"";396;-;396"
"""311840 CONSELHEIRO PENA"";42;-;42"
"""311860 CONTAGEM"";1025;3;1028"
"""311880 CORACAO DE JESUS"";74;-;74"
"""311930 COROMANDEL"";58;-;58"
"""311940 CORONEL FABRICIANO"";324;-;324"
"""312020 CRISTAIS"";31;-;31"
"""312050 CRISTINA"";36;-;36"
"""312080 CRUZILIA"";98;-;98"
"""312090 CURVELO"";451;15;466"
"""312120 DELFINOPOLIS"";12;-;12"
"""312160 DIAMANTINA"";528;43;571"
"""312200 DIVINO"";25;-;25"
"""312210 DIVINO DAS LARANJEIRAS"";4;-;4"
"""312230 DIVINOPOLIS"";650;143;793"
"""312260 DOM JOAQUIM"";7;-;7"
"""312270 DOM SILVERIO"";10;-;10"
"""312320 DORES DO INDAIA"";30;-;30"
"""312360 ELOI MENDES"";56;-;56"
"""312390 ENTRE RIOS DE MINAS"";97;-;97"
"""312400 ERVALIA"";41;-;41"
"""312410 ESMERALDAS"";100;-;100"
"""312420 ESPERA FELIZ"";34;-;34"
"""312430 ESPINOSA"";49;-;49"
"""312450 ESTIVA"";21;-;21"
"""312470 ESTRELA DO INDAIA"";1;-;1"
"""312490 EUGENOPOLIS"";13;-;13"
"""312510 EXTREMA"";167;-;167"
"""312560 FELISBURGO"";34;-;34"
"""312590 FERROS"";32;-;32"
"""312595 FERVEDOURO"";5;-;5"
"""312610 FORMIGA"";256;23;279"
"""312670 FRANCISCO SA"";42;-;42"
"""312710 FRUTAL"";98;-;98"
"""312760 GOUVEIA"";29;-;29"
"""312770 GOVERNADOR VALADARES"";1356;108;1464"
"""312780 GRAO MOGOL"";20;-;20"
"""312800 GUANHAES"";198;1;199"
"""312810 GUAPE"";3;-;3"
"""312830 GUARANESIA"";47;-;47"
"""312860 GUARDA-MOR"";4;-;4"
"""312870 GUAXUPE"";271;1;272"
"""312910 GURINHATA"";6;-;6"
"""312940 IBERTIOGA"";10;-;10"
"""312950 IBIA"";25;-;25"
"""312980 IBIRITE"";266;-;266"
"""313030 IGUATAMA"";27;-;27"
"""313050 ILICINEA"";6;-;6"
"""313090 INHAPIM"";40;-;40"
"""313120 IPANEMA"";87;-;87"
"""313130 IPATINGA"";1632;89;1721"
"""313170 ITABIRA"";544;7;551"
"""313180 ITABIRINHA"";28;-;28"
"""313190 ITABIRITO"";64;-;64"
"""313210 ITACARAMBI"";20;-;20"
"""313220 ITAGUARA"";23;-;23"
"""313230 ITAIPE"";21;-;21"
"""313240 ITAJUBA"";601;23;624"
"""313250 ITAMARANDIBA"";84;-;84"
"""313270 ITAMBACURI"";145;-;145"
"""313290 ITAMOGI"";3;-;3"
"""313300 ITAMONTE"";37;-;37"
"""313310 ITANHANDU"";77;-;77"
"""313320 ITANHOMI"";31;-;31"
"""313330 ITAOBIM"";148;-;148"
"""313350 ITAPECERICA"";65;-;65"
"""313375 ITAU DE MINAS"";15;-;15"
"""313380 ITAUNA"";404;9;413"
"""313420 ITUIUTABA"";393;-;393"
"""313440 ITURAMA"";30;-;30"
"""313460 JABOTICATUBAS"";10;-;10"
"""313470 JACINTO"";19;-;19"
"""313490 JACUTINGA"";52;-;52"
"""313505 JAIBA"";21;-;21"
"""313510 JANAUBA"";604;18;622"
"""313520 JANUARIA"";221;-;221"
"""313540 JECEABA"";7;-;7"
"""313580 JEQUITINHONHA"";89;-;89"
"""313600 JOAIMA"";36;-;36"
"""313620 JOAO MONLEVADE"";386;1;387"
"""313630 JOAO PINHEIRO"";141;-;141"
"""313650 JORDANIA"";5;-;5"
"""313670 JUIZ DE FORA"";2573;255;2828"
"""313690 JURUAIA"";16;-;16"
"""313700 LADAINHA"";30;-;30"
"""313710 LAGAMAR"";4;-;4"
"""313720 LAGOA DA PRATA"";196;-;196"
"""313750 LAGOA FORMOSA"";7;-;7"
"""313760 LAGOA SANTA"";200;-;200"
"""313770 LAJINHA"";6;-;6"
"""313780 LAMBARI"";44;-;44"
"""313820 LAVRAS"";408;1;409"
"""313840 LEOPOLDINA"";171;1;172"
"""313860 LIMA DUARTE"";70;-;70"
"""313880 LUZ"";92;-;92"
"""313890 MACHACALIS"";48;-;48"
"""313900 MACHADO"";150;-;150"
"""313920 MALACACHETA"";132;-;132"
"""313930 MANGA"";43;-;43"
"""313940 MANHUACU"";558;15;573"
"""313950 MANHUMIRIM"";269;1;270"
"""313960 MANTENA"";71;-;71"
"""313980 MAR DE ESPANHA"";46;-;46"
"""313990 MARIA DA FE"";27;-;27"
"""314000 MARIANA"";128;-;128"
"""314050 MARTINHO CAMPOS"";29;-;29"
"""314070 MATEUS LEME"";56;-;56"
"""314090 MATIPO"";55;-;55"
"""314110 MATOZINHOS"";25;-;25"
"""314140 MEDINA"";93;-;93"
"""314150 MENDES PIMENTEL"";6;-;6"
"""314160 MERCES"";39;-;39"
"""314180 MINAS NOVAS"";80;-;80"
"""314200 MIRABELA"";31;-;31"
"""314220 MIRAI"";20;-;20"
"""314240 MOEMA"";12;-;12"
"""314260 MONSENHOR PAULO"";21;-;21"
"""314270 MONTALVANIA"";25;-;25"
"""314280 MONTE ALEGRE DE MINAS"";39;-;39"
"""314290 MONTE AZUL"";80;-;80"
"""314300 MONTE BELO"";31;-;31"
"""314310 MONTE CARMELO"";203;-;203"
"""314320 MONTE SANTO DE MINAS"";67;-;67"
"""314330 MONTES CLAROS"";2266;334;2600"
"""314350 MORADA NOVA DE MINAS"";17;-;17"
"""314390 MURIAE"";1270;118;1388"
"""314400 MUTUM"";44;-;44"
"""314410 MUZAMBINHO"";68;-;68"
"""314430 NANUQUE"";122;-;122"
"""314450 NAZARENO"";22;-;22"
"""314460 NEPOMUCENO"";66;-;66"
"""314470 NOVA ERA"";47;-;47"
"""314480 NOVA LIMA"";286;-;286"
"""314500 NOVA PONTE"";15;-;15"
"""314510 NOVA RESENDE"";23;-;23"
"""314520 NOVA SERRANA"";32;-;32"
"""314530 NOVO CRUZEIRO"";84;-;84"
"""314560 OLIVEIRA"";296;27;323"
"""314590 OURO BRANCO"";54;-;54"
"""314600 OURO FINO"";161;-;161"
"""314610 OURO PRETO"";243;1;244"
"""314630 PADRE PARAISO"";100;-;100"
"""314650 PAINS"";21;-;21"
"""314670 PALMA"";7;-;7"
"""314700 PARACATU"";314;-;314"
"""314710 PARA DE MINAS"";313;-;313"
"""314720 PARAGUACU"";20;-;20"
"""314730 PARAISOPOLIS"";86;-;86"
"""314750 PASSABEM"";2;-;2"
"""314760 PASSA QUATRO"";39;-;39"
"""314770 PASSA TEMPO"";38;-;38"
"""314790 PASSOS"";866;76;942"
"""314800 PATOS DE MINAS"";940;32;972"
"""314810 PATROCINIO"";341;9;350"
"""314860 PECANHA"";131;-;131"
"""314870 PEDRA AZUL"";115;-;115"
"""314910 PEDRALVA"";14;-;14"
"""314930 PEDRO LEOPOLDO"";35;-;35"
"""314980 PERDIZES"";12;-;12"
"""314990 PERDOES"";52;-;52"
"""315030 PIEDADE DO RIO GRANDE"";10;-;10"
"""315110 PIRAPETINGA"";33;-;33"
"""315120 PIRAPORA"";333;-;333"
"""315140 PITANGUI"";60;-;60"
"""315150 PIUMHI"";247;-;247"
"""315170 POCO FUNDO"";109;-;109"
"""315180 POCOS DE CALDAS"";730;71;801"
"""315200 POMPEU"";48;-;48"
"""315210 PONTE NOVA"";926;43;969"
"""315220 PORTEIRINHA"";40;-;40"
"""315240 POTE"";14;-;14"
"""315250 POUSO ALEGRE"";1131;129;1260"
"""315260 POUSO ALTO"";28;-;28"
"""315270 PRADOS"";27;-;27"
"""315280 PRATA"";34;-;34"
"""315290 PRATAPOLIS"";1;-;1"
"""315310 PRESIDENTE BERNARDES"";8;-;8"
"""315340 PRESIDENTE OLEGARIO"";15;-;15"
"""315400 RAUL SOARES"";68;-;68"
"""315410 RECREIO"";19;-;19"
"""315420 RESENDE COSTA"";60;-;60"
"""315430 RESPLENDOR"";139;-;139"
"""315460 RIBEIRAO DAS NEVES"";219;-;219"
"""315470 RIBEIRAO VERMELHO"";11;-;11"
"""315490 RIO CASCA"";12;-;12"
"""315520 RIO ESPERA"";2;-;2"
"""315550 RIO PARANAIBA"";5;-;5"
"""315560 RIO PARDO DE MINAS"";33;-;33"
"""315570 RIO PIRACICABA"";36;-;36"
"""315580 RIO POMBA"";84;-;84"
"""315590 RIO PRETO"";12;-;12"
"""315600 RIO VERMELHO"";1;-;1"
"""315660 RUBIM"";23;-;23"
"""315670 SABARA"";91;-;91"
"""315680 SABINOPOLIS"";33;-;33"
"""315690 SACRAMENTO"";24;-;24"
"""315700 SALINAS"";235;-;235"
"""315710 SALTO DA DIVISA"";20;-;20"
"""315720 SANTA BARBARA"";65;-;65"
"""315780 SANTA LUZIA"";380;-;380"
"""315790 SANTA MARGARIDA"";36;-;36"
"""315800 SANTA MARIA DE ITABIRA"";6;-;6"
"""315820 SANTA MARIA DO SUACUI"";61;-;61"
"""315930 SANTA RITA DE JACUTINGA"";15;-;15"
"""315960 SANTA RITA DO SAPUCAI"";218;-;218"
"""315980 SANTA VITORIA"";13;-;13"
"""315990 SANTO ANTONIO DO AMPARO"";210;-;210"
"""316040 SANTO ANTONIO DO MONTE"";164;-;164"
"""316070 SANTOS DUMONT"";169;-;169"
"""316100 SAO DOMINGOS DO PRATA"";56;-;56"
"""316110 SAO FRANCISCO"";102;-;102"
"""316200 SAO GONCALO DO SAPUCAI"";73;-;73"
"""316210 SAO GOTARDO"";76;1;77"
"""316220 SAO JOAO BATISTA DO GLORIA"";17;-;17"
"""316240 SAO JOAO DA PONTE"";16;-;16"
"""316250 SAO JOAO DEL REI"";598;10;608"
"""316257 SAO JOAO DO MANTENINHA"";4;-;4"
"""316270 SAO JOAO DO PARAISO"";63;-;63"
"""316280 SAO JOAO EVANGELISTA"";55;-;55"
"""316290 SAO JOAO NEPOMUCENO"";74;-;74"
"""316370 SAO LOURENCO"";382;2;384"
"""316390 SAO PEDRO DA UNIAO"";10;-;10"
"""316420 SAO ROMAO"";6;-;6"
"""316430 SAO ROQUE DE MINAS"";3;-;3"
"""316470 SAO SEBASTIAO DO PARAISO"";467;41;508"
"""316500 SAO TIAGO"";17;-;17"
"""316530 SAO VICENTE DE MINAS"";18;-;18"
"""316570 SENADOR FIRMINO"";9;-;9"
"""316680 SERRA DO SALITRE"";15;-;15"
"""316690 SERRANIA"";8;-;8"
"""316710 SERRO"";90;-;90"
"""316720 SETE LAGOAS"";1142;66;1208"
"""316800 TAIOBEIRAS"";352;-;352"
"""316840 TARUMIRIM"";41;-;41"
"""316860 TEOFILO OTONI"";868;20;888"
"""316870 TIMOTEO"";196;-;196"
"""316890 TIROS"";4;-;4"
"""316930 TRES CORACOES"";419;-;419"
"""316935 TRES MARIAS"";83;-;83"
"""316940 TRES PONTAS"";255;-;255"
"""316960 TUPACIGUARA"";56;-;56"
"""316970 TURMALINA"";66;-;66"
"""316990 UBA"";830;-;830"
"""317010 UBERABA"";2055;163;2218"
"""317020 UBERLANDIA"";2468;270;2738"
"""317040 UNAI"";333;-;333"
"""317070 VARGINHA"";732;134;866"
"""317080 VARZEA DA PALMA"";44;-;44"
"""317090 VARZELANDIA"";20;-;20"
"""317100 VAZANTE"";33;-;33"
"""317120 VESPASIANO"";30;-;30"
"""317130 VICOSA"";375;-;375"
"""317160 VIRGEM DA LAPA"";22;-;22"
"""317170 VIRGINIA"";25;-;25"
"""317180 VIRGINOPOLIS"";59;-;59"
"""317200 VISCONDE DO RIO BRANCO"";291;-;291"
"""320010 AFONSO CLAUDIO"";56;-;56"
"""320020 ALEGRE"";7;-;7"
"""320040 ANCHIETA"";10;-;10"
"""320050 APIACA"";1;-;1"
"""320060 ARACRUZ"";275;-;275"
"""320070 ATILIO VIVACQUA"";5;-;5"
"""320080 BAIXO GUANDU"";80;-;80"
"""320090 BARRA DE SAO FRANCISCO"";330;-;330"
"""320100 BOA ESPERANCA"";6;-;6"
"""320120 CACHOEIRO DE ITAPEMIRIM"";1332;94;1426"
"""320130 CARIACICA"";425;16;441"
"""320140 CASTELO"";54;-;54"
"""320150 COLATINA"";996;64;1060"
"""320170 CONCEICAO DO CASTELO"";3;-;3"
"""320190 DOMINGOS MARTINS"";95;-;95"
"""320210 ECOPORANGA"";17;-;17"
"""320230 GUACUI"";295;-;295"
"""320240 GUARAPARI"";9;-;9"
"""320245 IBATIBA"";2;-;2"
"""320280 ITAPEMIRIM"";232;-;232"
"""320290 ITARANA"";12;-;12"
"""320300 IUNA"";98;-;98"
"""320305 JAGUARE"";7;-;7"
"""320310 JERONIMO MONTEIRO"";79;-;79"
"""320313 JOAO NEIVA"";15;-;15"
"""320316 LARANJA DA TERRA"";15;-;15"
"""320320 LINHARES"";728;63;791"
"""320340 MIMOSO DO SUL"";58;-;58"
"""320350 MONTANHA"";14;-;14"
"""320370 MUNIZ FREIRE"";22;-;22"
"""320380 MUQUI"";11;-;11"
"""320390 NOVA VENECIA"";60;-;60"
"""320400 PANCAS"";2;-;2"
"""320410 PINHEIROS"";5;-;5"
"""320435 RIO BANANAL"";8;-;8"
"""320450 SANTA LEOPOLDINA"";12;-;12"
"""320455 SANTA MARIA DE JETIBA"";37;-;37"
"""320460 SANTA TERESA"";171;-;171"
"""320470 SAO GABRIEL DA PALHA"";38;-;38"
"""320480 SAO JOSE DO CALCADO"";125;-;125"
"""320490 SAO MATEUS"";967;2;969"
"""320500 SERRA"";1353;36;1389"
"""320503 VARGEM ALTA"";8;-;8"
"""320506 VENDA NOVA DO IMIGRANTE"";292;-;292"
"""320520 VILA VELHA"";1112;84;1196"
"""320530 VITORIA"";1847;283;2130"
"""330010 ANGRA DOS REIS"";707;2;709"
"""330015 APERIBE"";48;-;48"
"""330020 ARARUAMA"";271;1;272"
"""330022 AREAL"";18;-;18"
"""330023 ARMACAO DOS BUZIOS"";287;-;287"
"""330025 ARRAIAL DO CABO"";129;-;129"
"""330030 BARRA DO PIRAI"";638;3;641"
"""330040 BARRA MANSA"";668;80;748"
"""330045 BELFORD ROXO"";304;-;304"
"""330050 BOM JARDIM"";125;-;125"
"""330060 BOM JESUS DO ITABAPOANA"";454;16;470"
"""330070 CABO FRIO"";778;17;795"
"""330080 CACHOEIRAS DE MACACU"";208;-;208"
"""330090 CAMBUCI"";72;-;72"
"""330100 CAMPOS DOS GOYTACAZES"";2460;109;2569"
"""330110 CANTAGALO"";149;-;149"
"""330120 CARMO"";58;-;58"
"""330130 CASIMIRO DE ABREU"";205;-;205"
"""330140 CONCEICAO DE MACABU"";21;-;21"
"""330160 DUAS BARRAS"";25;-;25"
"""330170 DUQUE DE CAXIAS"";3784;20;3804"
"""330180 ENGENHEIRO PAULO DE FRONTIN"";48;-;48"
"""330185 GUAPIMIRIM"";199;-;199"
"""330190 ITABORAI"";1095;-;1095"
"""330200 ITAGUAI"";505;-;505"
"""330210 ITAOCARA"";71;-;71"
"""330220 ITAPERUNA"";675;102;777"
"""330225 ITATIAIA"";75;-;75"
"""330227 JAPERI"";132;-;132"
"""330230 LAJE DO MURIAE"";4;-;4"
"""330240 MACAE"";836;27;863"
"""330250 MAGE"";430;-;430"
"""330260 MANGARATIBA"";140;-;140"
"""330270 MARICA"";859;-;859"
"""330280 MENDES"";60;-;60"
"""330285 MESQUITA"";33;-;33"
"""330290 MIGUEL PEREIRA"";301;-;301"
"""330300 MIRACEMA"";88;-;88"
"""330310 NATIVIDADE"";20;-;20"
"""330320 NILOPOLIS"";146;-;146"
"""330330 NITEROI"";1966;56;2022"
"""330340 NOVA FRIBURGO"";908;33;941"
"""330350 NOVA IGUACU"";3801;133;3934"
"""330360 PARACAMBI"";131;-;131"
"""330370 PARAIBA DO SUL"";119;1;120"
"""330380 PARATY"";142;-;142"
"""330390 PETROPOLIS"";674;85;759"
"""330400 PIRAI"";160;-;160"
"""330411 PORTO REAL"";36;-;36"
"""330412 QUATIS"";28;-;28"
"""330414 QUEIMADOS"";6;-;6"
"""330415 QUISSAMA"";96;1;97"
"""330420 RESENDE"";582;-;582"
"""330430 RIO BONITO"";209;3;212"
"""330440 RIO CLARO"";27;-;27"
"""330450 RIO DAS FLORES"";28;-;28"
"""330452 RIO DAS OSTRAS"";286;-;286"
"""330455 RIO DE JANEIRO"";19714;1432;21146"
"""330460 SANTA MARIA MADALENA"";20;-;20"
"""330470 SANTO ANTONIO DE PADUA"";109;-;109"
"""330475 SAO FRANCISCO DE ITABAPOANA"";117;-;117"
"""330480 SAO FIDELIS"";196;-;196"
"""330490 SAO GONCALO"";2487;17;2504"
"""330500 SAO JOAO DA BARRA"";148;-;148"
"""330510 SAO JOAO DE MERITI"";316;-;316"
"""330515 SAO JOSE DO VALE DO RIO PRETO"";59;-;59"
"""330520 SAO PEDRO DA ALDEIA"";136;-;136"
"""330530 SAO SEBASTIAO DO ALTO"";46;-;46"
"""330540 SAPUCAIA"";13;-;13"
"""330550 SAQUAREMA"";457;1;458"
"""330560 SILVA JARDIM"";14;-;14"
"""330570 SUMIDOURO"";21;-;21"
"""330575 TANGUA"";65;-;65"
"""330580 TERESOPOLIS"";486;26;512"
"""330590 TRAJANO DE MORAES"";41;-;41"
"""330600 TRES RIOS"";366;9;375"
"""330610 VALENCA"";389;1;390"
"""330620 VASSOURAS"";418;89;507"
"""330630 VOLTA REDONDA"";2214;51;2265"
"""350010 ADAMANTINA"";299;1;300"
"""350030 AGUAI"";30;-;30"
"""350050 AGUAS DE LINDOIA"";110;-;110"
"""350070 AGUDOS"";4;-;4"
"""350100 ALTINOPOLIS"";45;-;45"
"""350110 ALTO ALEGRE"";1;-;1"
"""350130 ALVARES MACHADO"";50;-;50"
"""350160 AMERICANA"";804;9;813"
"""350170 AMERICO BRASILIENSE"";129;1;130"
"""350190 AMPARO"";287;-;287"
"""350210 ANDRADINA"";288;1;289"
"""350220 ANGATUBA"";88;-;88"
"""350250 APARECIDA"";178;-;178"
"""350260 APARECIDA D'OESTE"";2;-;2"
"""350270 APIAI"";95;-;95"
"""350280 ARACATUBA"";1146;136;1282"
"""350310 ARANDU"";4;-;4"
"""350320 ARARAQUARA"";964;91;1055"
"""350330 ARARAS"";369;22;391"
"""350340 AREALVA"";10;-;10"
"""350390 ARUJA"";101;-;101"
"""350400 ASSIS"";508;21;529"
"""350410 ATIBAIA"";404;-;404"
"""350420 AURIFLAMA"";32;-;32"
"""350450 AVARE"";458;19;477"
"""350520 BARIRI"";102;-;102"
"""350530 BARRA BONITA"";129;-;129"
"""350550 BARRETOS"";2144;205;2349"
"""350570 BARUERI"";1204;2;1206"
"""350580 BASTOS"";19;-;19"
"""350590 BATATAIS"";231;-;231"
"""350600 BAURU"";1582;87;1669"
"""350610 BEBEDOURO"";323;-;323"
"""350630 BERNARDINO DE CAMPOS"";76;-;76"
"""350635 BERTIOGA"";159;-;159"
"""350640 BILAC"";25;-;25"
"""350650 BIRIGUI"";256;-;256"
"""350670 BOA ESPERANCA DO SUL"";8;-;8"
"""350680 BOCAINA"";10;-;10"
"""350700 BOITUVA"";125;-;125"
"""350710 BOM JESUS DOS PERDOES"";14;-;14"
"""350740 BORBOREMA"";27;-;27"
"""350750 BOTUCATU"";1318;174;1492"
"""350760 BRAGANCA PAULISTA"";1017;85;1102"
"""350790 BROTAS"";42;-;42"
"""350810 BURITAMA"";54;-;54"
"""350840 CABREUVA"";18;-;18"
"""350850 CACAPAVA"";301;1;302"
"""350860 CACHOEIRA PAULISTA"";10;-;10"
"""350870 CACONDE"";43;-;43"
"""350880 CAFELANDIA"";45;-;45"
"""350900 CAIEIRAS"";75;-;75"
"""350920 CAJAMAR"";170;-;170"
"""350930 CAJOBI"";7;-;7"
"""350940 CAJURU"";97;-;97"
"""350950 CAMPINAS"";4143;312;4455"
"""350960 CAMPO LIMPO PAULISTA"";275;-;275"
"""350970 CAMPOS DO JORDAO"";122;-;122"
"""351000 CANDIDO MOTA"";113;-;113"
"""351020 CAPAO BONITO"";193;-;193"
"""351040 CAPIVARI"";193;-;193"
"""351050 CARAGUATATUBA"";814;15;829"
"""351060 CARAPICUIBA"";680;3;683"
"""351070 CARDOSO"";9;-;9"
"""351080 CASA BRANCA"";89;-;89"
"""351100 CASTILHO"";44;-;44"
"""351110 CATANDUVA"";1188;58;1246"
"""351140 CERQUEIRA CESAR"";66;-;66"
"""351150 CERQUILHO"";32;-;32"
"""351160 CESARIO LANGE"";40;-;40"
"""351170 CHARQUEADA"";20;-;20"
"""351190 CLEMENTINA"";13;-;13"
"""351200 COLINA"";76;-;76"
"""351220 CONCHAL"";50;-;50"
"""351230 CONCHAS"";21;-;21"
"""351280 COSMOPOLIS"";175;-;175"
"""351300 COTIA"";740;-;740"
"""351340 CRUZEIRO"";492;4;496"
"""351350 CUBATAO"";301;-;301"
"""351360 CUNHA"";70;-;70"
"""351370 DESCALVADO"";87;-;87"
"""351380 DIADEMA"";952;58;1010"
"""351390 DIVINOLANDIA"";51;-;51"
"""351410 DOIS CORREGOS"";86;-;86"
"""351440 DRACENA"";350;2;352"
"""351450 DUARTINA"";49;-;49"
"""351500 EMBU DAS ARTES"";220;-;220"
"""351510 EMBU-GUACU"";93;-;93"
"""351518 ESPIRITO SANTO DO PINHAL"";181;-;181"
"""351520 ESTRELA D'OESTE"";20;-;20"
"""351540 FARTURA"";57;-;57"
"""351550 FERNANDOPOLIS"";363;5;368"
"""351570 FERRAZ DE VASCONCELOS"";344;-;344"
"""351600 FLORIDA PAULISTA"";37;-;37"
"""351620 FRANCA"";1405;88;1493"
"""351630 FRANCISCO MORATO"";594;-;594"
"""351640 FRANCO DA ROCHA"";504;36;540"
"""351660 GALIA"";10;-;10"
"""351670 GARCA"";165;-;165"
"""351690 GENERAL SALGADO"";18;-;18"
"""351700 GETULINA"";19;-;19"
"""351740 GUAIRA"";106;-;106"
"""351760 GUAPIARA"";8;-;8"
"""351770 GUARA"";17;-;17"
"""351780 GUARACAI"";19;-;19"
"""351820 GUARARAPES"";99;-;99"
"""351830 GUARAREMA"";72;-;72"
"""351840 GUARATINGUETA"";403;15;418"
"""351860 GUARIBA"";52;-;52"
"""351870 GUARUJA"";867;52;919"
"""351880 GUARULHOS"";3778;156;3934"
"""351900 HERCULANDIA"";14;-;14"
"""351907 HORTOLANDIA"";331;-;331"
"""351910 IACANGA"";14;-;14"
"""351930 IBATE"";30;-;30"
"""351940 IBIRA"";17;-;17"
"""351960 IBITINGA"";308;2;310"
"""351970 IBIUNA"";114;-;114"
"""351990 IEPE"";17;-;17"
"""352010 IGARAPAVA"";57;-;57"
"""352040 ILHABELA"";64;-;64"
"""352044 ILHA SOLTEIRA"";222;-;222"
"""352050 INDAIATUBA"";682;17;699"
"""352070 INDIAPORA"";5;-;5"
"""352090 IPAUSSU"";42;-;42"
"""352130 IPUA"";21;-;21"
"""352170 ITABERA"";37;-;37"
"""352180 ITAI"";47;-;47"
"""352190 ITAJOBI"";57;-;57"
"""352210 ITANHAEM"";655;-;655"
"""352220 ITAPECERICA DA SERRA"";945;4;949"
"""352230 ITAPETININGA"";892;-;892"
"""352240 ITAPEVA"";641;26;667"
"""352250 ITAPEVI"";551;-;551"
"""352260 ITAPIRA"";376;1;377"
"""352270 ITAPOLIS"";174;-;174"
"""352280 ITAPORANGA"";46;-;46"
"""352290 ITAPUI"";21;-;21"
"""352310 ITAQUAQUECETUBA"";1055;5;1060"
"""352320 ITARARE"";140;-;140"
"""352340 ITATIBA"";247;1;248"
"""352350 ITATINGA"";24;-;24"
"""352360 ITIRAPINA"";13;-;13"
"""352390 ITU"";454;21;475"
"""352400 ITUPEVA"";70;-;70"
"""352410 ITUVERAVA"";267;-;267"
"""352420 JABORANDI"";5;-;5"
"""352430 JABOTICABAL"";102;-;102"
"""352440 JACAREI"";768;21;789"
"""352450 JACI"";17;-;17"
"""352470 JAGUARIUNA"";176;-;176"
"""352480 JALES"";491;24;515"
"""352520 JARINU"";31;-;31"
"""352530 JAU"";1491;64;1555"
"""352550 JOANOPOLIS"";39;-;39"
"""352570 JOSE BONIFACIO"";103;-;103"
"""352590 JUNDIAI"";1695;122;1817"
"""352600 JUNQUEIROPOLIS"";55;-;55"
"""352640 LARANJAL PAULISTA"";78;-;78"
"""352670 LEME"";389;-;389"
"""352680 LENCOIS PAULISTA"";117;-;117"
"""352690 LIMEIRA"";872;69;941"
"""352710 LINS"";374;10;384"
"""352720 LORENA"";334;-;334"
"""352730 LOUVEIRA"";71;-;71"
"""352740 LUCELIA"";62;-;62"
"""352800 MACATUBA"";33;-;33"
"""352810 MACAUBAL"";8;-;8"
"""352850 MAIRIPORA"";130;-;130"
"""352880 MARACAI"";36;-;36"
"""352900 MARILIA"";1550;151;1701"
"""352920 MARTINOPOLIS"";88;-;88"
"""352930 MATAO"";320;28;348"
"""352940 MAUA"";962;1;963"
"""352970 MIGUELOPOLIS"";3;-;3"
"""353010 MIRANDOPOLIS"";265;-;265"
"""353030 MIRASSOL"";29;-;29"
"""353050 MOCOCA"";278;3;281"
"""353060 MOGI DAS CRUZES"";1912;94;2006"
"""353070 MOGI GUACU"";566;22;588"
"""353080 MOGI MIRIM"";334;19;353"
"""353110 MONGAGUA"";24;-;24"
"""353130 MONTE ALTO"";202;-;202"
"""353140 MONTE APRAZIVEL"";29;-;29"
"""353150 MONTE AZUL PAULISTA"";22;-;22"
"""353180 MONTE MOR"";87;-;87"
"""353190 MORRO AGUDO"";101;-;101"
"""353200 MORUNGABA"";26;-;26"
"""353240 NAZARE PAULISTA"";38;-;38"
"""353250 NEVES PAULISTA"";5;-;5"
"""353260 NHANDEARA"";67;-;67"
"""353290 NOVA EUROPA"";18;-;18"
"""353300 NOVA GRANADA"";24;-;24"
"""353340 NOVA ODESSA"";102;-;102"
"""353350 NOVO HORIZONTE"";123;-;123"
"""353390 OLIMPIA"";186;-;186"
"""353430 ORLANDIA"";75;-;75"
"""353440 OSASCO"";2023;73;2096"
"""353460 OSVALDO CRUZ"";165;-;165"
"""353470 OURINHOS"";963;40;1003"
"""353475 OUROESTE"";23;-;23"
"""353520 PALMEIRA D'OESTE"";6;-;6"
"""353530 PALMITAL"";60;-;60"
"""353550 PARAGUACU PAULISTA"";272;-;272"
"""353580 PARANAPANEMA"";29;-;29"
"""353620 PARIQUERA-ACU"";653;11;664"
"""353630 PATROCINIO PAULISTA"";18;-;18"
"""353650 PAULINIA"";397;2;399"
"""353660 PAULO DE FARIA"";4;-;4"
"""353670 PEDERNEIRAS"";147;-;147"
"""353700 PEDREGULHO"";15;-;15"
"""353710 PEDREIRA"";99;-;99"
"""353730 PENAPOLIS"";401;2;403"
"""353740 PEREIRA BARRETO"";54;-;54"
"""353780 PIEDADE"";246;-;246"
"""353790 PILAR DO SUL"";40;-;40"
"""353800 PINDAMONHANGABA"";324;-;324"
"""353860 PIRACAIA"";23;-;23"
"""353870 PIRACICABA"";1415;150;1565"
"""353880 PIRAJU"";155;-;155"
"""353890 PIRAJUI"";60;-;60"
"""353900 PIRANGI"";16;-;16"
"""353930 PIRASSUNUNGA"";244;-;244"
"""353940 PIRATININGA"";10;-;10"
"""353950 PITANGUEIRAS"";81;-;81"
"""354000 POMPEIA"";33;-;33"
"""354020 PONTAL"";25;-;25"
"""354040 POPULINA"";2;-;2"
"""354060 PORTO FELIZ"";224;-;224"
"""354070 PORTO FERREIRA"";132;-;132"
"""354080 POTIRENDABA"";12;-;12"
"""354100 PRAIA GRANDE"";506;-;506"
"""354120 PRESIDENTE BERNARDES"";23;-;23"
"""354130 PRESIDENTE EPITACIO"";134;-;134"
"""354140 PRESIDENTE PRUDENTE"";1759;152;1911"
"""354150 PRESIDENTE VENCESLAU"";128;1;129"
"""354160 PROMISSAO"";181;-;181"
"""354190 QUELUZ"";15;-;15"
"""354220 RANCHARIA"";213;-;213"
"""354240 REGENTE FEIJO"";31;-;31"
"""354260 REGISTRO"";343;-;343"
"""354290 RIBEIRAO BONITO"";15;-;15"
"""354300 RIBEIRAO BRANCO"";22;-;22"
"""354330 RIBEIRAO PIRES"";163;-;163"
"""354340 RIBEIRAO PRETO"";4278;307;4585"
"""354380 RINOPOLIS"";19;-;19"
"""354390 RIO CLARO"";541;41;582"
"""354400 RIO DAS PEDRAS"";39;-;39"
"""354420 RIOLANDIA"";6;-;6"
"""354425 ROSANA"";87;-;87"
"""354490 SALES OLIVEIRA"";2;-;2"
"""354500 SALESOPOLIS"";36;-;36"
"""354520 SALTO"";367;-;367"
"""354530 SALTO DE PIRAPORA"";66;-;66"
"""354540 SALTO GRANDE"";29;-;29"
"""354560 SANTA ADELIA"";22;-;22"
"""354580 SANTA BARBARA D'OESTE"";416;10;426"
"""354630 SANTA CRUZ DAS PALMEIRAS"";61;-;61"
"""354640 SANTA CRUZ DO RIO PARDO"";177;-;177"
"""354660 SANTA FE DO SUL"";179;-;179"
"""354680 SANTA ISABEL"";162;-;162"
"""354730 SANTANA DE PARNAIBA"";193;-;193"
"""354750 SANTA RITA DO PASSA QUATRO"";81;-;81"
"""354760 SANTA ROSA DE VITERBO"";39;-;39"
"""354770 SANTO ANASTACIO"";46;-;46"
"""354780 SANTO ANDRE"";3158;208;3366"
"""354790 SANTO ANTONIO DA ALEGRIA"";6;-;6"
"""354850 SANTOS"";1668;93;1761"
"""354860 SAO BENTO DO SAPUCAI"";41;-;41"
"""354870 SAO BERNARDO DO CAMPO"";1718;89;1807"
"""354880 SAO CAETANO DO SUL"";788;8;796"
"""354890 SAO CARLOS"";940;99;1039"
"""354910 SAO JOAO DA BOA VISTA"";538;48;586"
"""354940 SAO JOAQUIM DA BARRA"";201;-;201"
"""354970 SAO JOSE DO RIO PARDO"";265;-;265"
"""354980 SAO JOSE DO RIO PRETO"";3204;416;3620"
"""354990 SAO JOSE DOS CAMPOS"";2680;228;2908"
"""355000 SAO LUIS DO PARAITINGA"";24;-;24"
"""355010 SAO MANUEL"";107;-;107"
"""355020 SAO MIGUEL ARCANJO"";114;-;114"
"""355030 SAO PAULO"";34617;2060;36677"
"""355040 SAO PEDRO"";88;-;88"
"""355060 SAO ROQUE"";269;-;269"
"""355070 SAO SEBASTIAO"";186;-;186"
"""355080 SAO SEBASTIAO DA GRAMA"";38;-;38"
"""355090 SAO SIMAO"";26;-;26"
"""355100 SAO VICENTE"";647;-;647"
"""355150 SERRANA"";157;-;157"
"""355160 SERRA NEGRA"";119;-;119"
"""355170 SERTAOZINHO"";290;12;302"
"""355200 SILVEIRAS"";4;-;4"
"""355210 SOCORRO"";185;-;185"
"""355220 SOROCABA"";3358;259;3617"
"""355240 SUMARE"";464;26;490"
"""355250 SUZANO"";423;-;423"
"""355260 TABAPUA"";19;-;19"
"""355270 TABATINGA"";21;-;21"
"""355280 TABOAO DA SERRA"";887;66;953"
"""355300 TAGUAI"";38;-;38"
"""355330 TAMBAU"";53;-;53"
"""355340 TANABI"";32;-;32"
"""355360 TAPIRATIBA"";19;-;19"
"""355370 TAQUARITINGA"";187;1;188"
"""355380 TAQUARITUBA"";72;-;72"
"""355400 TATUI"";272;1;273"
"""355410 TAUBATE"";1048;153;1201"
"""355430 TEODORO SAMPAIO"";49;-;49"
"""355440 TERRA ROXA"";5;-;5"
"""355450 TIETE"";79;-;79"
"""355470 TORRINHA"";9;-;9"
"""355500 TUPA"";524;5;529"
"""355510 TUPI PAULISTA"";84;-;84"
"""355540 UBATUBA"";179;-;179"
"""355580 URANIA"";7;-;7"
"""355600 URUPES"";21;-;21"
"""355620 VALINHOS"";296;1;297"
"""355630 VALPARAISO"";44;-;44"
"""355640 VARGEM GRANDE DO SUL"";136;-;136"
"""355650 VARZEA PAULISTA"";76;-;76"
"""355670 VINHEDO"";264;-;264"
"""355680 VIRADOURO"";14;-;14"
"""355700 VOTORANTIM"";251;-;251"
"""355710 VOTUPORANGA"";596;25;621"
"""355720 CHAVANTES"";33;-;33"
"""410050 ALTONIA"";37;-;37"
"""410060 ALTO PARANA"";9;-;9"
"""410080 ALVORADA DO SUL"";3;-;3"
"""410090 AMAPORA"";8;-;8"
"""410100 AMPERE"";63;-;63"
"""410110 ANDIRA"";42;-;42"
"""410120 ANTONINA"";19;-;19"
"""410140 APUCARANA"";949;46;995"
"""410150 ARAPONGAS"";918;349;1267"
"""410160 ARAPOTI"";43;-;43"
"""410170 ARARUNA"";8;-;8"
"""410180 ARAUCARIA"";207;-;207"
"""410190 ASSAI"";7;-;7"
"""410200 ASSIS CHATEAUBRIAND"";195;-;195"
"""410210 ASTORGA"";93;-;93"
"""410240 BANDEIRANTES"";194;-;194"
"""410280 BELA VISTA DO PARAISO"";8;-;8"
"""410290 BITURUNA"";17;-;17"
"""410305 BOA VISTA DA APARECIDA"";11;-;11"
"""410345 CAFELANDIA"";6;-;6"
"""410360 CAMBARA"";28;-;28"
"""410370 CAMBE"";180;-;180"
"""410390 CAMPINA DA LAGOA"";16;-;16"
"""410400 CAMPINA GRANDE DO SUL"";1358;307;1665"
"""410420 CAMPO LARGO"";2504;320;2824"
"""410430 CAMPO MOURAO"";904;48;952"
"""410440 CANDIDO DE ABREU"";3;-;3"
"""410442 CANDOI"";33;-;33"
"""410450 CAPANEMA"";6;-;6"
"""410460 CAPITAO LEONIDAS MARQUES"";30;-;30"
"""410470 CARLOPOLIS"";40;-;40"
"""410480 CASCAVEL"";1894;226;2120"
"""410490 CASTRO"";222;-;222"
"""410510 CENTENARIO DO SUL"";14;-;14"
"""410520 CERRO AZUL"";9;-;9"
"""410530 CEU AZUL"";38;-;38"
"""410540 CHOPINZINHO"";154;-;154"
"""410550 CIANORTE"";395;-;395"
"""410570 CLEVELANDIA"";7;-;7"
"""410590 COLORADO"";190;-;190"
"""410620 CONTENDA"";7;-;7"
"""410630 CORBELIA"";18;-;18"
"""410640 CORNELIO PROCOPIO"";443;-;443"
"""410650 CORONEL VIVIDA"";31;-;31"
"""410660 CRUZEIRO DO OESTE"";7;-;7"
"""410670 CRUZEIRO DO SUL"";2;-;2"
"""410680 CRUZ MACHADO"";18;-;18"
"""410690 CURITIBA"";7142;1055;8197"
"""410710 DIAMANTE DO NORTE"";15;-;15"
"""410720 DOIS VIZINHOS"";87;-;87"
"""410750 ENGENHEIRO BELTRAO"";35;-;35"
"""410760 FAXINAL"";13;-;13"
"""410765 FAZENDA RIO GRANDE"";28;-;28"
"""410775 FIGUEIRA"";5;-;5"
"""410790 FLORESTA"";7;-;7"
"""410800 FLORESTOPOLIS"";3;-;3"
"""410820 FORMOSA DO OESTE"";6;-;6"
"""410830 FOZ DO IGUACU"";1097;64;1161"
"""410840 FRANCISCO BELTRAO"";896;31;927"
"""410860 GOIOERE"";187;-;187"
"""410880 GUAIRA"";55;-;55"
"""410930 GUARANIACU"";42;-;42"
"""410940 GUARAPUAVA"";1048;116;1164"
"""410960 GUARATUBA"";9;-;9"
"""410970 IBAITI"";20;-;20"
"""410975 IBEMA"";7;-;7"
"""410980 IBIPORA"";109;-;109"
"""411030 INAJA"";1;-;1"
"""411040 INDIANOPOLIS"";6;-;6"
"""411070 IRATI"";266;-;266"
"""411100 ITAMBARACA"";3;-;3"
"""411125 ITAPERUCU"";10;-;10"
"""411140 IVAI"";3;-;3"
"""411150 IVAIPORA"";446;-;446"
"""411170 JABOTI"";1;-;1"
"""411180 JACAREZINHO"";455;-;455"
"""411190 JAGUAPITA"";6;-;6"
"""411200 JAGUARIAIVA"";80;-;80"
"""411210 JANDAIA DO SUL"";33;-;33"
"""411240 JAPURA"";16;-;16"
"""411250 JARDIM ALEGRE"";16;-;16"
"""411275 JESUITAS"";18;-;18"
"""411280 JOAQUIM TAVORA"";9;-;9"
"""411300 JUSSARA"";2;-;2"
"""411310 KALORE"";12;-;12"
"""411320 LAPA"";184;1;185"
"""411330 LARANJEIRAS DO SUL"";249;-;249"
"""411345 LINDOESTE"";8;-;8"
"""411350 LOANDA"";72;-;72"
"""411370 LONDRINA"";3785;355;4140"
"""411375 LUNARDELLI"";7;-;7"
"""411390 MALLET"";13;-;13"
"""411420 MANDAGUARI"";49;-;49"
"""411430 MANDIRITUBA"";22;-;22"
"""411440 MANGUEIRINHA"";18;-;18"
"""411450 MANOEL RIBAS"";9;-;9"
"""411460 MARECHAL CANDIDO RONDON"";31;-;31"
"""411500 MARILENA"";4;-;4"
"""411520 MARINGA"";1943;249;2192"
"""411560 MATELANDIA"";47;-;47"
"""411580 MEDIANEIRA"";117;-;117"
"""411605 MISSAL"";18;-;18"
"""411620 MORRETES"";18;-;18"
"""411670 NOVA AURORA"";17;-;17"
"""411680 NOVA CANTU"";1;-;1"
"""411690 NOVA ESPERANCA"";15;-;15"
"""411695 NOVA ESPERANCA DO SUDOESTE"";5;-;5"
"""411700 NOVA FATIMA"";4;-;4"
"""411710 NOVA LONDRINA"";8;-;8"
"""411722 NOVA SANTA ROSA"";10;-;10"
"""411727 NOVA TEBAS"";1;-;1"
"""411750 PAICANDU"";31;-;31"
"""411760 PALMAS"";162;-;162"
"""411770 PALMEIRA"";47;-;47"
"""411790 PALOTINA"";129;-;129"
"""411820 PARANAGUA"";543;-;543"
"""411840 PARANAVAI"";680;3;683"
"""411845 PATO BRAGADO"";14;-;14"
"""411850 PATO BRANCO"";619;74;693"
"""411910 PIEN"";14;-;14"
"""411915 PINHAIS"";34;-;34"
"""411940 PIRAI DO SUL"";4;-;4"
"""411950 PIRAQUARA"";4;-;4"
"""411960 PITANGA"";88;-;88"
"""411970 PLANALTINA DO PARANA"";2;-;2"
"""411980 PLANALTO"";4;-;4"
"""411990 PONTA GROSSA"";1497;115;1612"
"""412000 PORECATU"";6;-;6"
"""412033 PRADO FERREIRA"";2;-;2"
"""412035 PRANCHITA"";22;-;22"
"""412050 PRIMEIRO DE MAIO"";3;-;3"
"""412060 PRUDENTOPOLIS"";159;-;159"
"""412090 QUEDAS DO IGUACU"";45;-;45"
"""412100 QUERENCIA DO NORTE"";14;-;14"
"""412120 QUITANDINHA"";27;-;27"
"""412150 REBOUCAS"";8;-;8"
"""412180 RIBEIRAO CLARO"";29;-;29"
"""412190 RIBEIRAO DO PINHAL"";20;-;20"
"""412200 RIO AZUL"";20;-;20"
"""412220 RIO BRANCO DO SUL"";22;-;22"
"""412230 RIO NEGRO"";54;-;54"
"""412240 ROLANDIA"";99;-;99"
"""412250 RONCADOR"";17;-;17"
"""412260 RONDON"";14;-;14"
"""412290 SALTO DO ITARARE"";2;-;2"
"""412350 SANTA HELENA"";32;-;32"
"""412370 SANTA ISABEL DO IVAI"";1;-;1"
"""412380 SANTA IZABEL DO OESTE"";6;-;6"
"""412390 SANTA MARIANA"";18;-;18"
"""412400 SANTANA DO ITARARE"";3;-;3"
"""412410 SANTO ANTONIO DA PLATINA"";220;-;220"
"""412440 SANTO ANTONIO DO SUDOESTE"";39;-;39"
"""412460 SAO CARLOS DO IVAI"";13;-;13"
"""412490 SAO JOAO DO CAIUA"";4;-;4"
"""412500 SAO JOAO DO IVAI"";5;-;5"
"""412510 SAO JOAO DO TRIUNFO"";12;-;12"
"""412540 SAO JOSE DA BOA VISTA"";5;-;5"
"""412550 SAO JOSE DOS PINHAIS"";248;2;250"
"""412560 SAO MATEUS DO SUL"";91;-;91"
"""412570 SAO MIGUEL DO IGUACU"";35;-;35"
"""412580 SAO PEDRO DO IVAI"";2;-;2"
"""412625 SARANDI"";358;47;405"
"""412640 SERTANEJA"";2;-;2"
"""412650 SERTANOPOLIS"";2;-;2"
"""412660 SIQUEIRA CAMPOS"";22;-;22"
"""412667 TAMARANA"";1;-;1"
"""412670 TAMBOARA"";12;-;12"
"""412700 TEIXEIRA SOARES"";2;-;2"
"""412710 TELEMACO BORBA"";258;-;258"
"""412720 TERRA BOA"";38;-;38"
"""412730 TERRA RICA"";25;-;25"
"""412750 TIBAGI"";20;-;20"
"""412760 TIJUCAS DO SUL"";13;-;13"
"""412770 TOLEDO"";851;19;870"
"""412780 TOMAZINA"";15;-;15"
"""412785 TRES BARRAS DO PARANA"";33;-;33"
"""412796 TURVO"";3;-;3"
"""412800 UBIRATA"";64;-;64"
"""412810 UMUARAMA"";1335;110;1445"
"""412820 UNIAO DA VITORIA"";374;-;374"
"""412840 URAI"";14;-;14"
"""412850 WENCESLAU BRAZ"";27;-;27"
"""412855 VERA CRUZ DO OESTE"";12;-;12"
"""412860 VERE"";11;-;11"
"""420010 ABELARDO LUZ"";24;-;24"
"""420020 AGROLANDIA"";26;-;26"
"""420040 AGUA DOCE"";2;-;2"
"""420070 ALFREDO WAGNER"";2;-;2"
"""420090 ANGELINA"";7;-;7"
"""420100 ANITA GARIBALDI"";16;-;16"
"""420110 ANITAPOLIS"";7;-;7"
"""420127 ARABUTA"";6;-;6"
"""420140 ARARANGUA"";498;1;499"
"""420150 ARMAZEM"";45;-;45"
"""420200 BALNEARIO CAMBORIU"";378;2;380"
"""420230 BIGUACU"";126;-;126"
"""420240 BLUMENAU"";1246;182;1428"
"""420260 BOM RETIRO"";23;-;23"
"""420280 BRACO DO NORTE"";114;-;114"
"""420290 BRUSQUE"";475;32;507"
"""420300 CACADOR"";253;39;292"
"""420310 CAIBI"";13;-;13"
"""420320 CAMBORIU"";12;-;12"
"""420330 CAMPO ALEGRE"";13;-;13"
"""420340 CAMPO BELO DO SUL"";12;-;12"
"""420350 CAMPO ERE"";25;-;25"
"""420360 CAMPOS NOVOS"";175;-;175"
"""420370 CANELINHA"";7;-;7"
"""420380 CANOINHAS"";174;-;174"
"""420390 CAPINZAL"";60;-;60"
"""420410 CAXAMBU DO SUL"";12;-;12"
"""420420 CHAPECO"";992;73;1065"
"""420430 CONCORDIA"";267;11;278"
"""420440 CORONEL FREITAS"";23;-;23"
"""420455 CORREIA PINTO"";8;-;8"
"""420460 CRICIUMA"";839;134;973"
"""420470 CUNHA PORA"";20;-;20"
"""420480 CURITIBANOS"";240;-;240"
"""420490 DESCANSO"";13;-;13"
"""420500 DIONISIO CERQUEIRA"";63;-;63"
"""420530 FAXINAL DOS GUEDES"";13;-;13"
"""420540 FLORIANOPOLIS"";1999;194;2193"
"""420550 FRAIBURGO"";76;-;76"
"""420590 GASPAR"";151;-;151"
"""420640 GUARACIABA"";48;-;48"
"""420650 GUARAMIRIM"";58;-;58"
"""420660 GUARUJA DO SUL"";14;-;14"
"""420690 IBIRAMA"";208;1;209"
"""420700 ICARA"";382;1;383"
"""420720 IMARUI"";5;-;5"
"""420730 IMBITUBA"";227;1;228"
"""420750 INDAIAL"";165;1;166"
"""420760 IPIRA"";22;-;22"
"""420765 IPORA DO OESTE"";19;-;19"
"""420770 IPUMIRIM"";12;-;12"
"""420790 IRINEOPOLIS"";9;-;9"
"""420800 ITA"";13;-;13"
"""420810 ITAIOPOLIS"";31;-;31"
"""420820 ITAJAI"";1530;189;1719"
"""420830 ITAPEMA"";47;-;47"
"""420840 ITAPIRANGA"";47;-;47"
"""420850 ITUPORANGA"";127;1;128"
"""420870 JACINTO MACHADO"";28;-;28"
"""420880 JAGUARUNA"";54;-;54"
"""420890 JARAGUA DO SUL"";832;60;892"
"""420900 JOACABA"";334;36;370"
"""420910 JOINVILLE"";2559;236;2795"
"""420930 LAGES"";1126;103;1229"
"""420940 LAGUNA"";202;-;202"
"""420960 LAURO MULLER"";30;-;30"
"""420970 LEBON REGIS"";3;-;3"
"""420985 LINDOIA DO SUL"";66;-;66"
"""421000 LUIZ ALVES"";10;-;10"
"""421003 LUZERNA"";47;-;47"
"""421010 MAFRA"";349;72;421"
"""421030 MAJOR VIEIRA"";17;-;17"
"""421050 MARAVILHA"";152;-;152"
"""421060 MASSARANDUBA"";23;-;23"
"""421080 MELEIRO"";48;-;48"
"""421090 MODELO"";27;-;27"
"""421100 MONDAI"";13;-;13"
"""421120 MORRO DA FUMACA"";137;-;137"
"""421130 NAVEGANTES"";50;-;50"
"""421140 NOVA ERECHIM"";6;-;6"
"""421150 NOVA TRENTO"";64;-;64"
"""421160 NOVA VENEZA"";67;-;67"
"""421170 ORLEANS"";54;-;54"
"""421175 OTACILIO COSTA"";25;-;25"
"""421200 PALMA SOLA"";12;-;12"
"""421210 PALMITOS"";58;-;58"
"""421220 PAPANDUVA"";11;-;11"
"""421260 PERITIBA"";11;-;11"
"""421290 PINHALZINHO"";51;-;51"
"""421320 POMERODE"";62;-;62"
"""421340 PONTE SERRADA"";36;-;36"
"""421360 PORTO UNIAO"";281;52;333"
"""421370 POUSO REDONDO"";36;-;36"
"""421380 PRAIA GRANDE"";49;-;49"
"""421400 PRESIDENTE GETULIO"";30;-;30"
"""421420 QUILOMBO"";19;-;19"
"""421450 RIO DO CAMPO"";15;-;15"
"""421470 RIO DOS CEDROS"";17;-;17"
"""421480 RIO DO SUL"";455;55;510"
"""421490 RIO FORTUNA"";10;-;10"
"""421500 RIO NEGRINHO"";211;-;211"
"""421530 SALETE"";13;-;13"
"""421540 SALTO VELOSO"";3;-;3"
"""421550 SANTA CECILIA"";19;-;19"
"""421570 SANTO AMARO DA IMPERATRIZ"";135;-;135"
"""421580 SAO BENTO DO SUL"";277;17;294"
"""421590 SAO BONIFACIO"";11;-;11"
"""421600 SAO CARLOS"";43;-;43"
"""421620 SAO FRANCISCO DO SUL"";42;-;42"
"""421625 SAO JOAO DO OESTE"";23;-;23"
"""421630 SAO JOAO BATISTA"";48;-;48"
"""421650 SAO JOAQUIM"";47;-;47"
"""421660 SAO JOSE"";1003;85;1088"
"""421670 SAO JOSE DO CEDRO"";25;-;25"
"""421690 SAO LOURENCO DO OESTE"";80;-;80"
"""421710 SAO MARTINHO"";17;-;17"
"""421720 SAO MIGUEL DO OESTE"";453;7;460"
"""421725 SAO PEDRO DE ALCANTARA"";48;-;48"
"""421730 SAUDADES"";14;-;14"
"""421750 SEARA"";57;-;57"
"""421770 SOMBRIO"";127;2;129"
"""421780 TAIO"";24;-;24"
"""421790 TANGARA"";17;-;17"
"""421800 TIJUCAS"";31;-;31"
"""421810 TIMBE DO SUL"";13;-;13"
"""421820 TIMBO"";295;1;296"
"""421830 TRES BARRAS"";53;-;53"
"""421840 TREZE DE MAIO"";17;-;17"
"""421860 TROMBUDO CENTRAL"";85;-;85"
"""421870 TUBARAO"";971;112;1083"
"""421875 TUNAPOLIS"";20;-;20"
"""421880 TURVO"";14;-;14"
"""421890 URUBICI"";23;-;23"
"""421900 URUSSANGA"";70;-;70"
"""421910 VARGEAO"";7;-;7"
"""421920 VIDAL RAMOS"";6;-;6"
"""421930 VIDEIRA"";258;1;259"
"""421935 VITOR MEIRELES"";10;-;10"
"""421940 WITMARSUM"";2;-;2"
"""421950 XANXERE"";447;123;570"
"""421960 XAVANTINA"";9;-;9"
"""421970 XAXIM"";76;-;76"
"""430003 ACEGUA"";14;-;14"
"""430010 AGUDO"";50;-;50"
"""430020 AJURICABA"";31;-;31"
"""430030 ALECRIM"";82;-;82"
"""430040 ALEGRETE"";352;-;352"
"""430050 ALPESTRE"";29;-;29"
"""430060 ALVORADA"";185;-;185"
"""430064 AMETISTA DO SUL"";26;-;26"
"""430070 ANTA GORDA"";8;-;8"
"""430080 ANTONIO PRADO"";55;-;55"
"""430090 ARATIBA"";17;-;17"
"""430100 ARROIO DO MEIO"";88;-;88"
"""430120 ARROIO DO TIGRE"";91;-;91"
"""430130 ARROIO GRANDE"";55;-;55"
"""430140 ARVOREZINHA"";30;-;30"
"""430150 AUGUSTO PESTANA"";22;-;22"
"""430160 BAGE"";651;13;664"
"""430210 BENTO GONCALVES"";305;5;310"
"""430220 BOA VISTA DO BURICA"";16;-;16"
"""430230 BOM JESUS"";16;-;16"
"""430235 BOM PRINCIPIO"";27;-;27"
"""430240 BOM RETIRO DO SUL"";51;-;51"
"""430245 BOQUEIRAO DO LEAO"";25;-;25"
"""430270 BUTIA"";2;-;2"
"""430280 CACAPAVA DO SUL"";137;-;137"
"""430290 CACEQUI"";35;-;35"
"""430300 CACHOEIRA DO SUL"";488;27;515"
"""430310 CACHOEIRINHA"";269;-;269"
"""430330 CAIBATE"";11;-;11"
"""430340 CAICARA"";9;-;9"
"""430350 CAMAQUA"";509;-;509"
"""430360 CAMBARA DO SUL"";13;-;13"
"""430370 CAMPINA DAS MISSOES"";36;-;36"
"""430390 CAMPO BOM"";287;-;287"
"""430400 CAMPO NOVO"";4;-;4"
"""430420 CANDELARIA"";132;-;132"
"""430430 CANDIDO GODOI"";31;-;31"
"""430440 CANELA"";67;-;67"
"""430450 CANGUCU"";202;-;202"
"""430460 CANOAS"";1747;96;1843"
"""430463 CAPAO DA CANOA"";271;-;271"
"""430470 CARAZINHO"";373;14;387"
"""430480 CARLOS BARBOSA"";48;-;48"
"""430490 CASCA"";39;-;39"
"""430510 CAXIAS DO SUL"";1380;126;1506"
"""430520 CERRO LARGO"";41;-;41"
"""430530 CHAPADA"";30;-;30"
"""430535 CHARQUEADAS"";86;-;86"
"""430540 CHIAPETTA"";18;-;18"
"""430570 CONDOR"";26;-;26"
"""430580 CONSTANTINA"";16;-;16"
"""430590 CORONEL BICACO"";11;-;11"
"""430600 CRISSIUMAL"";51;-;51"
"""430610 CRUZ ALTA"";358;40;398"
"""430620 CRUZEIRO DO SUL"";29;-;29"
"""430630 DAVID CANABARRO"";19;-;19"
"""430640 DOIS IRMAOS"";102;-;102"
"""430645 DOIS LAJEADOS"";23;-;23"
"""430650 DOM FELICIANO"";34;-;34"
"""430660 DOM PEDRITO"";139;-;139"
"""430680 ENCANTADO"";133;-;133"
"""430690 ENCRUZILHADA DO SUL"";85;-;85"
"""430700 ERECHIM"";481;26;507"
"""430710 HERVAL"";5;-;5"
"""430750 ESPUMOSO"";83;-;83"
"""430760 ESTANCIA VELHA"";110;-;110"
"""430770 ESTEIO"";398;-;398"
"""430780 ESTRELA"";179;1;180"
"""430790 FARROUPILHA"";230;-;230"
"""430800 FAXINAL DO SOTURNO"";144;-;144"
"""430810 FELIZ"";5;-;5"
"""430820 FLORES DA CUNHA"";32;-;32"
"""430850 FREDERICO WESTPHALEN"";194;-;194"
"""430860 GARIBALDI"";99;-;99"
"""430870 GAURAMA"";2;-;2"
"""430890 GETULIO VARGAS"";58;-;58"
"""430900 GIRUA"";121;-;121"
"""430910 GRAMADO"";144;1;145"
"""430920 GRAVATAI"";496;1;497"
"""430925 GUABIJU"";5;-;5"
"""430930 GUAIBA"";305;-;305"
"""430940 GUAPORE"";38;-;38"
"""430950 GUARANI DAS MISSOES"";45;-;45"
"""430960 HORIZONTINA"";65;-;65"
"""430970 HUMAITA"";8;-;8"
"""431000 IBIRUBA"";34;-;34"
"""431010 IGREJINHA"";116;-;116"
"""431020 IJUI"";499;94;593"
"""431030 ILOPOLIS"";7;-;7"
"""431050 IRAI"";32;-;32"
"""431060 ITAQUI"";145;-;145"
"""431075 IVORA"";14;-;14"
"""431080 IVOTI"";103;-;103"
"""431085 JABOTICABA"";21;-;21"
"""431100 JAGUARAO"";94;-;94"
"""431110 JAGUARI"";75;-;75"
"""431112 JAQUIRANA"";3;-;3"
"""431120 JULIO DE CASTILHOS"";56;-;56"
"""431130 LAGOA VERMELHA"";83;-;83"
"""431140 LAJEADO"";438;74;512"
"""431150 LAVRAS DO SUL"";11;-;11"
"""431180 MARAU"";94;-;94"
"""431190 MARCELINO RAMOS"";6;-;6"
"""431205 MARQUES DE SOUZA"";36;-;36"
"""431210 MATA"";8;-;8"
"""431220 MAXIMILIANO DE ALMEIDA"";16;-;16"
"""431240 MONTENEGRO"";445;-;445"
"""431250 MOSTARDAS"";17;-;17"
"""431260 MUCUM"";7;-;7"
"""431265 NAO-ME-TOQUE"";65;-;65"
"""431270 NONOAI"";73;-;73"
"""431290 NOVA BASSANO"";38;-;38"
"""431300 NOVA BRESCIA"";22;-;22"
"""431310 NOVA PALMA"";16;-;16"
"""431320 NOVA PETROPOLIS"";92;-;92"
"""431330 NOVA PRATA"";89;-;89"
"""431340 NOVO HAMBURGO"";828;56;884"
"""431350 OSORIO"";203;-;203"
"""431360 PAIM FILHO"";9;-;9"
"""431365 PALMARES DO SUL"";42;-;42"
"""431370 PALMEIRA DAS MISSOES"";216;-;216"
"""431380 PALMITINHO"";83;-;83"
"""431390 PANAMBI"";92;-;92"
"""431400 PARAI"";13;-;13"
"""431402 PARAISO DO SUL"";22;-;22"
"""431405 PAROBE"";323;1;324"
"""431410 PASSO FUNDO"";1406;233;1639"
"""431420 PEDRO OSORIO"";10;-;10"
"""431440 PELOTAS"";1415;140;1555"
"""431447 PINHAL GRANDE"";6;-;6"
"""431450 PINHEIRO MACHADO"";46;-;46"
"""431460 PIRATINI"";87;-;87"
"""431470 PLANALTO"";49;-;49"
"""431480 PORTAO"";129;-;129"
"""431490 PORTO ALEGRE"";7769;827;8596"
"""431500 PORTO LUCENA"";11;-;11"
"""431510 PORTO XAVIER"";41;-;41"
"""431515 PROGRESSO"";39;-;39"
"""431520 PUTINGA"";10;-;10"
"""431530 QUARAI"";97;-;97"
"""431535 QUINZE DE NOVEMBRO"";8;-;8"
"""431550 RESTINGA SECA"";50;-;50"
"""431560 RIO GRANDE"";1022;64;1086"
"""431570 RIO PARDO"";227;-;227"
"""431575 RIOZINHO"";14;-;14"
"""431580 ROCA SALES"";24;-;24"
"""431590 RODEIO BONITO"";66;-;66"
"""431600 ROLANTE"";77;-;77"
"""431610 RONDA ALTA"";68;-;68"
"""431620 RONDINHA"";11;-;11"
"""431630 ROQUE GONZALES"";16;-;16"
"""431640 ROSARIO DO SUL"";199;1;200"
"""431643 SALDANHA MARINHO"";3;-;3"
"""431645 SALTO DO JACUI"";31;-;31"
"""431650 SALVADOR DO SUL"";14;-;14"
"""431660 SANANDUVA"";88;-;88"
"""431670 SANTA BARBARA DO SUL"";39;-;39"
"""431680 SANTA CRUZ DO SUL"";643;53;696"
"""431690 SANTA MARIA"";1090;111;1201"
"""431710 SANT'ANA DO LIVRAMENTO"";315;-;315"
"""431720 SANTA ROSA"";412;17;429"
"""431730 SANTA VITORIA DO PALMAR"";150;-;150"
"""431740 SANTIAGO"";244;4;248"
"""431750 SANTO ANGELO"";486;12;498"
"""431760 SANTO ANTONIO DA PATRULHA"";151;-;151"
"""431780 SANTO AUGUSTO"";105;-;105"
"""431790 SANTO CRISTO"";62;-;62"
"""431800 SAO BORJA"";254;1;255"
"""431810 SAO FRANCISCO DE ASSIS"";62;-;62"
"""431820 SAO FRANCISCO DE PAULA"";36;-;36"
"""431830 SAO GABRIEL"";355;12;367"
"""431840 SAO JERONIMO"";401;-;401"
"""431843 SAO JOAO DO POLESINE"";60;-;60"
"""431850 SAO JOSE DO NORTE"";76;-;76"
"""431860 SAO JOSE DO OURO"";56;-;56"
"""431870 SAO LEOPOLDO"";987;40;1027"
"""431880 SAO LOURENCO DO SUL"";242;-;242"
"""431890 SAO LUIZ GONZAGA"";288;-;288"
"""431900 SAO MARCOS"";25;-;25"
"""431910 SAO MARTINHO"";17;-;17"
"""431915 SAO MIGUEL DAS MISSOES"";19;-;19"
"""431930 SAO PAULO DAS MISSOES"";30;-;30"
"""431940 SAO PEDRO DO SUL"";95;-;95"
"""431950 SAO SEBASTIAO DO CAI"";65;-;65"
"""431960 SAO SEPE"";115;-;115"
"""431980 SAO VICENTE DO SUL"";5;-;5"
"""431990 SAPIRANGA"";391;-;391"
"""432000 SAPUCAIA DO SUL"";524;6;530"
"""432010 SARANDI"";80;-;80"
"""432020 SEBERI"";76;-;76"
"""432026 SEGREDO"";5;-;5"
"""432030 SELBACH"";11;-;11"
"""432040 SERAFINA CORREA"";41;-;41"
"""432050 SERTAO"";20;-;20"
"""432060 SEVERIANO DE ALMEIDA"";12;-;12"
"""432067 SINIMBU"";54;-;54"
"""432070 SOBRADINHO"";26;-;26"
"""432080 SOLEDADE"";199;-;199"
"""432090 TAPEJARA"";72;-;72"
"""432100 TAPERA"";26;-;26"
"""432110 TAPES"";8;-;8"
"""432120 TAQUARA"";368;37;405"
"""432130 TAQUARI"";73;-;73"
"""432140 TENENTE PORTELA"";241;1;242"
"""432145 TEUTONIA"";107;-;107"
"""432150 TORRES"";291;-;291"
"""432160 TRAMANDAI"";478;3;481"
"""432170 TRES COROAS"";74;-;74"
"""432180 TRES DE MAIO"";145;-;145"
"""432190 TRES PASSOS"";227;-;227"
"""432195 TRINDADE DO SUL"";18;-;18"
"""432200 TRIUNFO"";81;-;81"
"""432210 TUCUNDUVA"";25;-;25"
"""432220 TUPANCIRETA"";74;-;74"
"""432230 TUPARENDI"";27;-;27"
"""432240 URUGUAIANA"";507;6;513"
"""432250 VACARIA"";420;1;421"
"""432253 VALE DO SOL"";47;-;47"
"""432260 VENANCIO AIRES"";313;-;313"
"""432270 VERA CRUZ"";94;-;94"
"""432280 VERANOPOLIS"";102;-;102"
"""432290 VIADUTOS"";13;-;13"
"""432300 VIAMAO"";708;-;708"
"""500060 AMAMBAI"";28;-;28"
"""500070 ANASTACIO"";6;-;6"
"""500080 ANAURILANDIA"";9;-;9"
"""500085 ANGELICA"";3;-;3"
"""500090 ANTONIO JOAO"";5;-;5"
"""500100 APARECIDA DO TABOADO"";30;-;30"
"""500110 AQUIDAUANA"";222;1;223"
"""500124 ARAL MOREIRA"";4;-;4"
"""500190 BATAGUASSU"";14;-;14"
"""500210 BELA VISTA"";10;-;10"
"""500215 BODOQUENA"";3;-;3"
"""500220 BONITO"";10;-;10"
"""500230 BRASILANDIA"";8;-;8"
"""500240 CAARAPO"";17;-;17"
"""500260 CAMAPUA"";2;-;2"
"""500270 CAMPO GRANDE"";4052;540;4592"
"""500280 CARACOL"";4;-;4"
"""500290 CASSILANDIA"";35;-;35"
"""500295 CHAPADAO DO SUL"";25;-;25"
"""500315 CORONEL SAPUCAIA"";8;-;8"
"""500320 CORUMBA"";352;1;353"
"""500325 COSTA RICA"";61;-;61"
"""500330 COXIM"";89;-;89"
"""500345 DEODAPOLIS"";9;-;9"
"""500348 DOIS IRMAOS DO BURITI"";5;-;5"
"""500370 DOURADOS"";1365;152;1517"
"""500375 ELDORADO"";6;-;6"
"""500380 FATIMA DO SUL"";52;-;52"
"""500400 GLORIA DE DOURADOS"";2;-;2"
"""500410 GUIA LOPES DA LAGUNA"";7;-;7"
"""500430 IGUATEMI"";44;-;44"
"""500450 ITAPORA"";14;-;14"
"""500460 ITAQUIRAI"";21;-;21"
"""500470 IVINHEMA"";41;-;41"
"""500500 JARDIM"";20;-;20"
"""500515 JUTI"";7;-;7"
"""500525 LAGUNA CARAPA"";3;-;3"
"""500540 MARACAJU"";43;-;43"
"""500560 MIRANDA"";18;-;18"
"""500568 MUNDO NOVO"";14;-;14"
"""500570 NAVIRAI"";40;-;40"
"""500580 NIOAQUE"";2;-;2"
"""500600 NOVA ALVORADA DO SUL"";10;-;10"
"""500620 NOVA ANDRADINA"";151;-;151"
"""500625 NOVO HORIZONTE DO SUL"";3;-;3"
"""500630 PARANAIBA"";146;-;146"
"""500635 PARANHOS"";14;-;14"
"""500660 PONTA PORA"";391;3;394"
"""500690 PORTO MURTINHO"";6;-;6"
"""500710 RIBAS DO RIO PARDO"";1;-;1"
"""500720 RIO BRILHANTE"";39;-;39"
"""500730 RIO NEGRO"";2;-;2"
"""500740 RIO VERDE DE MATO GROSSO"";7;-;7"
"""500755 SANTA RITA DO PARDO"";2;-;2"
"""500769 SAO GABRIEL DO OESTE"";31;-;31"
"""500770 SETE QUEDAS"";2;-;2"
"""500790 SIDROLANDIA"";28;-;28"
"""500793 SONORA"";7;-;7"
"""500795 TACURU"";4;-;4"
"""500797 TAQUARUSSU"";1;-;1"
"""500830 TRES LAGOAS"";625;13;638"
"""500840 VICENTINA"";10;-;10"
"""510020 AGUA BOA"";203;-;203"
"""510025 ALTA FLORESTA"";109;-;109"
"""510030 ALTO ARAGUAIA"";22;-;22"
"""510060 ALTO TAQUARI"";6;-;6"
"""510080 APIACAS"";3;-;3"
"""510125 ARAPUTANGA"";7;-;7"
"""510130 ARENAPOLIS"";2;-;2"
"""510140 ARIPUANA"";18;-;18"
"""510170 BARRA DO BUGRES"";44;-;44"
"""510180 BARRA DO GARCAS"";141;-;141"
"""510190 BRASNORTE"";13;-;13"
"""510250 CACERES"";534;-;534"
"""510260 CAMPINAPOLIS"";4;-;4"
"""510263 CAMPO NOVO DO PARECIS"";48;-;48"
"""510267 CAMPO VERDE"";145;-;145"
"""510268 CAMPOS DE JULIO"";4;-;4"
"""510270 CANARANA"";27;-;27"
"""510305 CLAUDIA"";23;-;23"
"""510310 COCALINHO"";6;-;6"
"""510320 COLIDER"";215;-;215"
"""510325 COLNIZA"";37;-;37"
"""510330 COMODORO"";17;-;17"
"""510335 CONFRESA"";88;-;88"
"""510337 COTRIGUACU"";1;-;1"
"""510340 CUIABA"";2273;165;2438"
"""510350 DIAMANTINO"";12;-;12"
"""510360 DOM AQUINO"";3;-;3"
"""510390 GENERAL CARNEIRO"";5;-;5"
"""510410 GUARANTA DO NORTE"";38;-;38"
"""510420 GUIRATINGA"";14;-;14"
"""510460 ITIQUIRA"";3;-;3"
"""510480 JACIARA"";23;-;23"
"""510500 JAURU"";6;-;6"
"""510510 JUARA"";70;-;70"
"""510515 JUINA"";37;-;37"
"""510517 JURUENA"";7;-;7"
"""510520 JUSCIMEIRA"";27;-;27"
"""510525 LUCAS DO RIO VERDE"";109;-;109"
"""510550 VILA BELA DA SANTISSIMA TRINDADE"";14;-;14"
"""510558 MARCELANDIA"";5;-;5"
"""510560 MATUPA"";30;-;30"
"""510562 MIRASSOL D'OESTE"";32;-;32"
"""510590 NOBRES"";35;-;35"
"""510610 NOSSA SENHORA DO LIVRAMENTO"";5;-;5"
"""510622 NOVA MUTUM"";179;5;184"
"""510623 NOVA OLIMPIA"";7;-;7"
"""510625 NOVA XAVANTINA"";55;-;55"
"""510627 NOVO HORIZONTE DO NORTE"";7;-;7"
"""510628 NOVO SAO JOAQUIM"";2;-;2"
"""510629 PARANAITA"";11;-;11"
"""510630 PARANATINGA"";15;-;15"
"""510637 PEDRA PRETA"";24;-;24"
"""510642 PEIXOTO DE AZEVEDO"";42;-;42"
"""510650 POCONE"";55;-;55"
"""510675 PONTES E LACERDA"";56;-;56"
"""510680 PORTO DOS GAUCHOS"";2;-;2"
"""510700 POXOREO"";57;-;57"
"""510704 PRIMAVERA DO LESTE"";76;1;77"
"""510706 QUERENCIA"";24;-;24"
"""510720 RIO BRANCO"";1;-;1"
"""510730 SAO JOSE DO RIO CLARO"";22;-;22"
"""510760 RONDONOPOLIS"";966;44;1010"
"""510770 ROSARIO OESTE"";27;-;27"
"""510775 SALTO DO CEU"";6;-;6"
"""510777 SANTA TEREZINHA"";7;-;7"
"""510785 SAO FELIX DO ARAGUAIA"";33;-;33"
"""510787 SAPEZAL"";21;-;21"
"""510790 SINOP"";284;10;294"
"""510792 SORRISO"";270;2;272"
"""510794 TABAPORA"";11;-;11"
"""510795 TANGARA DA SERRA"";164;-;164"
"""510800 TAPURAH"";4;-;4"
"""510805 TERRA NOVA DO NORTE"";15;-;15"
"""510810 TESOURO"";4;-;4"
"""510820 TORIXOREU"";3;-;3"
"""510840 VARZEA GRANDE"";785;27;812"
"""510860 VILA RICA"";37;1;38"
"""520013 ACREUNA"";3;-;3"
"""520025 AGUAS LINDAS DE GOIAS"";9;-;9"
"""520030 ALEXANIA"";48;-;48"
"""520060 ALTO PARAISO DE GOIAS"";4;-;4"
"""520080 ALVORADA DO NORTE"";13;-;13"
"""520085 AMERICANO DO BRASIL"";4;-;4"
"""520090 AMORINOPOLIS"";5;-;5"
"""520110 ANAPOLIS"";1200;56;1256"
"""520130 ANICUNS"";17;-;17"
"""520140 APARECIDA DE GOIANIA"";679;77;756"
"""520160 ARACU"";7;-;7"
"""520170 ARAGARCAS"";37;-;37"
"""520235 ARENOPOLIS"";1;-;1"
"""520250 ARUANA"";5;-;5"
"""520320 BARRO ALTO"";6;-;6"
"""520330 BELA VISTA DE GOIAS"";43;-;43"
"""520340 BOM JARDIM DE GOIAS"";1;-;1"
"""520350 BOM JESUS DE GOIAS"";60;-;60"
"""520390 BURITI ALEGRE"";15;-;15"
"""520400 CABECEIRAS"";3;-;3"
"""520410 CACHOEIRA ALTA"";22;-;22"
"""520425 CACHOEIRA DOURADA"";4;-;4"
"""520430 CACU"";35;-;35"
"""520440 CAIAPONIA"";38;-;38"
"""520450 CALDAS NOVAS"";60;-;60"
"""520465 CAMPINACU"";5;-;5"
"""520500 CARMO DO RIO VERDE"";3;-;3"
"""520510 CATALAO"";254;14;268"
"""520520 CATURAI"";1;-;1"
"""520530 CAVALCANTE"";6;-;6"
"""520540 CERES"";136;-;136"
"""520547 CHAPADAO DO CEU"";9;-;9"
"""520551 COCALZINHO DE GOIAS"";29;-;29"
"""520570 CORREGO DO OURO"";1;-;1"
"""520580 CORUMBA DE GOIAS"";19;-;19"
"""520590 CORUMBAIBA"";11;-;11"
"""520620 CRISTALINA"";20;-;20"
"""520640 CRIXAS"";2;-;2"
"""520650 CROMINIA"";15;-;15"
"""520670 DAMIANOPOLIS"";2;-;2"
"""520680 DAMOLANDIA"";3;-;3"
"""520710 DIORAMA"";9;-;9"
"""520740 EDEIA"";23;-;23"
"""520750 ESTRELA DO NORTE"";1;-;1"
"""520760 FAZENDA NOVA"";2;-;2"
"""520780 FIRMINOPOLIS"";28;-;28"
"""520800 FORMOSA"";301;-;301"
"""520830 DIVINOPOLIS DE GOIAS"";3;-;3"
"""520840 GOIANAPOLIS"";8;-;8"
"""520860 GOIANESIA"";42;-;42"
"""520870 GOIANIA"";5318;900;6218"
"""520880 GOIANIRA"";27;-;27"
"""520890 GOIAS"";169;-;169"
"""520910 GOIATUBA"";42;-;42"
"""520970 HIDROLANDIA"";13;-;13"
"""520980 HIDROLINA"";3;-;3"
"""520990 IACIARA"";12;-;12"
"""520993 INACIOLANDIA"";3;-;3"
"""521000 INHUMAS"";61;-;61"
"""521010 IPAMERI"";9;-;9"
"""521020 IPORA"";25;-;25"
"""521040 ITABERAI"";3;-;3"
"""521060 ITAGUARU"";11;-;11"
"""521080 ITAJA"";4;-;4"
"""521090 ITAPACI"";23;-;23"
"""521100 ITAPIRAPUA"";10;-;10"
"""521120 ITAPURANGA"";59;-;59"
"""521130 ITARUMA"";1;-;1"
"""521150 ITUMBIARA"";661;4;665"
"""521180 JARAGUA"";159;-;159"
"""521190 JATAI"";390;-;390"
"""521200 JAUPACI"";3;-;3"
"""521210 JOVIANIA"";3;-;3"
"""521220 JUSSARA"";11;-;11"
"""521250 LUZIANIA"";234;-;234"
"""521270 MAMBAI"";1;-;1"
"""521280 MARA ROSA"";4;-;4"
"""521300 MAURILANDIA"";2;-;2"
"""521308 MINACU"";60;-;60"
"""521310 MINEIROS"";140;-;140"
"""521350 MONTE ALEGRE DE GOIAS"";1;-;1"
"""521375 MONTIVIDIU"";7;-;7"
"""521380 MORRINHOS"";243;-;243"
"""521385 MORRO AGUDO DE GOIAS"";1;-;1"
"""521400 MOZARLANDIA"";4;-;4"
"""521410 MUTUNOPOLIS"";3;-;3"
"""521450 NEROPOLIS"";689;-;689"
"""521460 NIQUELANDIA"";14;-;14"
"""521530 ORIZONA"";10;-;10"
"""521550 OUVIDOR"";3;-;3"
"""521560 PADRE BERNARDO"";12;-;12"
"""521570 PALMEIRAS DE GOIAS"";1;-;1"
"""521580 PALMELO"";4;-;4"
"""521590 PALMINOPOLIS"";1;-;1"
"""521630 PARANAIGUARA"";33;-;33"
"""521640 PARAUNA"";11;-;11"
"""521710 PIRACANJUBA"";32;-;32"
"""521720 PIRANHAS"";21;-;21"
"""521730 PIRENOPOLIS"";68;-;68"
"""521740 PIRES DO RIO"";37;-;37"
"""521760 PLANALTINA"";125;-;125"
"""521770 PONTALINA"";30;-;30"
"""521800 PORANGATU"";123;-;123"
"""521810 PORTELANDIA"";1;-;1"
"""521830 POSSE"";75;-;75"
"""521850 QUIRINOPOLIS"";152;-;152"
"""521860 RIALMA"";7;-;7"
"""521878 RIO QUENTE"";2;-;2"
"""521880 RIO VERDE"";450;9;459"
"""521890 RUBIATABA"";50;-;50"
"""521900 SANCLERLANDIA"";7;-;7"
"""521910 SANTA BARBARA DE GOIAS"";7;-;7"
"""521920 SANTA CRUZ DE GOIAS"";4;-;4"
"""521930 SANTA HELENA DE GOIAS"";278;-;278"
"""521950 SANTA ROSA DE GOIAS"";4;-;4"
"""521960 SANTA TEREZA DE GOIAS"";3;-;3"
"""521970 SANTA TEREZINHA DE GOIAS"";8;-;8"
"""521975 SANTO ANTONIO DO DESCOBERTO"";15;-;15"
"""521980 SAO DOMINGOS"";15;-;15"
"""522010 SAO LUIS DE MONTES BELOS"";179;-;179"
"""522015 SAO LUIZ DO NORTE"";5;-;5"
"""522020 SAO MIGUEL DO ARAGUAIA"";45;-;45"
"""522040 SAO SIMAO"";63;-;63"
"""522045 SENADOR CANEDO"";128;-;128"
"""522050 SERRANOPOLIS"";4;-;4"
"""522060 SILVANIA"";27;-;27"
"""522068 SIMOLANDIA"";9;-;9"
"""522100 TAQUARAL DE GOIAS"";3;-;3"
"""522140 TRINDADE"";176;-;176"
"""522145 TROMBAS"";1;-;1"
"""522160 URUACU"";839;25;864"
"""522170 URUANA"";5;-;5"
"""522185 VALPARAISO DE GOIAS"";54;-;54"
"""522200 VIANOPOLIS"";20;-;20"
"""522205 VICENTINOPOLIS"";13;-;13"
"""530010 BRASILIA"";6807;372;7179"
"""Total"";588982;33248;622230"
&
