"""Munic¡pio"";""Eletivo"";""Urgˆncia"";""Outros ac trab"";""Outras caus ext"";""Total"""
"""110002 ARIQUEMES"";-;22;-;-;22"
"""110004 CACOAL"";20;40;-;-;60"
"""110008 COSTA MARQUES"";1;-;-;-;1"
"""110010 GUAJARA-MIRIM"";-;2;-;-;2"
"""110011 JARU"";-;2;-;-;2"
"""110012 JI-PARANA"";-;39;-;-;39"
"""110018 PIMENTA BUENO"";-;4;-;-;4"
"""110020 PORTO VELHO"";36;125;1;-;162"
"""110025 PRESIDENTE MEDICI"";1;-;-;-;1"
"""110030 VILHENA"";-;21;-;-;21"
"""110034 ALVORADA D'OESTE"";-;1;-;-;1"
"""110045 BURITIS"";-;1;-;-;1"
"""110149 SAO FRANCISCO DO GUAPORE"";-;2;-;-;2"
"""130006 AMATURA"";-;1;-;-;1"
"""130010 ANORI"";-;1;-;-;1"
"""130014 APUI"";-;1;-;-;1"
"""130050 BARREIRINHA"";-;2;-;-;2"
"""130068 BOA VISTA DO RAMOS"";-;2;-;-;2"
"""130100 CARAUARI"";-;2;-;-;2"
"""130120 COARI"";-;30;-;-;30"
"""130180 IPIXUNA"";1;-;-;-;1"
"""130220 JURUA"";-;2;-;-;2"
"""130260 MANAUS"";69;476;-;-;545"
"""130270 MANICORE"";-;4;-;-;4"
"""130320 NOVO AIRAO"";-;3;-;-;3"
"""130340 PARINTINS"";-;19;-;-;19"
"""130350 PAUINI"";-;1;-;-;1"
"""130370 SANTO ANTONIO DO ICA"";-;2;-;-;2"
"""130380 SAO GABRIEL DA CACHOEIRA"";-;1;-;-;1"
"""130395 SAO SEBASTIAO DO UATUMA"";-;3;-;-;3"
"""130400 SILVES"";-;1;-;-;1"
"""130406 TABATINGA"";-;2;-;-;2"
"""130420 TEFE"";-;3;-;-;3"
"""130423 TONANTINS"";-;1;-;-;1"
"""130430 URUCARA"";-;1;-;-;1"
"""150010 ABAETETUBA"";-;6;-;-;6"
"""150040 ALENQUER"";-;15;-;-;15"
"""150060 ALTAMIRA"";-;39;-;-;39"
"""150070 ANAJAS"";-;2;-;-;2"
"""150080 ANANINDEUA"";7;74;-;-;81"
"""150095 AURORA DO PARA"";-;3;-;-;3"
"""150120 BAIAO"";-;7;-;-;7"
"""150125 BANNACH"";-;1;-;-;1"
"""150130 BARCARENA"";-;7;-;-;7"
"""150140 BELEM"";35;475;-;-;510"
"""150170 BRAGANCA"";5;21;-;-;26"
"""150172 BRASIL NOVO"";-;3;-;-;3"
"""150180 BREVES"";-;13;-;-;13"
"""150215 CANAA DOS CARAJAS"";-;2;-;-;2"
"""150220 CAPANEMA"";1;28;-;-;29"
"""150240 CASTANHAL"";13;87;-;-;100"
"""150270 CONCEICAO DO ARAGUAIA"";-;2;-;-;2"
"""150275 CONCORDIA DO PARA"";-;4;-;-;4"
"""150320 IGARAPE-ACU"";-;5;-;-;5"
"""150345 IPIXUNA DO PARA"";-;1;-;-;1"
"""150360 ITAITUBA"";2;27;-;-;29"
"""150405 MAE DO RIO"";-;3;-;-;3"
"""150420 MARABA"";6;40;-;-;46"
"""150442 MARITUBA"";12;3;-;-;15"
"""150445 MEDICILANDIA"";-;4;-;-;4"
"""150470 MOJU"";-;3;-;-;3"
"""150480 MONTE ALEGRE"";-;16;-;-;16"
"""150506 NOVO REPARTIMENTO"";-;1;-;-;1"
"""150530 ORIXIMINA"";-;4;-;-;4"
"""150540 OUREM"";-;3;-;-;3"
"""150543 OURILANDIA DO NORTE"";-;13;-;-;13"
"""150550 PARAGOMINAS"";2;9;-;-;11"
"""150553 PARAUAPEBAS"";-;41;-;-;41"
"""150555 PAU D'ARCO"";-;2;-;-;2"
"""150565 PLACAS"";-;3;-;-;3"
"""150580 PORTEL"";-;8;-;-;8"
"""150613 REDENCAO"";-;31;-;-;31"
"""150616 RIO MARIA"";-;2;-;-;2"
"""150618 RONDON DO PARA"";-;10;-;-;10"
"""150620 SALINOPOLIS"";-;5;-;-;5"
"""150650 SANTA IZABEL DO PARA"";-;4;-;-;4"
"""150660 SANTA MARIA DO PARA"";-;3;-;-;3"
"""150680 SANTAREM"";-;80;-;-;80"
"""150700 SANTO ANTONIO DO TAUA"";-;1;-;-;1"
"""150720 SAO DOMINGOS DO CAPIM"";-;2;-;-;2"
"""150730 SAO FELIX DO XINGU"";-;2;-;-;2"
"""150747 SAO JOAO DE PIRABAS"";-;3;-;-;3"
"""150760 SAO MIGUEL DO GUAMA"";-;8;-;-;8"
"""150780 SENADOR JOSE PORFIRIO"";-;1;-;-;1"
"""150795 TAILANDIA"";-;11;-;-;11"
"""150800 TOME-ACU"";-;6;-;-;6"
"""150808 TUCUMA"";-;1;-;-;1"
"""150810 TUCURUI"";3;36;-;-;39"
"""150812 ULIANOPOLIS"";-;1;-;-;1"
"""150815 URUARA"";-;4;-;-;4"
"""150820 VIGIA"";-;14;-;-;14"
"""150840 XINGUARA"";-;1;-;-;1"
"""160027 LARANJAL DO JARI"";-;4;-;-;4"
"""160030 MACAPA"";40;56;-;-;96"
"""160050 OIAPOQUE"";1;1;-;-;2"
"""160060 SANTANA"";-;12;-;-;12"
"""170100 ANANAS"";-;1;-;-;1"
"""170210 ARAGUAINA"";1;7;-;-;8"
"""170550 COLINAS DO TOCANTINS"";-;6;-;-;6"
"""170900 GOIATINS"";-;1;-;-;1"
"""171575 PALMEIROPOLIS"";-;1;-;-;1"
"""172120 TOCANTINOPOLIS"";-;2;-;-;2"
"""210005 ACAILANDIA"";11;14;-;-;25"
"""210043 ALTO ALEGRE DO MARANHAO"";-;4;-;-;4"
"""210120 BACABAL"";-;46;-;-;46"
"""210140 BALSAS"";-;17;-;-;17"
"""210160 BARRA DO CORDA"";-;9;-;-;9"
"""210170 BARREIRINHAS"";-;20;-;-;20"
"""210290 CARUTAPERA"";-;4;-;-;4"
"""210300 CAXIAS"";1;55;-;-;56"
"""210320 CHAPADINHA"";4;12;-;-;16"
"""210325 CIDELANDIA"";-;1;-;-;1"
"""210330 CODO"";-;24;-;-;24"
"""210350 COLINAS"";-;4;-;-;4"
"""210360 COROATA"";-;17;-;-;17"
"""210370 CURURUPU"";18;-;-;-;18"
"""210480 GRAJAU"";1;26;-;-;27"
"""210530 IMPERATRIZ"";5;122;-;-;127"
"""210542 ITINGA DO MARANHAO"";-;2;-;-;2"
"""210545 JATOBA"";-;2;-;-;2"
"""210570 LAGO DA PEDRA"";7;-;-;-;7"
"""210594 LAGO DOS RODRIGUES"";-;1;-;-;1"
"""210660 MATOES"";-;4;-;-;4"
"""210690 MONCAO"";-;1;-;-;1"
"""210710 MORROS"";-;1;-;-;1"
"""210720 NINA RODRIGUES"";-;3;-;-;3"
"""210780 PARNARAMA"";-;6;-;-;6"
"""210820 PEDREIRAS"";10;-;-;-;10"
"""210840 PERI MIRIM"";-;1;-;-;1"
"""210845 PERITORO"";-;9;-;-;9"
"""210860 PINHEIRO"";-;20;-;-;20"
"""210910 PRESIDENTE DUTRA"";-;57;-;-;57"
"""210927 PRESIDENTE SARNEY"";-;2;-;-;2"
"""210950 RIACHAO"";-;4;-;-;4"
"""210960 ROSARIO"";-;3;-;-;3"
"""210980 SANTA HELENA"";-;3;-;-;3"
"""210990 SANTA INES"";1;15;-;-;16"
"""211003 SANTA LUZIA DO PARUA"";9;-;-;-;9"
"""211080 SAO FELIX DE BALSAS"";-;1;-;-;1"
"""211107 SAO JOAO DO SOTER"";-;1;-;-;1"
"""211120 SAO JOSE DE RIBAMAR"";-;3;-;-;3"
"""211130 SAO LUIS"";210;233;-;-;443"
"""211150 SAO MATEUS DO MARANHAO"";-;1;-;-;1"
"""211210 TIMBIRAS"";-;5;-;-;5"
"""211220 TIMON"";4;25;-;-;29"
"""211223 TRIZIDELA DO VALE"";-;3;-;-;3"
"""211250 TUTOIA"";-;1;-;-;1"
"""211270 VARGEM GRANDE"";-;1;-;-;1"
"""211280 VIANA"";-;14;-;-;14"
"""211285 VILA NOVA DOS MARTIRIOS"";-;1;-;-;1"
"""220040 ALTOS"";-;1;-;-;1"
"""220050 AMARANTE"";-;1;-;-;1"
"""220120 BARRAS"";9;-;-;-;9"
"""220190 BOM JESUS"";-;20;-;-;20"
"""220220 CAMPO MAIOR"";-;35;-;-;35"
"""220230 CANTO DO BURITI"";-;5;-;-;5"
"""220260 CASTELO DO PIAUI"";-;1;-;-;1"
"""220290 CORRENTE"";-;2;-;-;2"
"""220320 CURIMATA"";-;5;-;-;5"
"""220330 DEMERVAL LOBAO"";-;4;-;-;4"
"""220350 ELESBAO VELOSO"";-;4;-;-;4"
"""220370 ESPERANTINA"";-;4;-;-;4"
"""220450 GUADALUPE"";-;4;-;-;4"
"""220470 INHUMA"";-;1;-;-;1"
"""220510 ITAUEIRA"";-;1;-;-;1"
"""220570 LUIS CORREIA"";-;1;-;-;1"
"""220580 LUZILANDIA"";1;3;-;-;4"
"""220700 OEIRAS"";-;12;-;-;12"
"""220760 PARNAGUA"";-;1;-;-;1"
"""220770 PARNAIBA"";1;39;-;-;40"
"""220790 PEDRO II"";-;7;-;-;7"
"""220800 PICOS"";-;73;-;-;73"
"""220830 PIRACURUCA"";-;2;-;-;2"
"""220840 PIRIPIRI"";-;17;-;-;17"
"""220880 REGENERACAO"";-;6;-;-;6"
"""221000 SAO JOAO DO PIAUI"";-;9;-;-;9"
"""221040 SAO MIGUEL DO TAPUIO"";-;1;-;-;1"
"""221060 SAO RAIMUNDO NONATO"";2;17;-;-;19"
"""221100 TERESINA"";9;293;-;-;302"
"""221110 UNIAO"";-;6;-;-;6"
"""221120 URUCUI"";-;4;-;-;4"
"""221130 VALENCA DO PIAUI"";-;8;-;-;8"
"""230020 ACARAU"";-;18;-;-;18"
"""230030 ACOPIARA"";-;3;-;-;3"
"""230070 ALTO SANTO"";-;2;-;-;2"
"""230090 APUIARES"";-;1;-;-;1"
"""230100 AQUIRAZ"";-;9;-;-;9"
"""230110 ARACATI"";-;11;-;-;11"
"""230120 ARACOIABA"";-;5;-;-;5"
"""230130 ARARIPE"";-;3;-;-;3"
"""230160 ASSARE"";-;1;-;-;1"
"""230170 AURORA"";1;2;-;-;3"
"""230190 BARBALHA"";3;81;-;-;84"
"""230195 BARREIRA"";-;3;-;-;3"
"""230220 BEBERIBE"";1;8;-;-;9"
"""230230 BELA CRUZ"";-;2;-;-;2"
"""230240 BOA VIAGEM"";-;3;-;-;3"
"""230250 BREJO SANTO"";-;26;1;3;30"
"""230260 CAMOCIM"";-;3;-;-;3"
"""230270 CAMPOS SALES"";-;4;-;-;4"
"""230280 CANINDE"";-;4;-;-;4"
"""230300 CARIDADE"";-;1;-;-;1"
"""230320 CARIRIACU"";-;2;-;-;2"
"""230330 CARIUS"";-;6;-;-;6"
"""230350 CASCAVEL"";-;4;-;-;4"
"""230370 CAUCAIA"";-;33;-;-;33"
"""230380 CEDRO"";-;5;-;-;5"
"""230395 CHOROZINHO"";-;1;-;-;1"
"""230410 CRATEUS"";1;45;-;-;46"
"""230420 CRATO"";4;33;-;-;37"
"""230425 CRUZ"";-;5;-;-;5"
"""230426 DEPUTADO IRAPUAN PINHEIRO"";-;2;-;-;2"
"""230428 EUSEBIO"";-;3;-;-;3"
"""230440 FORTALEZA"";66;704;10;-;780"
"""230445 FORTIM"";-;2;-;-;2"
"""230450 FRECHEIRINHA"";-;2;-;-;2"
"""230480 GRANJEIRO"";-;1;-;-;1"
"""230495 GUAIUBA"";-;1;-;-;1"
"""230500 GUARACIABA DO NORTE"";-;5;-;-;5"
"""230520 HIDROLANDIA"";-;2;-;-;2"
"""230523 HORIZONTE"";-;4;-;-;4"
"""230526 IBARETAMA"";-;1;-;-;1"
"""230530 IBIAPINA"";-;2;-;-;2"
"""230540 ICO"";-;13;-;-;13"
"""230550 IGUATU"";-;33;-;-;33"
"""230580 IPU"";-;2;-;-;2"
"""230590 IPUEIRAS"";-;3;-;-;3"
"""230600 IRACEMA"";-;2;-;-;2"
"""230620 ITAICABA"";-;1;-;-;1"
"""230625 ITAITINGA"";-;6;-;-;6"
"""230630 ITAPAJE"";-;3;-;-;3"
"""230640 ITAPIPOCA"";-;22;-;-;22"
"""230655 ITAREMA"";-;3;-;-;3"
"""230680 JAGUARIBARA"";-;3;-;-;3"
"""230690 JAGUARIBE"";-;1;-;-;1"
"""230710 JARDIM"";-;4;-;-;4"
"""230725 JIJOCA DE JERICOACOARA"";-;1;-;-;1"
"""230730 JUAZEIRO DO NORTE"";1;150;-;-;151"
"""230740 JUCAS"";-;2;-;-;2"
"""230750 LAVRAS DA MANGABEIRA"";-;2;-;-;2"
"""230760 LIMOEIRO DO NORTE"";4;18;-;-;22"
"""230763 MADALENA"";-;2;-;-;2"
"""230765 MARACANAU"";-;51;-;-;51"
"""230770 MARANGUAPE"";-;9;-;-;9"
"""230820 MERUOCA"";-;1;-;-;1"
"""230830 MILAGRES"";-;6;-;-;6"
"""230840 MISSAO VELHA"";-;3;-;-;3"
"""230860 MONSENHOR TABOSA"";-;4;-;-;4"
"""230870 MORADA NOVA"";-;4;-;-;4"
"""230910 MULUNGU"";-;2;-;-;2"
"""230930 NOVA RUSSAS"";-;8;-;-;8"
"""230940 NOVO ORIENTE"";6;-;-;-;6"
"""230950 OROS"";-;3;-;-;3"
"""230960 PACAJUS"";-;6;-;-;6"
"""230970 PACATUBA"";-;5;-;-;5"
"""231020 PARACURU"";-;4;-;-;4"
"""231025 PARAIPABA"";-;4;-;-;4"
"""231030 PARAMBU"";1;-;-;-;1"
"""231050 PEDRA BRANCA"";-;3;-;-;3"
"""231070 PENTECOSTE"";-;2;-;-;2"
"""231080 PEREIRO"";-;1;-;-;1"
"""231100 PORANGA"";-;1;-;-;1"
"""231110 PORTEIRAS"";-;4;-;-;4"
"""231120 POTENGI"";-;4;-;-;4"
"""231130 QUIXADA"";-;19;-;-;19"
"""231140 QUIXERAMOBIM"";18;79;-;-;97"
"""231150 QUIXERE"";-;3;-;-;3"
"""231160 REDENCAO"";-;4;-;-;4"
"""231180 RUSSAS"";-;14;-;-;14"
"""231195 SALITRE"";-;1;-;-;1"
"""231210 SANTANA DO CARIRI"";-;1;-;-;1"
"""231220 SANTA QUITERIA"";-;8;-;-;8"
"""231290 SOBRAL"";25;181;-;-;206"
"""231300 SOLONOPOLE"";-;3;-;-;3"
"""231310 TABULEIRO DO NORTE"";-;4;-;-;4"
"""231330 TAUA"";-;28;-;-;28"
"""231340 TIANGUA"";-;19;-;-;19"
"""231360 UBAJARA"";-;3;-;-;3"
"""231395 VARJOTA"";-;4;-;-;4"
"""231400 VARZEA ALEGRE"";-;10;-;-;10"
"""231410 VICOSA DO CEARA"";-;4;-;-;4"
"""240020 ACU"";-;3;-;-;3"
"""240050 ALEXANDRIA"";-;3;-;-;3"
"""240100 APODI"";-;2;-;-;2"
"""240200 CAICO"";-;41;-;-;41"
"""240230 CARAUBAS"";-;2;-;-;2"
"""240260 CEARA-MIRIM"";-;16;-;-;16"
"""240310 CURRAIS NOVOS"";-;23;-;-;23"
"""240325 PARNAMIRIM"";14;6;-;-;20"
"""240420 GOIANINHA"";-;1;-;-;1"
"""240520 JANDUIS"";-;1;-;-;1"
"""240560 JARDIM DE PIRANHAS"";-;2;-;-;2"
"""240570 JARDIM DO SERIDO"";-;3;-;-;3"
"""240580 JOAO CAMARA"";-;12;-;-;12"
"""240670 LAJES"";1;-;-;-;1"
"""240710 MACAIBA"";-;11;-;-;11"
"""240720 MACAU"";6;-;-;-;6"
"""240800 MOSSORO"";3;136;-;-;139"
"""240810 NATAL"";81;232;7;12;332"
"""240830 NOVA CRUZ"";-;8;-;-;8"
"""240910 PASSA E FICA"";-;2;-;-;2"
"""240940 PAU DOS FERROS"";1;23;-;-;24"
"""241070 RIACHO DA CRUZ"";-;2;-;-;2"
"""241120 SANTA CRUZ"";-;7;-;-;7"
"""241150 SANTO ANTONIO"";-;10;-;-;10"
"""241200 SAO GONCALO DO AMARANTE"";-;9;-;-;9"
"""241260 SAO PAULO DO POTENGI"";-;11;-;-;11"
"""250040 ALAGOA NOVA"";-;1;-;-;1"
"""250150 BANANEIRAS"";-;4;-;-;4"
"""250190 BELEM"";-;1;-;-;1"
"""250320 CABEDELO"";-;9;-;-;9"
"""250370 CAJAZEIRAS"";3;36;-;-;39"
"""250400 CAMPINA GRANDE"";6;227;-;-;233"
"""250430 CATOLE DO ROCHA"";-;21;-;-;21"
"""250440 CONCEICAO"";1;-;-;-;1"
"""250480 COREMAS"";-;3;-;-;3"
"""250510 CUITE"";-;1;-;-;1"
"""250600 ESPERANCA"";-;5;-;-;5"
"""250630 GUARABIRA"";1;41;-;-;42"
"""250690 ITABAIANA"";-;13;-;-;13"
"""250700 ITAPORANGA"";-;4;-;-;4"
"""250750 JOAO PESSOA"";31;329;-;-;360"
"""250890 MAMANGUAPE"";-;25;-;-;25"
"""250970 MONTEIRO"";-;16;-;-;16"
"""251080 PATOS"";5;61;-;-;66"
"""251120 PEDRAS DE FOGO"";-;5;-;-;5"
"""251130 PIANCO"";-;21;-;-;21"
"""251140 PICUI"";-;20;-;-;20"
"""251200 POCINHOS"";-;8;-;-;8"
"""251210 POMBAL"";2;14;-;-;16"
"""251230 PRINCESA ISABEL"";-;1;-;-;1"
"""251250 QUEIMADAS"";-;6;-;-;6"
"""251370 SANTA RITA"";17;46;-;-;63"
"""251550 SERRA BRANCA"";-;5;-;-;5"
"""251600 SOLANEA"";-;4;-;-;4"
"""251620 SOUSA"";1;20;-;-;21"
"""251630 SUME"";-;4;-;-;4"
"""251650 TAPEROA"";-;11;-;-;11"
"""251660 TAVARES"";-;1;-;-;1"
"""260010 AFOGADOS DA INGAZEIRA"";2;19;-;-;21"
"""260030 AGRESTINA"";-;1;-;-;1"
"""260050 AGUAS BELAS"";-;1;-;-;1"
"""260060 ALAGOINHA"";-;1;-;-;1"
"""260110 ARARIPINA"";11;-;-;-;11"
"""260120 ARCOVERDE"";-;25;-;-;25"
"""260140 BARREIROS"";-;2;-;-;2"
"""260190 BEZERROS"";15;-;-;-;15"
"""260200 BODOCO"";-;1;-;-;1"
"""260210 BOM CONSELHO"";-;3;-;-;3"
"""260220 BOM JARDIM"";-;1;-;-;1"
"""260230 BONITO"";-;3;-;-;3"
"""260260 BREJO DA MADRE DE DEUS"";-;2;-;-;2"
"""260290 CABO DE SANTO AGOSTINHO"";-;55;-;1;56"
"""260310 CACHOEIRINHA"";-;1;-;-;1"
"""260345 CAMARAGIBE"";-;1;-;-;1"
"""260370 CANHOTINHO"";-;1;-;-;1"
"""260380 CAPOEIRAS"";-;1;-;-;1"
"""260410 CARUARU"";4;232;-;-;236"
"""260420 CATENDE"";-;2;-;-;2"
"""260470 CORRENTES"";-;1;-;-;1"
"""260540 FEIRA NOVA"";-;1;-;-;1"
"""260570 FLORESTA"";-;1;-;-;1"
"""260580 FREI MIGUELINHO"";-;3;-;-;3"
"""260600 GARANHUNS"";-;64;-;-;64"
"""260620 GOIANA"";-;9;-;-;9"
"""260640 GRAVATA"";-;5;-;-;5"
"""260790 JABOATAO DOS GUARARAPES"";21;53;-;-;74"
"""260795 JAQUEIRA"";-;1;-;-;1"
"""260800 JATAUBA"";-;1;-;-;1"
"""260810 JOAO ALFREDO"";-;2;-;-;2"
"""260845 LAGOA DO CARRO"";-;1;-;-;1"
"""260860 LAGOA DO OURO"";-;1;-;-;1"
"""260875 LAGOA GRANDE"";-;3;-;-;3"
"""260880 LAJEDO"";-;1;-;-;1"
"""260890 LIMOEIRO"";-;26;-;-;26"
"""260900 MACAPARANA"";-;1;-;-;1"
"""260940 MORENO"";-;27;-;-;27"
"""260950 NAZARE DA MATA"";-;9;-;-;9"
"""260960 OLINDA"";-;33;-;-;33"
"""260970 OROBO"";-;2;-;-;2"
"""260990 OURICURI"";3;47;-;-;50"
"""261000 PALMARES"";-;52;-;-;52"
"""261020 PANELAS"";-;2;-;-;2"
"""261040 PARNAMIRIM"";-;1;-;-;1"
"""261070 PAULISTA"";4;57;1;-;62"
"""261080 PEDRA"";-;1;-;-;1"
"""261100 PETROLANDIA"";-;1;-;-;1"
"""261110 PETROLINA"";10;34;-;-;44"
"""261160 RECIFE"";135;1071;-;-;1206"
"""261220 SALGUEIRO"";-;38;-;-;38"
"""261230 SALOA"";-;1;-;-;1"
"""261300 SAO BENTO DO UNA"";-;5;-;-;5"
"""261320 SAO JOAO"";-;2;-;-;2"
"""261350 SAO JOSE DO BELMONTE"";1;-;-;-;1"
"""261360 SAO JOSE DO EGITO"";-;10;-;-;10"
"""261370 SAO LOURENCO DA MATA"";-;1;-;-;1"
"""261390 SERRA TALHADA"";2;84;-;-;86"
"""261460 TABIRA"";-;1;-;-;1"
"""261500 TAQUARITINGA DO NORTE"";-;3;-;-;3"
"""261520 TERRA NOVA"";-;3;-;-;3"
"""261540 TORITAMA"";3;-;-;-;3"
"""261640 VITORIA DE SANTO ANTAO"";6;23;-;-;29"
"""270030 ARAPIRACA"";67;69;11;5;152"
"""270040 ATALAIA"";-;2;-;-;2"
"""270140 CAMPO ALEGRE"";1;2;-;-;3"
"""270170 CAPELA"";-;4;-;-;4"
"""270230 CORURIPE"";-;13;-;-;13"
"""270240 DELMIRO GOUVEIA"";-;3;-;-;3"
"""270430 MACEIO"";106;282;2;-;390"
"""270630 PALMEIRA DOS INDIOS"";-;12;-;-;12"
"""270730 PORTO CALVO"";-;37;-;-;37"
"""270770 RIO LARGO"";-;15;-;-;15"
"""270800 SANTANA DO IPANEMA"";-;23;-;-;23"
"""270840 SAO JOSE DA TAPERA"";2;-;-;-;2"
"""270860 SAO MIGUEL DOS CAMPOS"";-;9;-;-;9"
"""270915 TEOTONIO VILELA"";-;1;-;-;1"
"""270930 UNIAO DOS PALMARES"";-;31;-;-;31"
"""280020 AQUIDABA"";-;2;-;-;2"
"""280030 ARACAJU"";35;303;-;-;338"
"""280130 CAPELA"";-;1;-;-;1"
"""280210 ESTANCIA"";-;42;-;-;42"
"""280350 LAGARTO"";-;59;-;-;59"
"""280450 NOSSA SENHORA DA GLORIA"";-;17;-;-;17"
"""280570 PROPRIA"";-;13;-;-;13"
"""280590 RIACHUELO"";-;2;-;-;2"
"""280670 SAO CRISTOVAO"";-;5;-;-;5"
"""280710 SIMAO DIAS"";-;12;-;-;12"
"""290020 ABARE"";-;1;-;-;1"
"""290070 ALAGOINHAS"";-;57;-;-;57"
"""290100 AMARGOSA"";-;7;-;-;7"
"""290110 AMELIA RODRIGUES"";-;1;-;-;1"
"""290115 AMERICA DOURADA"";-;3;-;-;3"
"""290160 ANTAS"";-;3;-;-;3"
"""290210 ARACI"";-;1;-;-;1"
"""290240 AURELINO LEAL"";-;2;-;-;2"
"""290260 BAIXA GRANDE"";-;1;-;-;1"
"""290270 BARRA"";1;9;-;-;10"
"""290280 BARRA DA ESTIVA"";-;5;-;-;5"
"""290320 BARREIRAS"";-;59;-;-;59"
"""290323 BARRO ALTO"";-;1;-;-;1"
"""290327 BARROCAS"";-;1;-;-;1"
"""290340 BELMONTE"";-;1;-;-;1"
"""290350 BELO CAMPO"";-;3;-;-;3"
"""290390 BOM JESUS DA LAPA"";-;18;-;-;18"
"""290395 BOM JESUS DA SERRA"";-;1;-;-;1"
"""290410 BOQUIRA"";-;4;-;-;4"
"""290430 BREJOES"";-;1;-;-;1"
"""290460 BRUMADO"";1;18;-;-;19"
"""290490 CACHOEIRA"";1;3;-;-;4"
"""290510 CAEM"";-;3;-;-;3"
"""290520 CAETITE"";-;3;-;-;3"
"""290530 CAFARNAUM"";-;1;-;-;1"
"""290560 CAMACAN"";-;5;-;-;5"
"""290570 CAMACARI"";-;24;-;-;24"
"""290580 CAMAMU"";-;1;-;-;1"
"""290590 CAMPO ALEGRE DE LOURDES"";-;2;-;-;2"
"""290600 CAMPO FORMOSO"";-;18;-;-;18"
"""290620 CANARANA"";-;2;-;-;2"
"""290650 CANDEIAS"";-;7;-;-;7"
"""290680 CANSANCAO"";-;9;-;-;9"
"""290687 CAPIM GROSSO"";-;2;-;-;2"
"""290710 CARINHANHA"";-;2;-;-;2"
"""290720 CASA NOVA"";-;9;-;-;9"
"""290780 CICERO DANTAS"";-;4;-;-;4"
"""290790 CIPO"";-;1;-;-;1"
"""290840 CONCEICAO DO COITE"";-;18;-;-;18"
"""290870 CONDEUBA"";-;6;-;-;6"
"""290890 CORACAO DE MARIA"";-;1;-;-;1"
"""290900 CORDEIROS"";-;2;-;-;2"
"""290950 CRAVOLANDIA"";-;1;-;-;1"
"""290960 CRISOPOLIS"";-;2;-;-;2"
"""290980 CRUZ DAS ALMAS"";-;1;-;-;1"
"""291010 DOM BASILIO"";-;5;-;-;5"
"""291030 ELISIO MEDRADO"";-;1;-;-;1"
"""291060 ESPLANADA"";-;5;-;-;5"
"""291070 EUCLIDES DA CUNHA"";-;9;-;-;9"
"""291072 EUNAPOLIS"";-;26;-;-;26"
"""291080 FEIRA DE SANTANA"";53;130;-;-;183"
"""291130 GENTIO DO OURO"";-;1;-;-;1"
"""291170 GUANAMBI"";-;32;-;-;32"
"""291190 IACU"";-;2;-;-;2"
"""291200 IBIASSUCE"";-;3;-;-;3"
"""291210 IBICARAI"";-;4;-;-;4"
"""291250 IBIPITANGA"";-;1;-;-;1"
"""291300 IBITIARA"";-;4;-;-;4"
"""291310 IBITITA"";-;2;-;-;2"
"""291320 IBOTIRAMA"";-;7;-;-;7"
"""291340 IGAPORA"";-;1;-;-;1"
"""291360 ILHEUS"";1;67;-;-;68"
"""291370 INHAMBUPE"";-;2;-;-;2"
"""291390 IPIAU"";-;17;-;-;17"
"""291410 IPUPIARA"";-;1;-;-;1"
"""291440 IRAQUARA"";-;1;-;-;1"
"""291460 IRECE"";-;48;-;-;48"
"""291470 ITABERABA"";2;17;-;-;19"
"""291480 ITABUNA"";1;87;-;-;88"
"""291490 ITACARE"";-;3;-;-;3"
"""291510 ITAGI"";-;1;-;-;1"
"""291560 ITAMARAJU"";-;14;-;-;14"
"""291580 ITAMBE"";-;5;-;-;5"
"""291600 ITANHEM"";-;3;-;-;3"
"""291610 ITAPARICA"";-;11;-;-;11"
"""291640 ITAPETINGA"";-;37;-;-;37"
"""291650 ITAPICURU"";-;2;-;-;2"
"""291660 ITAPITANGA"";-;1;-;-;1"
"""291680 ITARANTIM"";-;2;-;-;2"
"""291690 ITIRUCU"";-;1;-;-;1"
"""291700 ITIUBA"";-;4;-;-;4"
"""291720 ITUACU"";-;3;-;-;3"
"""291730 ITUBERA"";-;1;-;-;1"
"""291740 JACARACI"";-;1;-;-;1"
"""291750 JACOBINA"";6;12;-;-;18"
"""291760 JAGUAQUARA"";-;6;-;-;6"
"""291770 JAGUARARI"";-;2;-;-;2"
"""291800 JEQUIE"";-;97;-;-;97"
"""291810 JEREMOABO"";-;2;-;-;2"
"""291820 JIQUIRICA"";-;3;-;-;3"
"""291830 JITAUNA"";-;1;-;-;1"
"""291840 JUAZEIRO"";1;133;-;-;134"
"""291860 JUSSIAPE"";2;-;-;-;2"
"""291920 LAURO DE FREITAS"";27;24;-;-;51"
"""291940 LICINIO DE ALMEIDA"";-;6;-;-;6"
"""291970 MACARANI"";-;1;-;-;1"
"""291980 MACAUBAS"";-;8;-;-;8"
"""292010 MAIRI"";-;6;-;-;6"
"""292050 MARACAS"";-;5;-;-;5"
"""292110 MEDEIROS NETO"";-;10;-;-;10"
"""292120 MIGUEL CALMON"";-;4;-;-;4"
"""292150 MONTE SANTO"";-;6;-;-;6"
"""292170 MORRO DO CHAPEU"";-;5;-;-;5"
"""292180 MORTUGABA"";-;2;-;-;2"
"""292200 MUCURI"";-;4;-;-;4"
"""292210 MUNDO NOVO"";-;2;-;-;2"
"""292240 MUTUIPE"";-;6;-;-;6"
"""292250 NAZARE"";-;6;-;-;6"
"""292290 NOVA SOURE"";-;5;-;-;5"
"""292300 NOVA VICOSA"";-;3;-;-;3"
"""292310 OLINDINA"";-;4;-;-;4"
"""292320 OLIVEIRA DOS BREJINHOS"";-;3;-;-;3"
"""292340 PALMAS DE MONTE ALTO"";5;-;-;-;5"
"""292360 PARAMIRIM"";-;2;-;-;2"
"""292390 PAU BRASIL"";-;2;-;-;2"
"""292400 PAULO AFONSO"";-;8;-;-;8"
"""292405 PE DE SERRA"";-;2;-;-;2"
"""292430 PIATA"";-;1;-;-;1"
"""292460 PINDOBACU"";-;3;-;-;3"
"""292465 PINTADAS"";-;3;-;-;3"
"""292470 PIRIPA"";-;2;-;-;2"
"""292480 PIRITIBA"";-;5;-;-;5"
"""292510 POCOES"";-;8;-;-;8"
"""292530 PORTO SEGURO"";1;38;-;-;39"
"""292550 PRADO"";-;1;-;-;1"
"""292560 PRESIDENTE DUTRA"";-;1;-;-;1"
"""292575 PRESIDENTE TANCREDO NEVES"";-;2;-;-;2"
"""292595 RAFAEL JAMBEIRO"";-;1;-;-;1"
"""292600 REMANSO"";-;7;-;-;7"
"""292630 RIACHAO DO JACUIPE"";-;5;-;-;5"
"""292640 RIACHO DE SANTANA"";-;3;-;-;3"
"""292660 RIBEIRA DO POMBAL"";-;58;-;-;58"
"""292670 RIO DE CONTAS"";-;2;-;-;2"
"""292720 RUY BARBOSA"";2;10;-;-;12"
"""292730 SALINAS DA MARGARIDA"";-;1;-;-;1"
"""292740 SALVADOR"";94;699;-;-;793"
"""292790 SANTA INES"";-;2;-;-;2"
"""292810 SANTA MARIA DA VITORIA"";-;7;-;-;7"
"""292820 SANTANA"";-;6;-;-;6"
"""292840 SANTA RITA DE CASSIA"";-;5;-;-;5"
"""292870 SANTO ANTONIO DE JESUS"";-;97;-;-;97"
"""292880 SANTO ESTEVAO"";-;5;-;-;5"
"""292890 SAO DESIDERIO"";-;1;-;-;1"
"""292900 SAO FELIX"";-;7;-;-;7"
"""292905 SAO FELIX DO CORIBE"";-;2;-;-;2"
"""292910 SAO FELIPE"";-;2;-;-;2"
"""292925 SAO GABRIEL"";-;2;-;-;2"
"""292950 SAO SEBASTIAO DO PASSE"";-;6;-;-;6"
"""292960 SAPEACU"";-;1;-;-;1"
"""292990 SEABRA"";-;29;-;-;29"
"""293000 SEBASTIAO LARANJEIRAS"";-;4;-;-;4"
"""293010 SENHOR DO BONFIM"";-;20;-;-;20"
"""293015 SERRA DO RAMALHO"";-;11;-;-;11"
"""293030 SERRA DOURADA"";-;4;-;-;4"
"""293040 SERRA PRETA"";-;3;-;-;3"
"""293070 SIMOES FILHO"";-;8;-;-;8"
"""293077 SOBRADINHO"";-;1;-;-;1"
"""293090 TABOCAS DO BREJO VELHO"";1;-;-;-;1"
"""293100 TANHACU"";3;4;-;-;7"
"""293110 TANQUINHO"";-;3;-;-;3"
"""293135 TEIXEIRA DE FREITAS"";2;68;-;-;70"
"""293150 TEOFILANDIA"";-;1;-;-;1"
"""293180 TREMEDAL"";-;1;-;-;1"
"""293200 UAUA"";-;5;-;-;5"
"""293210 UBAIRA"";-;7;-;-;7"
"""293250 UNA"";-;1;-;-;1"
"""293290 VALENCA"";-;11;-;-;11"
"""293305 VARZEA DA ROCA"";-;2;-;-;2"
"""293315 VARZEA NOVA"";-;1;-;-;1"
"""293330 VITORIA DA CONQUISTA"";1;151;-;-;152"
"""293340 WAGNER"";-;1;-;-;1"
"""293360 XIQUE-XIQUE"";-;11;-;-;11"
"""310010 ABADIA DOS DOURADOS"";-;1;-;-;1"
"""310020 ABAETE"";-;8;-;-;8"
"""310030 ABRE CAMPO"";-;3;-;-;3"
"""310060 AGUA BOA"";-;1;-;-;1"
"""310090 AGUAS FORMOSAS"";-;6;-;-;6"
"""310100 AGUAS VERMELHAS"";-;5;-;-;5"
"""310110 AIMORES"";-;6;-;-;6"
"""310150 ALEM PARAIBA"";-;9;-;-;9"
"""310160 ALFENAS"";4;56;-;-;60"
"""310170 ALMENARA"";-;17;-;-;17"
"""310190 ALPINOPOLIS"";-;6;-;-;6"
"""310200 ALTEROSA"";-;4;-;-;4"
"""310210 ALTO RIO DOCE"";-;4;-;-;4"
"""310230 ALVINOPOLIS"";-;4;-;-;4"
"""310260 ANDRADAS"";-;7;-;-;7"
"""310350 ARAGUARI"";-;56;-;-;56"
"""310375 ARAPORA"";-;1;-;-;1"
"""310400 ARAXA"";13;22;-;-;35"
"""310420 ARCOS"";-;9;-;-;9"
"""310430 AREADO"";-;5;-;-;5"
"""310470 ATALEIA"";-;3;-;-;3"
"""310490 BAEPENDI"";-;11;-;-;11"
"""310510 BAMBUI"";-;11;-;-;11"
"""310560 BARBACENA"";3;104;-;-;107"
"""310670 BETIM"";1;70;-;-;71"
"""310690 BICAS"";-;4;-;-;4"
"""310730 BOCAIUVA"";-;13;-;-;13"
"""310740 BOM DESPACHO"";-;15;-;-;15"
"""310750 BOM JARDIM DE MINAS"";-;4;-;-;4"
"""310780 BOM JESUS DO GALHO"";-;2;-;-;2"
"""310860 BRASILIA DE MINAS"";-;30;-;-;30"
"""310900 BRUMADINHO"";-;19;-;-;19"
"""310910 BUENO BRANDAO"";-;2;-;-;2"
"""310950 CABO VERDE"";-;4;-;-;4"
"""310990 CAETANOPOLIS"";-;3;-;-;3"
"""311000 CAETE"";-;3;-;-;3"
"""311030 CALDAS"";-;4;-;-;4"
"""311050 CAMANDUCAIA"";-;5;-;-;5"
"""311060 CAMBUI"";-;11;-;-;11"
"""311090 CAMPANHA"";-;2;-;-;2"
"""311100 CAMPESTRE"";-;3;-;-;3"
"""311120 CAMPO BELO"";-;33;-;-;33"
"""311130 CAMPO DO MEIO"";-;2;-;-;2"
"""311150 CAMPOS ALTOS"";-;2;-;-;2"
"""311160 CAMPOS GERAIS"";-;1;-;-;1"
"""311200 CANDEIAS"";-;4;-;-;4"
"""311230 CAPELINHA"";-;14;-;-;14"
"""311260 CAPINOPOLIS"";-;3;-;-;3"
"""311300 CARAI"";-;5;-;-;5"
"""311320 CARANDAI"";-;4;-;-;4"
"""311330 CARANGOLA"";-;34;-;-;34"
"""311340 CARATINGA"";-;46;-;-;46"
"""311350 CARBONITA"";-;3;-;-;3"
"""311400 CARMO DA MATA"";-;1;-;-;1"
"""311410 CARMO DE MINAS"";-;1;-;-;1"
"""311430 CARMO DO PARANAIBA"";-;3;-;-;3"
"""311440 CARMO DO RIO CLARO"";1;5;-;-;6"
"""311450 CARMOPOLIS DE MINAS"";-;3;-;-;3"
"""311510 CASSIA"";-;15;-;-;15"
"""311530 CATAGUASES"";-;43;-;-;43"
"""311580 CENTRALINA"";-;2;-;-;2"
"""311660 CLAUDIO"";-;4;-;-;4"
"""311680 COLUNA"";-;1;-;-;1"
"""311710 CONCEICAO DA APARECIDA"";-;2;-;-;2"
"""311730 CONCEICAO DAS ALAGOAS"";-;3;-;-;3"
"""311800 CONGONHAS"";-;16;-;-;16"
"""311830 CONSELHEIRO LAFAIETE"";-;14;-;-;14"
"""311840 CONSELHEIRO PENA"";-;4;-;-;4"
"""311860 CONTAGEM"";1;80;-;-;81"
"""311880 CORACAO DE JESUS"";-;8;-;-;8"
"""311930 COROMANDEL"";-;6;-;-;6"
"""311940 CORONEL FABRICIANO"";-;26;-;-;26"
"""312020 CRISTAIS"";-;2;-;-;2"
"""312050 CRISTINA"";-;3;-;-;3"
"""312080 CRUZILIA"";-;10;-;-;10"
"""312090 CURVELO"";-;40;-;-;40"
"""312160 DIAMANTINA"";-;44;-;-;44"
"""312210 DIVINO DAS LARANJEIRAS"";-;2;-;-;2"
"""312230 DIVINOPOLIS"";4;74;-;-;78"
"""312270 DOM SILVERIO"";-;1;-;-;1"
"""312320 DORES DO INDAIA"";-;2;-;-;2"
"""312400 ERVALIA"";-;3;-;-;3"
"""312420 ESPERA FELIZ"";-;7;-;-;7"
"""312430 ESPINOSA"";-;7;-;-;7"
"""312510 EXTREMA"";-;17;-;-;17"
"""312560 FELISBURGO"";-;3;-;-;3"
"""312610 FORMIGA"";1;23;-;-;24"
"""312670 FRANCISCO SA"";-;5;-;-;5"
"""312710 FRUTAL"";-;3;-;-;3"
"""312760 GOUVEIA"";-;2;-;-;2"
"""312770 GOVERNADOR VALADARES"";1;203;-;-;204"
"""312780 GRAO MOGOL"";-;2;-;-;2"
"""312800 GUANHAES"";2;18;-;-;20"
"""312830 GUARANESIA"";-;4;-;-;4"
"""312870 GUAXUPE"";-;33;-;-;33"
"""312910 GURINHATA"";-;2;-;-;2"
"""312940 IBERTIOGA"";-;1;-;-;1"
"""312950 IBIA"";-;1;-;-;1"
"""312980 IBIRITE"";-;22;-;-;22"
"""313030 IGUATAMA"";-;2;-;-;2"
"""313120 IPANEMA"";-;6;-;-;6"
"""313170 ITABIRA"";1;44;-;-;45"
"""313180 ITABIRINHA"";-;4;-;-;4"
"""313190 ITABIRITO"";-;1;-;-;1"
"""313220 ITAGUARA"";-;3;-;-;3"
"""313230 ITAIPE"";-;1;-;-;1"
"""313240 ITAJUBA"";-;63;-;-;63"
"""313250 ITAMARANDIBA"";-;12;-;-;12"
"""313310 ITANHANDU"";-;7;-;-;7"
"""313320 ITANHOMI"";-;2;-;-;2"
"""313330 ITAOBIM"";-;10;-;-;10"
"""313350 ITAPECERICA"";-;2;-;-;2"
"""313380 ITAUNA"";-;24;-;-;24"
"""313420 ITUIUTABA"";-;38;-;-;38"
"""313440 ITURAMA"";-;6;-;-;6"
"""313470 JACINTO"";-;1;-;-;1"
"""313505 JAIBA"";-;3;-;-;3"
"""313510 JANAUBA"";-;46;-;-;46"
"""313520 JANUARIA"";-;10;-;-;10"
"""313580 JEQUITINHONHA"";-;6;-;-;6"
"""313600 JOAIMA"";-;6;-;-;6"
"""313620 JOAO MONLEVADE"";-;19;-;-;19"
"""313630 JOAO PINHEIRO"";-;7;-;-;7"
"""313650 JORDANIA"";-;1;-;-;1"
"""313670 JUIZ DE FORA"";35;149;-;-;184"
"""313690 JURUAIA"";-;2;-;-;2"
"""313700 LADAINHA"";-;3;-;-;3"
"""313710 LAGAMAR"";-;1;-;-;1"
"""313720 LAGOA DA PRATA"";-;14;-;-;14"
"""313750 LAGOA FORMOSA"";-;3;-;-;3"
"""313760 LAGOA SANTA"";-;22;-;-;22"
"""313780 LAMBARI"";-;2;-;-;2"
"""313820 LAVRAS"";2;34;-;-;36"
"""313840 LEOPOLDINA"";-;16;-;-;16"
"""313880 LUZ"";-;5;-;-;5"
"""313900 MACHADO"";-;9;-;-;9"
"""313920 MALACACHETA"";-;14;-;-;14"
"""313930 MANGA"";-;4;-;-;4"
"""313940 MANHUACU"";1;57;-;-;58"
"""313950 MANHUMIRIM"";-;16;-;-;16"
"""314000 MARIANA"";-;10;-;-;10"
"""314070 MATEUS LEME"";-;7;-;-;7"
"""314090 MATIPO"";-;2;-;-;2"
"""314140 MEDINA"";-;7;-;-;7"
"""314160 MERCES"";-;1;-;-;1"
"""314180 MINAS NOVAS"";-;7;-;-;7"
"""314200 MIRABELA"";-;3;-;-;3"
"""314220 MIRAI"";1;-;-;-;1"
"""314240 MOEMA"";-;2;-;-;2"
"""314260 MONSENHOR PAULO"";-;1;-;-;1"
"""314270 MONTALVANIA"";-;3;-;-;3"
"""314280 MONTE ALEGRE DE MINAS"";-;5;-;-;5"
"""314290 MONTE AZUL"";-;6;-;-;6"
"""314300 MONTE BELO"";-;3;-;-;3"
"""314310 MONTE CARMELO"";-;13;-;-;13"
"""314320 MONTE SANTO DE MINAS"";-;5;-;-;5"
"""314330 MONTES CLAROS"";3;233;-;-;236"
"""314350 MORADA NOVA DE MINAS"";-;1;-;-;1"
"""314390 MURIAE"";4;141;-;-;145"
"""314400 MUTUM"";-;4;-;-;4"
"""314410 MUZAMBINHO"";-;3;-;-;3"
"""314430 NANUQUE"";-;6;-;-;6"
"""314460 NEPOMUCENO"";-;3;-;-;3"
"""314470 NOVA ERA"";-;1;-;-;1"
"""314510 NOVA RESENDE"";-;1;-;-;1"
"""314520 NOVA SERRANA"";-;26;-;-;26"
"""314530 NOVO CRUZEIRO"";-;15;-;-;15"
"""314560 OLIVEIRA"";-;26;-;-;26"
"""314590 OURO BRANCO"";-;7;-;-;7"
"""314610 OURO PRETO"";-;16;-;-;16"
"""314630 PADRE PARAISO"";-;13;-;-;13"
"""314700 PARACATU"";-;20;-;-;20"
"""314710 PARA DE MINAS"";-;32;-;-;32"
"""314720 PARAGUACU"";-;3;-;-;3"
"""314730 PARAISOPOLIS"";-;5;-;-;5"
"""314760 PASSA QUATRO"";-;2;-;-;2"
"""314770 PASSA TEMPO"";-;3;-;-;3"
"""314790 PASSOS"";1;54;-;-;55"
"""314800 PATOS DE MINAS"";1;84;-;-;85"
"""314810 PATROCINIO"";-;24;-;-;24"
"""314860 PECANHA"";-;9;-;-;9"
"""314870 PEDRA AZUL"";-;8;-;-;8"
"""314990 PERDOES"";-;4;-;-;4"
"""315030 PIEDADE DO RIO GRANDE"";-;1;-;-;1"
"""315080 PIRANGA"";-;2;-;-;2"
"""315110 PIRAPETINGA"";-;3;-;-;3"
"""315120 PIRAPORA"";-;37;-;-;37"
"""315150 PIUMHI"";-;20;-;-;20"
"""315170 POCO FUNDO"";-;3;-;-;3"
"""315180 POCOS DE CALDAS"";3;68;-;-;71"
"""315190 POCRANE"";-;1;-;-;1"
"""315200 POMPEU"";-;3;-;-;3"
"""315210 PONTE NOVA"";1;83;-;-;84"
"""315220 PORTEIRINHA"";-;3;-;-;3"
"""315250 POUSO ALEGRE"";1;114;-;-;115"
"""315270 PRADOS"";-;1;-;-;1"
"""315280 PRATA"";-;1;-;-;1"
"""315290 PRATAPOLIS"";-;1;-;-;1"
"""315400 RAUL SOARES"";-;11;-;-;11"
"""315410 RECREIO"";-;3;-;-;3"
"""315420 RESENDE COSTA"";-;6;-;-;6"
"""315430 RESPLENDOR"";-;17;-;-;17"
"""315460 RIBEIRAO DAS NEVES"";-;20;-;-;20"
"""315490 RIO CASCA"";-;1;-;-;1"
"""315560 RIO PARDO DE MINAS"";-;2;-;-;2"
"""315570 RIO PIRACICABA"";-;2;-;-;2"
"""315580 RIO POMBA"";-;8;-;-;8"
"""315590 RIO PRETO"";-;2;-;-;2"
"""315660 RUBIM"";-;1;-;-;1"
"""315670 SABARA"";-;5;-;-;5"
"""315680 SABINOPOLIS"";-;2;-;-;2"
"""315690 SACRAMENTO"";-;2;-;-;2"
"""315700 SALINAS"";-;27;-;-;27"
"""315720 SANTA BARBARA"";-;5;-;-;5"
"""315780 SANTA LUZIA"";-;29;-;-;29"
"""315960 SANTA RITA DO SAPUCAI"";-;19;-;-;19"
"""315990 SANTO ANTONIO DO AMPARO"";-;14;-;-;14"
"""316040 SANTO ANTONIO DO MONTE"";1;8;-;-;9"
"""316070 SANTOS DUMONT"";-;15;-;-;15"
"""316200 SAO GONCALO DO SAPUCAI"";-;5;-;-;5"
"""316210 SAO GOTARDO"";-;4;-;-;4"
"""316250 SAO JOAO DEL REI"";-;49;-;-;49"
"""316270 SAO JOAO DO PARAISO"";-;4;-;-;4"
"""316280 SAO JOAO EVANGELISTA"";-;4;-;-;4"
"""316290 SAO JOAO NEPOMUCENO"";-;5;-;-;5"
"""316370 SAO LOURENCO"";-;42;-;-;42"
"""316390 SAO PEDRO DA UNIAO"";-;1;-;-;1"
"""316470 SAO SEBASTIAO DO PARAISO"";-;64;-;-;64"
"""316690 SERRANIA"";-;2;-;-;2"
"""316710 SERRO"";-;12;-;-;12"
"""316720 SETE LAGOAS"";1;104;-;-;105"
"""316800 TAIOBEIRAS"";-;30;-;-;30"
"""316860 TEOFILO OTONI"";9;90;-;-;99"
"""316870 TIMOTEO"";-;19;-;-;19"
"""316890 TIROS"";-;2;-;-;2"
"""316930 TRES CORACOES"";-;32;-;-;32"
"""316940 TRES PONTAS"";-;23;-;-;23"
"""316990 UBA"";1;65;3;2;71"
"""317010 UBERABA"";5;169;-;-;174"
"""317020 UBERLANDIA"";6;203;-;-;209"
"""317040 UNAI"";1;43;-;-;44"
"""317070 VARGINHA"";3;60;-;-;63"
"""317080 VARZEA DA PALMA"";-;4;-;-;4"
"""317090 VARZELANDIA"";-;1;-;-;1"
"""317120 VESPASIANO"";-;7;-;-;7"
"""317130 VICOSA"";-;28;-;-;28"
"""317170 VIRGINIA"";-;3;-;-;3"
"""317200 VISCONDE DO RIO BRANCO"";-;23;-;-;23"
"""320020 ALEGRE"";-;1;-;-;1"
"""320050 APIACA"";-;7;-;-;7"
"""320080 BAIXO GUANDU"";-;9;-;-;9"
"""320120 CACHOEIRO DE ITAPEMIRIM"";3;103;5;-;111"
"""320130 CARIACICA"";-;41;-;-;41"
"""320150 COLATINA"";3;84;-;-;87"
"""320190 DOMINGOS MARTINS"";-;8;-;-;8"
"""320230 GUACUI"";-;13;-;-;13"
"""320240 GUARAPARI"";-;22;-;-;22"
"""320280 ITAPEMIRIM"";-;21;-;-;21"
"""320300 IUNA"";-;2;-;-;2"
"""320310 JERONIMO MONTEIRO"";-;6;-;-;6"
"""320320 LINHARES"";5;52;-;-;57"
"""320410 PINHEIROS"";-;1;-;-;1"
"""320450 SANTA LEOPOLDINA"";-;1;-;-;1"
"""320455 SANTA MARIA DE JETIBA"";-;4;-;-;4"
"""320470 SAO GABRIEL DA PALHA"";-;1;-;-;1"
"""320490 SAO MATEUS"";-;71;-;1;72"
"""320500 SERRA"";1;115;-;-;116"
"""320506 VENDA NOVA DO IMIGRANTE"";-;19;-;-;19"
"""320520 VILA VELHA"";4;94;-;-;98"
"""320530 VITORIA"";3;231;-;-;234"
"""330010 ANGRA DOS REIS"";-;58;-;-;58"
"""330020 ARARUAMA"";-;16;-;-;16"
"""330022 AREAL"";-;5;-;-;5"
"""330023 ARMACAO DOS BUZIOS"";-;17;-;-;17"
"""330025 ARRAIAL DO CABO"";-;9;-;-;9"
"""330030 BARRA DO PIRAI"";1;43;-;-;44"
"""330040 BARRA MANSA"";11;36;-;-;47"
"""330045 BELFORD ROXO"";-;10;-;-;10"
"""330060 BOM JESUS DO ITABAPOANA"";1;41;-;-;42"
"""330070 CABO FRIO"";13;38;-;-;51"
"""330080 CACHOEIRAS DE MACACU"";-;11;-;-;11"
"""330100 CAMPOS DOS GOYTACAZES"";67;131;-;-;198"
"""330120 CARMO"";-;7;-;-;7"
"""330130 CASIMIRO DE ABREU"";-;19;-;-;19"
"""330140 CONCEICAO DE MACABU"";-;3;-;-;3"
"""330170 DUQUE DE CAXIAS"";1;284;-;-;285"
"""330180 ENGENHEIRO PAULO DE FRONTIN"";-;2;-;-;2"
"""330185 GUAPIMIRIM"";-;16;-;-;16"
"""330190 ITABORAI"";54;51;-;-;105"
"""330220 ITAPERUNA"";5;58;-;-;63"
"""330225 ITATIAIA"";-;4;-;-;4"
"""330227 JAPERI"";-;10;-;-;10"
"""330230 LAJE DO MURIAE"";-;1;-;-;1"
"""330240 MACAE"";7;67;-;-;74"
"""330250 MAGE"";-;34;-;-;34"
"""330270 MARICA"";-;39;-;-;39"
"""330280 MENDES"";-;8;-;-;8"
"""330285 MESQUITA"";-;2;-;-;2"
"""330290 MIGUEL PEREIRA"";-;18;-;-;18"
"""330320 NILOPOLIS"";4;-;-;-;4"
"""330330 NITEROI"";52;135;-;-;187"
"""330340 NOVA FRIBURGO"";2;84;-;-;86"
"""330350 NOVA IGUACU"";57;167;-;-;224"
"""330360 PARACAMBI"";-;12;-;-;12"
"""330370 PARAIBA DO SUL"";-;9;-;-;9"
"""330380 PARATY"";-;9;-;-;9"
"""330400 PIRAI"";-;11;-;-;11"
"""330415 QUISSAMA"";-;8;-;-;8"
"""330420 RESENDE"";5;37;-;-;42"
"""330430 RIO BONITO"";1;22;-;-;23"
"""330440 RIO CLARO"";-;2;-;-;2"
"""330450 RIO DAS FLORES"";-;2;-;-;2"
"""330452 RIO DAS OSTRAS"";-;16;-;-;16"
"""330455 RIO DE JANEIRO"";622;1103;-;-;1725"
"""330480 SAO FIDELIS"";-;17;-;-;17"
"""330490 SAO GONCALO"";1;217;-;-;218"
"""330500 SAO JOAO DA BARRA"";3;6;-;-;9"
"""330510 SAO JOAO DE MERITI"";-;74;-;-;74"
"""330530 SAO SEBASTIAO DO ALTO"";-;2;-;-;2"
"""330540 SAPUCAIA"";-;3;-;-;3"
"""330550 SAQUAREMA"";4;57;-;-;61"
"""330555 SEROPEDICA"";-;1;-;-;1"
"""330575 TANGUA"";-;6;-;-;6"
"""330580 TERESOPOLIS"";-;33;-;-;33"
"""330600 TRES RIOS"";-;32;-;-;32"
"""330610 VALENCA"";-;39;-;-;39"
"""330620 VASSOURAS"";2;37;-;-;39"
"""330630 VOLTA REDONDA"";65;74;-;-;139"
"""350010 ADAMANTINA"";-;27;-;-;27"
"""350050 AGUAS DE LINDOIA"";-;13;-;-;13"
"""350130 ALVARES MACHADO"";-;1;-;-;1"
"""350160 AMERICANA"";-;55;-;-;55"
"""350170 AMERICO BRASILIENSE"";13;1;-;-;14"
"""350190 AMPARO"";-;24;-;-;24"
"""350210 ANDRADINA"";-;28;-;-;28"
"""350220 ANGATUBA"";-;8;-;-;8"
"""350250 APARECIDA"";-;26;-;-;26"
"""350270 APIAI"";-;3;-;-;3"
"""350280 ARACATUBA"";6;121;-;-;127"
"""350320 ARARAQUARA"";2;92;1;-;95"
"""350330 ARARAS"";1;35;-;-;36"
"""350400 ASSIS"";1;57;-;-;58"
"""350410 ATIBAIA"";-;26;-;-;26"
"""350420 AURIFLAMA"";-;2;-;-;2"
"""350450 AVARE"";-;28;-;5;33"
"""350520 BARIRI"";-;9;-;-;9"
"""350530 BARRA BONITA"";-;10;-;-;10"
"""350550 BARRETOS"";148;61;-;-;209"
"""350570 BARUERI"";1;87;-;-;88"
"""350590 BATATAIS"";-;22;-;-;22"
"""350600 BAURU"";4;159;-;-;163"
"""350610 BEBEDOURO"";-;23;-;-;23"
"""350630 BERNARDINO DE CAMPOS"";-;4;-;-;4"
"""350640 BILAC"";-;1;-;-;1"
"""350650 BIRIGUI"";-;20;-;-;20"
"""350670 BOA ESPERANCA DO SUL"";-;1;-;-;1"
"""350700 BOITUVA"";-;7;-;-;7"
"""350710 BOM JESUS DOS PERDOES"";-;1;-;-;1"
"""350740 BORBOREMA"";-;3;-;-;3"
"""350750 BOTUCATU"";4;126;-;-;130"
"""350760 BRAGANCA PAULISTA"";2;93;-;-;95"
"""350790 BROTAS"";-;3;-;-;3"
"""350810 BURITAMA"";-;6;-;-;6"
"""350840 CABREUVA"";-;3;-;-;3"
"""350850 CACAPAVA"";-;36;-;-;36"
"""350870 CACONDE"";-;5;-;-;5"
"""350900 CAIEIRAS"";-;1;-;-;1"
"""350920 CAJAMAR"";-;13;-;-;13"
"""350930 CAJOBI"";-;1;-;-;1"
"""350940 CAJURU"";-;8;-;-;8"
"""350950 CAMPINAS"";32;316;-;-;348"
"""350960 CAMPO LIMPO PAULISTA"";-;18;-;-;18"
"""350970 CAMPOS DO JORDAO"";2;6;-;-;8"
"""351000 CANDIDO MOTA"";-;6;-;-;6"
"""351040 CAPIVARI"";-;16;-;-;16"
"""351050 CARAGUATATUBA"";-;77;-;-;77"
"""351060 CARAPICUIBA"";-;49;-;-;49"
"""351070 CARDOSO"";-;1;-;-;1"
"""351080 CASA BRANCA"";1;12;-;-;13"
"""351100 CASTILHO"";1;1;-;-;2"
"""351110 CATANDUVA"";2;86;-;-;88"
"""351140 CERQUEIRA CESAR"";-;6;-;-;6"
"""351150 CERQUILHO"";-;8;-;-;8"
"""351160 CESARIO LANGE"";1;4;-;-;5"
"""351170 CHARQUEADA"";-;3;-;-;3"
"""351190 CLEMENTINA"";-;2;-;-;2"
"""351200 COLINA"";-;3;-;-;3"
"""351220 CONCHAL"";-;2;-;-;2"
"""351280 COSMOPOLIS"";-;12;-;-;12"
"""351300 COTIA"";-;41;1;1;43"
"""351340 CRUZEIRO"";-;45;-;-;45"
"""351350 CUBATAO"";-;27;-;-;27"
"""351360 CUNHA"";-;4;-;-;4"
"""351370 DESCALVADO"";-;5;-;-;5"
"""351380 DIADEMA"";1;55;-;-;56"
"""351390 DIVINOLANDIA"";1;6;-;-;7"
"""351410 DOIS CORREGOS"";-;3;-;-;3"
"""351440 DRACENA"";-;22;-;-;22"
"""351450 DUARTINA"";-;4;-;-;4"
"""351500 EMBU DAS ARTES"";-;1;-;-;1"
"""351510 EMBU-GUACU"";-;4;-;-;4"
"""351518 ESPIRITO SANTO DO PINHAL"";-;18;-;-;18"
"""351540 FARTURA"";-;3;-;-;3"
"""351550 FERNANDOPOLIS"";-;26;-;-;26"
"""351570 FERRAZ DE VASCONCELOS"";1;32;-;-;33"
"""351620 FRANCA"";1;127;-;-;128"
"""351630 FRANCISCO MORATO"";-;59;-;-;59"
"""351640 FRANCO DA ROCHA"";-;43;-;-;43"
"""351660 GALIA"";-;1;-;-;1"
"""351670 GARCA"";-;25;-;-;25"
"""351700 GETULINA"";-;2;-;-;2"
"""351740 GUAIRA"";1;4;-;-;5"
"""351770 GUARA"";-;2;-;-;2"
"""351780 GUARACAI"";-;1;-;-;1"
"""351820 GUARARAPES"";-;12;-;-;12"
"""351840 GUARATINGUETA"";2;38;-;-;40"
"""351860 GUARIBA"";-;5;-;-;5"
"""351870 GUARUJA"";2;72;-;-;74"
"""351880 GUARULHOS"";2;307;2;4;315"
"""351900 HERCULANDIA"";-;1;-;-;1"
"""351907 HORTOLANDIA"";-;43;-;-;43"
"""351930 IBATE"";-;2;-;-;2"
"""351960 IBITINGA"";1;19;-;-;20"
"""351970 IBIUNA"";-;12;-;-;12"
"""351990 IEPE"";-;1;-;-;1"
"""352010 IGARAPAVA"";-;4;-;-;4"
"""352044 ILHA SOLTEIRA"";-;11;-;-;11"
"""352050 INDAIATUBA"";-;76;-;-;76"
"""352070 INDIAPORA"";-;1;-;-;1"
"""352090 IPAUSSU"";-;2;-;-;2"
"""352180 ITAI"";-;5;-;-;5"
"""352190 ITAJOBI"";2;1;-;-;3"
"""352210 ITANHAEM"";1;49;-;-;50"
"""352220 ITAPECERICA DA SERRA"";1;67;1;3;72"
"""352230 ITAPETININGA"";-;70;-;-;70"
"""352240 ITAPEVA"";-;43;-;-;43"
"""352250 ITAPEVI"";-;33;-;-;33"
"""352260 ITAPIRA"";2;21;-;-;23"
"""352270 ITAPOLIS"";-;13;-;-;13"
"""352280 ITAPORANGA"";-;6;-;-;6"
"""352310 ITAQUAQUECETUBA"";-;89;-;-;89"
"""352320 ITARARE"";-;13;-;-;13"
"""352340 ITATIBA"";-;33;-;-;33"
"""352390 ITU"";-;45;-;-;45"
"""352410 ITUVERAVA"";-;16;-;-;16"
"""352430 JABOTICABAL"";-;10;-;-;10"
"""352440 JACAREI"";-;61;-;-;61"
"""352450 JACI"";-;1;-;-;1"
"""352470 JAGUARIUNA"";1;17;-;-;18"
"""352480 JALES"";1;47;-;-;48"
"""352530 JAU"";9;71;-;-;80"
"""352550 JOANOPOLIS"";-;3;-;-;3"
"""352570 JOSE BONIFACIO"";-;3;-;-;3"
"""352590 JUNDIAI"";13;142;-;-;155"
"""352600 JUNQUEIROPOLIS"";-;3;-;-;3"
"""352640 LARANJAL PAULISTA"";-;11;-;-;11"
"""352670 LEME"";1;32;-;-;33"
"""352680 LENCOIS PAULISTA"";-;12;-;-;12"
"""352690 LIMEIRA"";1;78;-;-;79"
"""352710 LINS"";-;35;-;-;35"
"""352720 LORENA"";-;18;-;-;18"
"""352730 LOUVEIRA"";-;12;-;-;12"
"""352740 LUCELIA"";-;3;-;-;3"
"""352850 MAIRIPORA"";-;9;-;-;9"
"""352880 MARACAI"";-;1;-;-;1"
"""352900 MARILIA"";5;125;2;3;135"
"""352920 MARTINOPOLIS"";-;4;-;-;4"
"""352930 MATAO"";1;31;-;-;32"
"""352940 MAUA"";-;71;-;-;71"
"""353010 MIRANDOPOLIS"";-;15;-;-;15"
"""353050 MOCOCA"";-;22;-;-;22"
"""353060 MOGI DAS CRUZES"";4;143;1;1;149"
"""353070 MOGI GUACU"";2;47;1;5;55"
"""353080 MOGI MIRIM"";-;22;1;-;23"
"""353110 MONGAGUA"";-;1;-;-;1"
"""353130 MONTE ALTO"";-;20;-;-;20"
"""353140 MONTE APRAZIVEL"";-;2;-;-;2"
"""353150 MONTE AZUL PAULISTA"";-;2;-;-;2"
"""353180 MONTE MOR"";-;2;-;-;2"
"""353190 MORRO AGUDO"";-;4;-;-;4"
"""353260 NHANDEARA"";-;3;-;-;3"
"""353290 NOVA EUROPA"";-;3;-;-;3"
"""353300 NOVA GRANADA"";-;5;-;-;5"
"""353350 NOVO HORIZONTE"";-;12;-;-;12"
"""353390 OLIMPIA"";-;18;-;1;19"
"""353430 ORLANDIA"";-;3;-;-;3"
"""353440 OSASCO"";1;170;-;-;171"
"""353460 OSVALDO CRUZ"";-;11;-;-;11"
"""353470 OURINHOS"";-;52;-;-;52"
"""353530 PALMITAL"";-;4;-;-;4"
"""353550 PARAGUACU PAULISTA"";-;22;-;-;22"
"""353580 PARANAPANEMA"";2;-;-;-;2"
"""353620 PARIQUERA-ACU"";-;48;-;-;48"
"""353630 PATROCINIO PAULISTA"";-;3;-;-;3"
"""353670 PEDERNEIRAS"";-;11;-;-;11"
"""353700 PEDREGULHO"";-;1;-;-;1"
"""353710 PEDREIRA"";-;8;-;-;8"
"""353730 PENAPOLIS"";1;31;-;-;32"
"""353740 PEREIRA BARRETO"";-;3;-;-;3"
"""353780 PIEDADE"";-;20;-;-;20"
"""353790 PILAR DO SUL"";-;7;-;-;7"
"""353800 PINDAMONHANGABA"";-;45;-;-;45"
"""353860 PIRACAIA"";-;7;-;-;7"
"""353870 PIRACICABA"";10;99;-;-;109"
"""353880 PIRAJU"";-;11;-;-;11"
"""353890 PIRAJUI"";-;5;-;-;5"
"""353900 PIRANGI"";-;3;-;-;3"
"""353930 PIRASSUNUNGA"";-;14;-;-;14"
"""353950 PITANGUEIRAS"";-;5;-;-;5"
"""354000 POMPEIA"";-;4;-;-;4"
"""354020 PONTAL"";-;3;-;-;3"
"""354060 PORTO FELIZ"";-;17;-;-;17"
"""354070 PORTO FERREIRA"";-;14;-;-;14"
"""354080 POTIRENDABA"";-;1;-;-;1"
"""354100 PRAIA GRANDE"";-;58;-;-;58"
"""354130 PRESIDENTE EPITACIO"";-;13;-;-;13"
"""354140 PRESIDENTE PRUDENTE"";9;165;-;-;174"
"""354150 PRESIDENTE VENCESLAU"";-;11;-;-;11"
"""354160 PROMISSAO"";1;9;-;-;10"
"""354220 RANCHARIA"";-;14;-;-;14"
"""354240 REGENTE FEIJO"";-;2;-;-;2"
"""354260 REGISTRO"";-;32;-;-;32"
"""354290 RIBEIRAO BONITO"";-;1;-;-;1"
"""354300 RIBEIRAO BRANCO"";-;2;-;-;2"
"""354330 RIBEIRAO PIRES"";-;12;-;-;12"
"""354340 RIBEIRAO PRETO"";74;206;-;1;281"
"""354380 RINOPOLIS"";-;1;-;-;1"
"""354390 RIO CLARO"";13;35;-;-;48"
"""354400 RIO DAS PEDRAS"";-;4;-;-;4"
"""354425 ROSANA"";-;8;-;-;8"
"""354500 SALESOPOLIS"";-;4;-;-;4"
"""354520 SALTO"";-;20;-;-;20"
"""354530 SALTO DE PIRAPORA"";-;4;-;-;4"
"""354540 SALTO GRANDE"";-;1;-;-;1"
"""354560 SANTA ADELIA"";-;1;-;-;1"
"""354580 SANTA BARBARA D'OESTE"";-;31;-;-;31"
"""354630 SANTA CRUZ DAS PALMEIRAS"";-;2;-;-;2"
"""354640 SANTA CRUZ DO RIO PARDO"";-;10;-;-;10"
"""354660 SANTA FE DO SUL"";-;14;-;-;14"
"""354680 SANTA ISABEL"";-;9;-;-;9"
"""354730 SANTANA DE PARNAIBA"";-;11;-;-;11"
"""354750 SANTA RITA DO PASSA QUATRO"";-;4;-;-;4"
"""354760 SANTA ROSA DE VITERBO"";-;2;-;-;2"
"""354770 SANTO ANASTACIO"";-;5;-;-;5"
"""354780 SANTO ANDRE"";90;183;-;-;273"
"""354850 SANTOS"";41;102;-;-;143"
"""354860 SAO BENTO DO SAPUCAI"";-;2;-;-;2"
"""354870 SAO BERNARDO DO CAMPO"";14;180;-;-;194"
"""354880 SAO CAETANO DO SUL"";-;90;-;-;90"
"""354890 SAO CARLOS"";1;101;-;-;102"
"""354910 SAO JOAO DA BOA VISTA"";2;35;2;1;40"
"""354940 SAO JOAQUIM DA BARRA"";-;22;-;-;22"
"""354970 SAO JOSE DO RIO PARDO"";-;21;-;-;21"
"""354980 SAO JOSE DO RIO PRETO"";2;288;4;11;305"
"""354990 SAO JOSE DOS CAMPOS"";4;228;-;-;232"
"""355000 SAO LUIS DO PARAITINGA"";-;3;-;-;3"
"""355010 SAO MANUEL"";-;4;-;-;4"
"""355020 SAO MIGUEL ARCANJO"";2;-;-;-;2"
"""355030 SAO PAULO"";157;2809;7;18;2991"
"""355040 SAO PEDRO"";1;7;-;-;8"
"""355060 SAO ROQUE"";-;23;-;-;23"
"""355070 SAO SEBASTIAO"";-;20;-;-;20"
"""355100 SAO VICENTE"";1;39;-;-;40"
"""355150 SERRANA"";-;13;-;-;13"
"""355160 SERRA NEGRA"";-;15;-;-;15"
"""355170 SERTAOZINHO"";-;23;-;-;23"
"""355210 SOCORRO"";-;32;-;-;32"
"""355220 SOROCABA"";3;312;3;-;318"
"""355230 SUD MENNUCCI"";1;-;-;-;1"
"""355240 SUMARE"";1;44;-;3;48"
"""355250 SUZANO"";-;57;-;-;57"
"""355270 TABATINGA"";1;-;-;-;1"
"""355280 TABOAO DA SERRA"";1;84;-;-;85"
"""355300 TAGUAI"";-;2;-;-;2"
"""355330 TAMBAU"";-;3;-;-;3"
"""355340 TANABI"";-;1;-;-;1"
"""355360 TAPIRATIBA"";-;4;-;-;4"
"""355370 TAQUARITINGA"";4;21;-;-;25"
"""355380 TAQUARITUBA"";-;3;-;-;3"
"""355400 TATUI"";-;18;-;-;18"
"""355410 TAUBATE"";2;107;-;-;109"
"""355430 TEODORO SAMPAIO"";-;8;-;-;8"
"""355450 TIETE"";-;4;-;-;4"
"""355500 TUPA"";2;43;-;-;45"
"""355510 TUPI PAULISTA"";4;-;-;-;4"
"""355540 UBATUBA"";-;13;-;-;13"
"""355600 URUPES"";-;2;-;-;2"
"""355620 VALINHOS"";-;29;-;-;29"
"""355630 VALPARAISO"";-;1;-;-;1"
"""355640 VARGEM GRANDE DO SUL"";-;8;-;-;8"
"""355650 VARZEA PAULISTA"";-;5;-;-;5"
"""355670 VINHEDO"";-;25;-;-;25"
"""355700 VOTORANTIM"";-;20;-;-;20"
"""355710 VOTUPORANGA"";-;53;-;-;53"
"""355720 CHAVANTES"";-;3;-;-;3"
"""410050 ALTONIA"";-;1;-;-;1"
"""410060 ALTO PARANA"";-;1;-;-;1"
"""410100 AMPERE"";-;13;-;-;13"
"""410110 ANDIRA"";-;3;-;-;3"
"""410120 ANTONINA"";-;2;-;-;2"
"""410150 ARAPONGAS"";11;114;-;1;126"
"""410160 ARAPOTI"";-;4;-;-;4"
"""410180 ARAUCARIA"";-;18;-;-;18"
"""410190 ASSAI"";-;4;-;-;4"
"""410200 ASSIS CHATEAUBRIAND"";-;14;-;-;14"
"""410210 ASTORGA"";-;11;-;-;11"
"""410240 BANDEIRANTES"";-;17;-;-;17"
"""410290 BITURUNA"";-;3;-;-;3"
"""410305 BOA VISTA DA APARECIDA"";-;3;-;-;3"
"""410345 CAFELANDIA"";-;1;-;-;1"
"""410360 CAMBARA"";-;3;-;-;3"
"""410370 CAMBE"";-;15;-;-;15"
"""410400 CAMPINA GRANDE DO SUL"";23;107;-;-;130"
"""410420 CAMPO LARGO"";4;221;-;-;225"
"""410430 CAMPO MOURAO"";2;90;-;-;92"
"""410442 CANDOI"";-;2;-;-;2"
"""410460 CAPITAO LEONIDAS MARQUES"";-;3;-;-;3"
"""410470 CARLOPOLIS"";-;4;-;-;4"
"""410480 CASCAVEL"";5;156;-;-;161"
"""410490 CASTRO"";-;13;-;-;13"
"""410520 CERRO AZUL"";-;1;-;-;1"
"""410530 CEU AZUL"";-;1;-;-;1"
"""410540 CHOPINZINHO"";1;13;-;-;14"
"""410550 CIANORTE"";-;49;-;-;49"
"""410570 CLEVELANDIA"";-;2;-;-;2"
"""410590 COLORADO"";-;17;-;-;17"
"""410630 CORBELIA"";1;4;-;-;5"
"""410640 CORNELIO PROCOPIO"";-;15;-;-;15"
"""410650 CORONEL VIVIDA"";-;2;-;-;2"
"""410680 CRUZ MACHADO"";-;1;-;-;1"
"""410690 CURITIBA"";19;713;-;-;732"
"""410710 DIAMANTE DO NORTE"";-;1;-;-;1"
"""410720 DOIS VIZINHOS"";-;5;-;-;5"
"""410750 ENGENHEIRO BELTRAO"";-;2;-;-;2"
"""410760 FAXINAL"";-;1;-;-;1"
"""410765 FAZENDA RIO GRANDE"";-;10;-;-;10"
"""410775 FIGUEIRA"";2;-;-;-;2"
"""410830 FOZ DO IGUACU"";3;91;-;-;94"
"""410840 FRANCISCO BELTRAO"";-;78;-;-;78"
"""410860 GOIOERE"";-;19;-;-;19"
"""410880 GUAIRA"";-;2;-;-;2"
"""410930 GUARANIACU"";-;2;-;-;2"
"""410940 GUARAPUAVA"";3;93;-;-;96"
"""410960 GUARATUBA"";-;2;-;-;2"
"""410980 IBIPORA"";-;8;-;-;8"
"""411070 IRATI"";-;24;-;-;24"
"""411125 ITAPERUCU"";-;3;-;-;3"
"""411140 IVAI"";-;2;-;-;2"
"""411150 IVAIPORA"";-;32;-;-;32"
"""411180 JACAREZINHO"";-;24;-;-;24"
"""411200 JAGUARIAIVA"";-;6;-;-;6"
"""411240 JAPURA"";-;1;-;-;1"
"""411275 JESUITAS"";1;2;-;-;3"
"""411280 JOAQUIM TAVORA"";-;1;-;-;1"
"""411310 KALORE"";-;1;-;-;1"
"""411320 LAPA"";-;14;-;-;14"
"""411330 LARANJEIRAS DO SUL"";-;21;-;-;21"
"""411350 LOANDA"";-;3;-;-;3"
"""411370 LONDRINA"";54;304;-;-;358"
"""411440 MANGUEIRINHA"";-;2;-;-;2"
"""411450 MANOEL RIBAS"";-;1;-;-;1"
"""411460 MARECHAL CANDIDO RONDON"";-;3;-;-;3"
"""411520 MARINGA"";9;197;1;2;209"
"""411560 MATELANDIA"";-;5;-;-;5"
"""411580 MEDIANEIRA"";-;13;-;-;13"
"""411670 NOVA AURORA"";-;2;-;-;2"
"""411680 NOVA CANTU"";-;1;-;-;1"
"""411690 NOVA ESPERANCA"";-;1;-;-;1"
"""411722 NOVA SANTA ROSA"";-;2;-;-;2"
"""411750 PAICANDU"";-;2;-;-;2"
"""411760 PALMAS"";-;11;-;-;11"
"""411770 PALMEIRA"";-;5;-;-;5"
"""411790 PALOTINA"";-;13;-;-;13"
"""411820 PARANAGUA"";-;51;-;-;51"
"""411840 PARANAVAI"";2;58;-;-;60"
"""411850 PATO BRANCO"";-;65;-;-;65"
"""411890 PEROLA"";-;1;-;-;1"
"""411910 PIEN"";-;2;-;-;2"
"""411915 PINHAIS"";-;2;-;-;2"
"""411960 PITANGA"";-;9;-;-;9"
"""411990 PONTA GROSSA"";6;180;-;-;186"
"""412035 PRANCHITA"";-;1;-;-;1"
"""412060 PRUDENTOPOLIS"";-;18;-;-;18"
"""412090 QUEDAS DO IGUACU"";-;2;-;-;2"
"""412120 QUITANDINHA"";-;4;-;-;4"
"""412140 REALEZA"";-;3;-;-;3"
"""412150 REBOUCAS"";1;-;-;-;1"
"""412180 RIBEIRAO CLARO"";-;2;-;-;2"
"""412200 RIO AZUL"";-;3;-;-;3"
"""412230 RIO NEGRO"";-;6;-;-;6"
"""412240 ROLANDIA"";-;13;-;-;13"
"""412250 RONCADOR"";-;1;-;-;1"
"""412260 RONDON"";-;2;-;-;2"
"""412350 SANTA HELENA"";-;2;-;-;2"
"""412390 SANTA MARIANA"";-;4;-;-;4"
"""412410 SANTO ANTONIO DA PLATINA"";-;14;-;-;14"
"""412440 SANTO ANTONIO DO SUDOESTE"";-;2;-;-;2"
"""412460 SAO CARLOS DO IVAI"";-;3;-;-;3"
"""412500 SAO JOAO DO IVAI"";-;2;-;-;2"
"""412540 SAO JOSE DA BOA VISTA"";-;2;-;-;2"
"""412550 SAO JOSE DOS PINHAIS"";-;23;-;-;23"
"""412560 SAO MATEUS DO SUL"";-;4;-;-;4"
"""412570 SAO MIGUEL DO IGUACU"";-;2;-;-;2"
"""412625 SARANDI"";-;24;-;-;24"
"""412650 SERTANOPOLIS"";-;2;-;-;2"
"""412670 TAMBOARA"";1;-;-;-;1"
"""412710 TELEMACO BORBA"";-;26;-;-;26"
"""412730 TERRA RICA"";-;2;-;-;2"
"""412750 TIBAGI"";-;1;-;-;1"
"""412760 TIJUCAS DO SUL"";-;2;-;-;2"
"""412770 TOLEDO"";-;51;-;-;51"
"""412785 TRES BARRAS DO PARANA"";-;4;-;-;4"
"""412796 TURVO"";-;1;-;-;1"
"""412800 UBIRATA"";-;8;-;-;8"
"""412810 UMUARAMA"";2;85;-;-;87"
"""412820 UNIAO DA VITORIA"";-;30;-;-;30"
"""412850 WENCESLAU BRAZ"";-;1;-;-;1"
"""412855 VERA CRUZ DO OESTE"";-;2;-;-;2"
"""412860 VERE"";-;2;-;-;2"
"""420010 ABELARDO LUZ"";-;1;-;-;1"
"""420020 AGROLANDIA"";-;1;-;-;1"
"""420040 AGUA DOCE"";-;1;-;-;1"
"""420070 ALFREDO WAGNER"";-;4;-;-;4"
"""420090 ANGELINA"";-;4;-;-;4"
"""420100 ANITA GARIBALDI"";-;2;-;-;2"
"""420110 ANITAPOLIS"";-;2;-;-;2"
"""420127 ARABUTA"";1;-;-;-;1"
"""420140 ARARANGUA"";-;39;-;-;39"
"""420150 ARMAZEM"";-;6;-;-;6"
"""420200 BALNEARIO CAMBORIU"";-;32;-;-;32"
"""420230 BIGUACU"";-;16;-;-;16"
"""420240 BLUMENAU"";-;100;-;-;100"
"""420280 BRACO DO NORTE"";-;13;-;-;13"
"""420290 BRUSQUE"";1;41;-;-;42"
"""420300 CACADOR"";-;22;-;-;22"
"""420310 CAIBI"";-;4;-;-;4"
"""420330 CAMPO ALEGRE"";-;2;-;-;2"
"""420350 CAMPO ERE"";-;6;-;-;6"
"""420360 CAMPOS NOVOS"";-;13;-;-;13"
"""420380 CANOINHAS"";-;14;-;-;14"
"""420390 CAPINZAL"";-;7;-;-;7"
"""420420 CHAPECO"";3;78;-;-;81"
"""420430 CONCORDIA"";-;18;-;-;18"
"""420440 CORONEL FREITAS"";-;4;-;-;4"
"""420460 CRICIUMA"";1;104;-;-;105"
"""420470 CUNHA PORA"";-;1;-;-;1"
"""420480 CURITIBANOS"";-;18;-;-;18"
"""420490 DESCANSO"";-;3;-;-;3"
"""420500 DIONISIO CERQUEIRA"";-;6;-;-;6"
"""420530 FAXINAL DOS GUEDES"";-;1;-;-;1"
"""420540 FLORIANOPOLIS"";33;203;-;-;236"
"""420550 FRAIBURGO"";-;8;-;-;8"
"""420590 GASPAR"";-;4;-;-;4"
"""420640 GUARACIABA"";-;3;-;-;3"
"""420650 GUARAMIRIM"";-;5;-;-;5"
"""420660 GUARUJA DO SUL"";-;1;-;-;1"
"""420690 IBIRAMA"";-;28;-;-;28"
"""420700 ICARA"";-;25;-;-;25"
"""420720 IMARUI"";-;1;-;-;1"
"""420730 IMBITUBA"";-;15;-;-;15"
"""420750 INDAIAL"";1;25;-;-;26"
"""420760 IPIRA"";-;2;-;-;2"
"""420765 IPORA DO OESTE"";-;2;-;-;2"
"""420800 ITA"";-;3;-;-;3"
"""420810 ITAIOPOLIS"";-;3;-;-;3"
"""420820 ITAJAI"";-;145;-;-;145"
"""420830 ITAPEMA"";-;2;-;-;2"
"""420840 ITAPIRANGA"";-;2;-;-;2"
"""420850 ITUPORANGA"";-;12;-;-;12"
"""420880 JAGUARUNA"";-;5;-;-;5"
"""420890 JARAGUA DO SUL"";2;82;-;-;84"
"""420900 JOACABA"";3;44;-;-;47"
"""420910 JOINVILLE"";1;230;-;-;231"
"""420930 LAGES"";4;92;-;-;96"
"""420940 LAGUNA"";-;43;-;-;43"
"""420970 LEBON REGIS"";-;1;-;-;1"
"""420985 LINDOIA DO SUL"";-;4;-;-;4"
"""421003 LUZERNA"";-;2;-;-;2"
"""421010 MAFRA"";3;41;-;-;44"
"""421030 MAJOR VIEIRA"";-;2;-;-;2"
"""421050 MARAVILHA"";-;11;-;-;11"
"""421060 MASSARANDUBA"";-;1;-;-;1"
"""421080 MELEIRO"";-;1;-;-;1"
"""421120 MORRO DA FUMACA"";-;8;-;-;8"
"""421130 NAVEGANTES"";-;3;-;-;3"
"""421150 NOVA TRENTO"";-;7;-;-;7"
"""421160 NOVA VENEZA"";-;2;-;-;2"
"""421170 ORLEANS"";-;10;-;-;10"
"""421200 PALMA SOLA"";-;2;-;-;2"
"""421210 PALMITOS"";-;2;-;-;2"
"""421220 PAPANDUVA"";-;2;-;-;2"
"""421290 PINHALZINHO"";-;2;-;-;2"
"""421320 POMERODE"";-;2;-;-;2"
"""421340 PONTE SERRADA"";-;2;-;-;2"
"""421360 PORTO UNIAO"";5;22;-;-;27"
"""421370 POUSO REDONDO"";-;2;-;-;2"
"""421380 PRAIA GRANDE"";-;5;-;-;5"
"""421400 PRESIDENTE GETULIO"";-;1;-;-;1"
"""421450 RIO DO CAMPO"";-;2;-;-;2"
"""421470 RIO DOS CEDROS"";-;3;-;-;3"
"""421480 RIO DO SUL"";1;46;-;-;47"
"""421490 RIO FORTUNA"";-;1;-;-;1"
"""421500 RIO NEGRINHO"";1;11;-;-;12"
"""421530 SALETE"";-;1;-;-;1"
"""421550 SANTA CECILIA"";-;5;-;-;5"
"""421570 SANTO AMARO DA IMPERATRIZ"";1;14;-;-;15"
"""421580 SAO BENTO DO SUL"";-;21;-;-;21"
"""421620 SAO FRANCISCO DO SUL"";-;3;-;-;3"
"""421630 SAO JOAO BATISTA"";-;1;-;-;1"
"""421650 SAO JOAQUIM"";-;4;-;-;4"
"""421660 SAO JOSE"";-;89;-;-;89"
"""421670 SAO JOSE DO CEDRO"";-;5;-;-;5"
"""421720 SAO MIGUEL DO OESTE"";-;30;-;-;30"
"""421725 SAO PEDRO DE ALCANTARA"";-;4;-;-;4"
"""421730 SAUDADES"";-;1;-;-;1"
"""421750 SEARA"";1;1;-;-;2"
"""421770 SOMBRIO"";1;18;-;-;19"
"""421780 TAIO"";-;4;-;-;4"
"""421790 TANGARA"";-;1;-;-;1"
"""421800 TIJUCAS"";-;5;-;-;5"
"""421810 TIMBE DO SUL"";-;1;-;-;1"
"""421820 TIMBO"";-;22;-;-;22"
"""421830 TRES BARRAS"";-;5;-;-;5"
"""421840 TREZE DE MAIO"";-;2;-;-;2"
"""421860 TROMBUDO CENTRAL"";9;7;-;-;16"
"""421870 TUBARAO"";-;79;-;-;79"
"""421900 URUSSANGA"";-;6;-;-;6"
"""421920 VIDAL RAMOS"";-;2;-;-;2"
"""421930 VIDEIRA"";-;12;-;-;12"
"""421950 XANXERE"";-;38;-;-;38"
"""421970 XAXIM"";-;10;-;-;10"
"""430003 ACEGUA"";-;2;-;-;2"
"""430010 AGUDO"";1;3;-;-;4"
"""430020 AJURICABA"";-;1;-;-;1"
"""430030 ALECRIM"";-;12;-;-;12"
"""430040 ALEGRETE"";-;26;-;-;26"
"""430050 ALPESTRE"";-;3;-;-;3"
"""430060 ALVORADA"";1;31;-;-;32"
"""430064 AMETISTA DO SUL"";-;1;-;-;1"
"""430090 ARATIBA"";-;2;-;-;2"
"""430100 ARROIO DO MEIO"";-;5;-;-;5"
"""430120 ARROIO DO TIGRE"";-;6;-;-;6"
"""430130 ARROIO GRANDE"";3;-;-;-;3"
"""430140 ARVOREZINHA"";-;1;-;-;1"
"""430160 BAGE"";1;29;-;-;30"
"""430210 BENTO GONCALVES"";1;23;-;-;24"
"""430220 BOA VISTA DO BURICA"";-;2;-;-;2"
"""430235 BOM PRINCIPIO"";-;4;-;-;4"
"""430240 BOM RETIRO DO SUL"";-;5;-;-;5"
"""430280 CACAPAVA DO SUL"";-;10;-;-;10"
"""430300 CACHOEIRA DO SUL"";1;42;-;-;43"
"""430310 CACHOEIRINHA"";-;16;-;-;16"
"""430340 CAICARA"";-;2;-;-;2"
"""430350 CAMAQUA"";-;36;-;-;36"
"""430370 CAMPINA DAS MISSOES"";-;5;-;-;5"
"""430390 CAMPO BOM"";-;26;-;-;26"
"""430420 CANDELARIA"";-;11;-;-;11"
"""430430 CANDIDO GODOI"";-;5;-;-;5"
"""430440 CANELA"";1;5;-;-;6"
"""430450 CANGUCU"";-;20;-;-;20"
"""430463 CAPAO DA CANOA"";3;25;-;-;28"
"""430470 CARAZINHO"";-;31;-;-;31"
"""430480 CARLOS BARBOSA"";-;4;-;-;4"
"""430490 CASCA"";-;2;-;-;2"
"""430510 CAXIAS DO SUL"";43;94;-;-;137"
"""430530 CHAPADA"";-;1;-;-;1"
"""430535 CHARQUEADAS"";-;5;-;-;5"
"""430540 CHIAPETTA"";-;1;-;-;1"
"""430570 CONDOR"";-;1;-;-;1"
"""430580 CONSTANTINA"";-;1;-;-;1"
"""430590 CORONEL BICACO"";-;1;-;-;1"
"""430600 CRISSIUMAL"";3;-;-;-;3"
"""430610 CRUZ ALTA"";-;33;-;-;33"
"""430620 CRUZEIRO DO SUL"";-;3;-;-;3"
"""430630 DAVID CANABARRO"";-;2;-;-;2"
"""430640 DOIS IRMAOS"";-;9;-;-;9"
"""430645 DOIS LAJEADOS"";-;1;-;-;1"
"""430650 DOM FELICIANO"";-;3;-;-;3"
"""430660 DOM PEDRITO"";-;8;-;-;8"
"""430680 ENCANTADO"";-;10;-;-;10"
"""430690 ENCRUZILHADA DO SUL"";-;11;-;-;11"
"""430700 ERECHIM"";3;51;-;-;54"
"""430750 ESPUMOSO"";3;6;-;-;9"
"""430760 ESTANCIA VELHA"";-;12;-;-;12"
"""430770 ESTEIO"";-;21;-;-;21"
"""430780 ESTRELA"";-;10;-;-;10"
"""430790 FARROUPILHA"";-;14;-;-;14"
"""430800 FAXINAL DO SOTURNO"";1;10;-;-;11"
"""430820 FLORES DA CUNHA"";-;1;-;-;1"
"""430840 FORMIGUEIRO"";-;1;-;-;1"
"""430850 FREDERICO WESTPHALEN"";-;10;-;-;10"
"""430860 GARIBALDI"";-;9;-;-;9"
"""430890 GETULIO VARGAS"";-;6;-;-;6"
"""430920 GRAVATAI"";-;27;-;-;27"
"""430930 GUAIBA"";1;32;-;-;33"
"""430940 GUAPORE"";-;3;-;-;3"
"""430950 GUARANI DAS MISSOES"";-;3;-;-;3"
"""430960 HORIZONTINA"";1;13;-;-;14"
"""430970 HUMAITA"";-;1;-;-;1"
"""431000 IBIRUBA"";-;3;-;-;3"
"""431010 IGREJINHA"";-;10;-;-;10"
"""431020 IJUI"";-;53;-;-;53"
"""431030 ILOPOLIS"";-;1;-;-;1"
"""431050 IRAI"";-;5;-;-;5"
"""431060 ITAQUI"";-;10;-;-;10"
"""431080 IVOTI"";-;2;-;-;2"
"""431085 JABOTICABA"";-;2;-;-;2"
"""431100 JAGUARAO"";-;7;-;-;7"
"""431110 JAGUARI"";-;1;-;-;1"
"""431120 JULIO DE CASTILHOS"";-;4;-;-;4"
"""431130 LAGOA VERMELHA"";-;7;-;-;7"
"""431180 MARAU"";-;9;-;-;9"
"""431210 MATA"";-;1;-;-;1"
"""431240 MONTENEGRO"";1;31;-;-;32"
"""431250 MOSTARDAS"";-;1;-;-;1"
"""431265 NAO-ME-TOQUE"";2;6;-;-;8"
"""431270 NONOAI"";-;5;-;-;5"
"""431290 NOVA BASSANO"";-;2;-;-;2"
"""431300 NOVA BRESCIA"";-;2;-;-;2"
"""431310 NOVA PALMA"";-;1;-;-;1"
"""431320 NOVA PETROPOLIS"";-;8;-;-;8"
"""431330 NOVA PRATA"";-;5;-;-;5"
"""431340 NOVO HAMBURGO"";1;36;-;-;37"
"""431350 OSORIO"";-;24;-;-;24"
"""431360 PAIM FILHO"";-;1;-;-;1"
"""431365 PALMARES DO SUL"";-;3;-;-;3"
"""431370 PALMEIRA DAS MISSOES"";6;6;-;-;12"
"""431380 PALMITINHO"";-;7;-;-;7"
"""431390 PANAMBI"";1;10;-;-;11"
"""431405 PAROBE"";1;21;-;-;22"
"""431410 PASSO FUNDO"";3;135;-;-;138"
"""431420 PEDRO OSORIO"";-;2;-;-;2"
"""431440 PELOTAS"";-;102;-;-;102"
"""431450 PINHEIRO MACHADO"";4;-;-;-;4"
"""431460 PIRATINI"";-;4;-;-;4"
"""431480 PORTAO"";-;13;-;-;13"
"""431490 PORTO ALEGRE"";68;579;-;-;647"
"""431500 PORTO LUCENA"";-;1;-;-;1"
"""431510 PORTO XAVIER"";1;2;-;-;3"
"""431515 PROGRESSO"";-;4;-;-;4"
"""431535 QUINZE DE NOVEMBRO"";-;2;-;-;2"
"""431560 RIO GRANDE"";-;59;-;-;59"
"""431570 RIO PARDO"";-;17;-;-;17"
"""431575 RIOZINHO"";-;1;-;-;1"
"""431580 ROCA SALES"";1;-;-;-;1"
"""431590 RODEIO BONITO"";-;4;-;-;4"
"""431600 ROLANTE"";-;7;-;-;7"
"""431610 RONDA ALTA"";-;6;-;-;6"
"""431630 ROQUE GONZALES"";-;5;-;-;5"
"""431640 ROSARIO DO SUL"";-;21;-;-;21"
"""431645 SALTO DO JACUI"";-;1;-;-;1"
"""431650 SALVADOR DO SUL"";-;1;-;-;1"
"""431660 SANANDUVA"";-;10;-;-;10"
"""431670 SANTA BARBARA DO SUL"";-;1;-;-;1"
"""431680 SANTA CRUZ DO SUL"";2;53;-;-;55"
"""431690 SANTA MARIA"";29;92;-;-;121"
"""431710 SANT'ANA DO LIVRAMENTO"";-;32;-;-;32"
"""431720 SANTA ROSA"";-;20;-;-;20"
"""431730 SANTA VITORIA DO PALMAR"";-;12;-;-;12"
"""431740 SANTIAGO"";-;26;-;-;26"
"""431750 SANTO ANGELO"";3;31;-;-;34"
"""431760 SANTO ANTONIO DA PATRULHA"";-;13;-;-;13"
"""431780 SANTO AUGUSTO"";-;10;-;-;10"
"""431790 SANTO CRISTO"";-;4;-;-;4"
"""431800 SAO BORJA"";-;14;-;-;14"
"""431810 SAO FRANCISCO DE ASSIS"";5;-;-;-;5"
"""431830 SAO GABRIEL"";2;30;-;-;32"
"""431840 SAO JERONIMO"";-;40;-;-;40"
"""431843 SAO JOAO DO POLESINE"";-;1;-;-;1"
"""431860 SAO JOSE DO OURO"";5;3;-;-;8"
"""431870 SAO LEOPOLDO"";-;78;-;-;78"
"""431880 SAO LOURENCO DO SUL"";-;12;-;-;12"
"""431890 SAO LUIZ GONZAGA"";-;20;-;-;20"
"""431910 SAO MARTINHO"";-;1;-;-;1"
"""431915 SAO MIGUEL DAS MISSOES"";-;2;-;-;2"
"""431930 SAO PAULO DAS MISSOES"";-;3;-;-;3"
"""431940 SAO PEDRO DO SUL"";-;10;-;-;10"
"""431950 SAO SEBASTIAO DO CAI"";-;10;-;-;10"
"""431960 SAO SEPE"";-;5;-;-;5"
"""431980 SAO VICENTE DO SUL"";-;1;-;-;1"
"""431990 SAPIRANGA"";-;24;-;-;24"
"""432000 SAPUCAIA DO SUL"";2;30;-;-;32"
"""432010 SARANDI"";-;7;-;-;7"
"""432020 SEBERI"";-;2;-;-;2"
"""432026 SEGREDO"";-;3;-;-;3"
"""432030 SELBACH"";-;2;-;-;2"
"""432050 SERTAO"";-;1;-;-;1"
"""432060 SEVERIANO DE ALMEIDA"";-;1;-;-;1"
"""432070 SOBRADINHO"";-;2;-;-;2"
"""432080 SOLEDADE"";-;14;-;-;14"
"""432090 TAPEJARA"";-;10;-;-;10"
"""432100 TAPERA"";-;5;-;-;5"
"""432110 TAPES"";-;10;-;-;10"
"""432120 TAQUARA"";2;28;-;-;30"
"""432130 TAQUARI"";-;10;-;-;10"
"""432140 TENENTE PORTELA"";-;19;-;-;19"
"""432145 TEUTONIA"";-;6;-;-;6"
"""432150 TORRES"";-;24;-;-;24"
"""432160 TRAMANDAI"";-;51;-;-;51"
"""432170 TRES COROAS"";-;7;-;-;7"
"""432180 TRES DE MAIO"";-;13;-;-;13"
"""432190 TRES PASSOS"";-;24;-;-;24"
"""432200 TRIUNFO"";1;7;-;-;8"
"""432210 TUCUNDUVA"";-;1;-;-;1"
"""432220 TUPANCIRETA"";-;4;-;-;4"
"""432230 TUPARENDI"";-;1;-;-;1"
"""432240 URUGUAIANA"";2;50;-;-;52"
"""432250 VACARIA"";-;30;-;-;30"
"""432253 VALE DO SOL"";-;4;-;-;4"
"""432260 VENANCIO AIRES"";-;13;-;-;13"
"""432270 VERA CRUZ"";-;6;-;-;6"
"""432280 VERANOPOLIS"";-;10;-;-;10"
"""432290 VIADUTOS"";-;3;-;-;3"
"""432300 VIAMAO"";-;60;-;-;60"
"""500060 AMAMBAI"";-;5;-;-;5"
"""500090 ANTONIO JOAO"";-;1;-;-;1"
"""500110 AQUIDAUANA"";-;19;-;-;19"
"""500124 ARAL MOREIRA"";-;1;-;-;1"
"""500220 BONITO"";-;1;-;-;1"
"""500230 BRASILANDIA"";-;1;-;-;1"
"""500240 CAARAPO"";-;3;-;-;3"
"""500260 CAMAPUA"";-;1;-;-;1"
"""500270 CAMPO GRANDE"";30;326;-;-;356"
"""500295 CHAPADAO DO SUL"";-;4;-;-;4"
"""500315 CORONEL SAPUCAIA"";-;2;-;-;2"
"""500320 CORUMBA"";-;34;-;-;34"
"""500325 COSTA RICA"";1;4;-;-;5"
"""500330 COXIM"";1;12;-;-;13"
"""500345 DEODAPOLIS"";-;2;-;-;2"
"""500370 DOURADOS"";-;120;-;-;120"
"""500380 FATIMA DO SUL"";-;2;-;-;2"
"""500410 GUIA LOPES DA LAGUNA"";-;1;-;-;1"
"""500450 ITAPORA"";-;4;-;-;4"
"""500460 ITAQUIRAI"";-;1;-;-;1"
"""500470 IVINHEMA"";-;4;-;-;4"
"""500500 JARDIM"";-;1;-;-;1"
"""500515 JUTI"";-;1;-;-;1"
"""500540 MARACAJU"";-;3;-;-;3"
"""500568 MUNDO NOVO"";-;1;-;-;1"
"""500570 NAVIRAI"";-;12;-;-;12"
"""500625 NOVO HORIZONTE DO SUL"";-;1;-;-;1"
"""500660 PONTA PORA"";-;43;-;-;43"
"""500690 PORTO MURTINHO"";-;1;-;-;1"
"""500720 RIO BRILHANTE"";-;5;-;-;5"
"""500740 RIO VERDE DE MATO GROSSO"";-;1;-;-;1"
"""500790 SIDROLANDIA"";-;1;-;-;1"
"""500795 TACURU"";-;1;-;-;1"
"""500830 TRES LAGOAS"";-;21;-;-;21"
"""510020 AGUA BOA"";-;23;-;-;23"
"""510025 ALTA FLORESTA"";-;9;-;-;9"
"""510130 ARENAPOLIS"";1;-;-;-;1"
"""510140 ARIPUANA"";-;1;-;-;1"
"""510190 BRASNORTE"";-;1;-;-;1"
"""510250 CACERES"";-;46;-;-;46"
"""510263 CAMPO NOVO DO PARECIS"";-;4;-;-;4"
"""510267 CAMPO VERDE"";-;8;-;-;8"
"""510270 CANARANA"";-;1;-;-;1"
"""510320 COLIDER"";-;11;-;-;11"
"""510330 COMODORO"";-;1;-;-;1"
"""510335 CONFRESA"";-;9;-;-;9"
"""510340 CUIABA"";39;180;-;-;219"
"""510350 DIAMANTINO"";-;1;-;-;1"
"""510390 GENERAL CARNEIRO"";-;1;-;-;1"
"""510410 GUARANTA DO NORTE"";-;6;-;-;6"
"""510420 GUIRATINGA"";-;1;-;-;1"
"""510480 JACIARA"";-;4;-;-;4"
"""510515 JUINA"";-;3;-;-;3"
"""510520 JUSCIMEIRA"";-;1;-;-;1"
"""510560 MATUPA"";-;2;-;-;2"
"""510590 NOBRES"";-;3;-;-;3"
"""510622 NOVA MUTUM"";-;6;-;-;6"
"""510627 NOVO HORIZONTE DO NORTE"";1;-;-;-;1"
"""510628 NOVO SAO JOAQUIM"";2;-;-;-;2"
"""510637 PEDRA PRETA"";3;-;-;-;3"
"""510642 PEIXOTO DE AZEVEDO"";-;10;-;-;10"
"""510675 PONTES E LACERDA"";-;3;-;-;3"
"""510730 SAO JOSE DO RIO CLARO"";1;-;-;-;1"
"""510760 RONDONOPOLIS"";-;85;-;-;85"
"""510775 SALTO DO CEU"";-;1;-;-;1"
"""510790 SINOP"";-;28;-;-;28"
"""510792 SORRISO"";-;33;-;-;33"
"""510805 TERRA NOVA DO NORTE"";-;2;-;-;2"
"""510810 TESOURO"";-;1;-;-;1"
"""510840 VARZEA GRANDE"";21;26;-;-;47"
"""520013 ACREUNA"";-;3;-;-;3"
"""520025 AGUAS LINDAS DE GOIAS"";-;12;-;-;12"
"""520030 ALEXANIA"";-;2;-;-;2"
"""520080 ALVORADA DO NORTE"";-;3;-;-;3"
"""520110 ANAPOLIS"";5;114;-;-;119"
"""520140 APARECIDA DE GOIANIA"";6;39;-;-;45"
"""520330 BELA VISTA DE GOIAS"";-;1;-;-;1"
"""520390 BURITI ALEGRE"";-;1;-;-;1"
"""520410 CACHOEIRA ALTA"";-;1;-;-;1"
"""520450 CALDAS NOVAS"";-;11;-;-;11"
"""520505 CASTELANDIA"";-;1;-;-;1"
"""520510 CATALAO"";-;27;-;-;27"
"""520540 CERES"";1;11;-;-;12"
"""520580 CORUMBA DE GOIAS"";-;2;-;-;2"
"""520735 EDEALINA"";-;1;-;-;1"
"""520740 EDEIA"";-;1;-;-;1"
"""520780 FIRMINOPOLIS"";-;5;-;-;5"
"""520800 FORMOSA"";-;14;-;-;14"
"""520860 GOIANESIA"";-;8;-;-;8"
"""520870 GOIANIA"";22;469;-;-;491"
"""520890 GOIAS"";-;17;-;-;17"
"""520970 HIDROLANDIA"";-;2;-;-;2"
"""520993 INACIOLANDIA"";-;2;-;-;2"
"""521040 ITABERAI"";-;1;-;-;1"
"""521090 ITAPACI"";-;1;-;-;1"
"""521120 ITAPURANGA"";-;6;-;-;6"
"""521150 ITUMBIARA"";1;81;-;-;82"
"""521180 JARAGUA"";-;12;-;-;12"
"""521190 JATAI"";-;44;-;-;44"
"""521210 JOVIANIA"";-;2;-;-;2"
"""521250 LUZIANIA"";-;12;-;-;12"
"""521270 MAMBAI"";-;1;-;-;1"
"""521308 MINACU"";-;2;-;-;2"
"""521310 MINEIROS"";4;4;-;-;8"
"""521380 MORRINHOS"";-;5;-;-;5"
"""521385 MORRO AGUDO DE GOIAS"";-;2;-;-;2"
"""521400 MOZARLANDIA"";-;1;-;-;1"
"""521450 NEROPOLIS"";-;21;-;-;21"
"""521530 ORIZONA"";-;1;-;-;1"
"""521560 PADRE BERNARDO"";-;1;-;-;1"
"""521570 PALMEIRAS DE GOIAS"";-;2;-;-;2"
"""521630 PARANAIGUARA"";-;4;-;-;4"
"""521710 PIRACANJUBA"";-;6;-;-;6"
"""521720 PIRANHAS"";-;1;-;-;1"
"""521730 PIRENOPOLIS"";-;2;-;-;2"
"""521760 PLANALTINA"";-;12;-;-;12"
"""521770 PONTALINA"";-;3;-;-;3"
"""521860 RIALMA"";-;2;-;-;2"
"""521880 RIO VERDE"";-;47;-;-;47"
"""521890 RUBIATABA"";-;3;-;-;3"
"""521900 SANCLERLANDIA"";-;2;-;-;2"
"""521930 SANTA HELENA DE GOIAS"";-;20;-;-;20"
"""522010 SAO LUIS DE MONTES BELOS"";-;9;-;-;9"
"""522040 SAO SIMAO"";-;5;-;-;5"
"""522045 SENADOR CANEDO"";-;6;-;-;6"
"""522140 TRINDADE"";-;18;-;-;18"
"""522160 URUACU"";1;66;-;-;67"
"""522170 URUANA"";-;1;-;-;1"
"""522185 VALPARAISO DE GOIAS"";-;6;-;-;6"
"""530010 BRASILIA"";55;543;-;-;598"
"""Total"";3953;43753;68;84;47858"
&
