"""Municˇpio"";""02 Procedimentos com finalidade diagnostica"";""03 Procedimentos clinicos"";""04 Procedimentos cirurgicos"";""05 Transplantes de orgaos, tecidos e celulas"";""Total"""
"""110002 ARIQUEMES"";-;306;105;-;411"
"""110003 CABIXI"";-;21;-;-;21"
"""110004 CACOAL"";1;762;501;4;1268"
"""110008 COSTA MARQUES"";-;40;-;-;40"
"""110010 GUAJARA-MIRIM"";-;86;204;-;290"
"""110011 JARU"";-;122;79;-;201"
"""110012 JI-PARANA"";-;651;264;1;916"
"""110018 PIMENTA BUENO"";-;215;61;-;276"
"""110020 PORTO VELHO"";5;2566;1828;19;4418"
"""110025 PRESIDENTE MEDICI"";-;45;8;-;53"
"""110030 VILHENA"";-;626;437;-;1063"
"""110034 ALVORADA D'OESTE"";-;51;-;-;51"
"""110045 BURITIS"";-;76;21;-;97"
"""110070 CAMPO NOVO DE RONDONIA"";-;6;-;-;6"
"""110140 MONTE NEGRO"";-;53;21;-;74"
"""110145 PARECIS"";-;8;-;-;8"
"""110148 SAO FELIPE D'OESTE"";-;6;-;-;6"
"""110149 SAO FRANCISCO DO GUAPORE"";-;85;73;-;158"
"""110170 URUPA"";-;33;54;-;87"
"""110175 VALE DO ANARI"";-;29;-;-;29"
"""130006 AMATURA"";-;47;20;-;67"
"""130008 ANAMA"";-;83;36;-;119"
"""130010 ANORI"";-;84;-;-;84"
"""130014 APUI"";-;53;17;-;70"
"""130030 AUTAZES"";-;83;44;-;127"
"""130050 BARREIRINHA"";-;91;21;-;112"
"""130068 BOA VISTA DO RAMOS"";-;42;15;-;57"
"""130100 CARAUARI"";-;101;42;-;143"
"""130110 CAREIRO"";-;43;37;-;80"
"""130115 CAREIRO DA VARZEA"";-;2;-;-;2"
"""130120 COARI"";-;355;111;-;466"
"""130150 ENVIRA"";-;53;32;-;85"
"""130180 IPIXUNA"";-;135;46;-;181"
"""130200 ITAPIRANGA"";-;57;16;-;73"
"""130220 JURUA"";-;37;13;-;50"
"""130255 MANAQUIRI"";-;73;1;-;74"
"""130260 MANAUS"";24;7703;5673;18;13418"
"""130270 MANICORE"";-;102;36;-;138"
"""130300 NHAMUNDA"";-;53;23;-;76"
"""130320 NOVO AIRAO"";-;89;18;-;107"
"""130330 NOVO ARIPUANA"";-;41;49;-;90"
"""130340 PARINTINS"";-;561;183;-;744"
"""130350 PAUINI"";-;51;21;-;72"
"""130353 PRESIDENTE FIGUEIREDO"";-;71;50;-;121"
"""130370 SANTO ANTONIO DO ICA"";-;117;30;-;147"
"""130380 SAO GABRIEL DA CACHOEIRA"";-;85;17;-;102"
"""130395 SAO SEBASTIAO DO UATUMA"";-;36;24;-;60"
"""130400 SILVES"";-;64;-;-;64"
"""130406 TABATINGA"";-;6;45;-;51"
"""130420 TEFE"";-;319;283;-;602"
"""130423 TONANTINS"";1;86;32;-;119"
"""130430 URUCARA"";-;103;14;-;117"
"""150010 ABAETETUBA"";-;398;550;-;948"
"""150013 ABEL FIGUEIREDO"";-;20;13;-;33"
"""150030 AFUA"";-;67;-;-;67"
"""150034 AGUA AZUL DO NORTE"";-;48;3;-;51"
"""150040 ALENQUER"";-;463;35;-;498"
"""150060 ALTAMIRA"";-;510;533;-;1043"
"""150070 ANAJAS"";-;108;27;-;135"
"""150080 ANANINDEUA"";-;537;1546;4;2087"
"""150090 AUGUSTO CORREA"";-;316;62;-;378"
"""150095 AURORA DO PARA"";-;100;20;-;120"
"""150110 BAGRE"";-;61;2;-;63"
"""150120 BAIAO"";-;114;31;-;145"
"""150125 BANNACH"";-;13;-;-;13"
"""150130 BARCARENA"";-;222;189;-;411"
"""150140 BELEM"";22;6664;5696;134;12516"
"""150170 BRAGANCA"";-;471;274;-;745"
"""150172 BRASIL NOVO"";-;220;53;-;273"
"""150175 BREJO GRANDE DO ARAGUAIA"";-;58;-;-;58"
"""150180 BREVES"";-;110;308;-;418"
"""150200 CACHOEIRA DO ARARI"";-;132;16;-;148"
"""150215 CANAA DOS CARAJAS"";-;288;259;-;547"
"""150220 CAPANEMA"";-;130;376;-;506"
"""150230 CAPITAO POCO"";-;30;25;-;55"
"""150240 CASTANHAL"";23;1240;1006;-;2269"
"""150270 CONCEICAO DO ARAGUAIA"";-;254;120;-;374"
"""150275 CONCORDIA DO PARA"";-;77;-;-;77"
"""150276 CUMARU DO NORTE"";-;80;6;-;86"
"""150300 FARO"";-;37;-;-;37"
"""150304 FLORESTA DO ARAGUAIA"";-;87;20;-;107"
"""150307 GARRAFAO DO NORTE"";-;21;-;-;21"
"""150320 IGARAPE-ACU"";-;81;-;-;81"
"""150330 IGARAPE-MIRI"";-;302;76;-;378"
"""150345 IPIXUNA DO PARA"";-;76;140;-;216"
"""150360 ITAITUBA"";-;117;311;-;428"
"""150380 JACUNDA"";-;158;89;-;247"
"""150390 JURUTI"";-;-;37;-;37"
"""150400 LIMOEIRO DO AJURU"";-;148;-;-;148"
"""150405 MAE DO RIO"";-;76;11;-;87"
"""150420 MARABA"";-;569;829;-;1398"
"""150442 MARITUBA"";-;188;509;-;697"
"""150445 MEDICILANDIA"";-;105;40;-;145"
"""150450 MELGACO"";-;80;1;-;81"
"""150470 MOJU"";-;101;48;-;149"
"""150480 MONTE ALEGRE"";-;266;78;-;344"
"""150495 NOVA ESPERANCA DO PIRIA"";-;39;10;-;49"
"""150506 NOVO REPARTIMENTO"";-;38;29;-;67"
"""150520 OEIRAS DO PARA"";-;83;16;-;99"
"""150530 ORIXIMINA"";-;12;93;-;105"
"""150540 OUREM"";-;42;15;-;57"
"""150543 OURILANDIA DO NORTE"";-;362;369;-;731"
"""150549 PALESTINA DO PARA"";-;152;-;-;152"
"""150550 PARAGOMINAS"";-;292;361;-;653"
"""150553 PARAUAPEBAS"";-;530;447;-;977"
"""150555 PAU D'ARCO"";-;106;5;-;111"
"""150563 PICARRA"";-;63;-;-;63"
"""150565 PLACAS"";-;70;10;-;80"
"""150570 PONTA DE PEDRAS"";-;96;-;-;96"
"""150580 PORTEL"";-;198;50;-;248"
"""150590 PORTO DE MOZ"";-;172;30;-;202"
"""150613 REDENCAO"";1;209;356;1;567"
"""150616 RIO MARIA"";6;96;113;-;215"
"""150618 RONDON DO PARA"";-;119;111;-;230"
"""150620 SALINOPOLIS"";-;135;105;-;240"
"""150640 SANTA CRUZ DO ARARI"";-;54;-;-;54"
"""150650 SANTA IZABEL DO PARA"";-;322;-;-;322"
"""150658 SANTA MARIA DAS BARREIRAS"";-;50;9;-;59"
"""150660 SANTA MARIA DO PARA"";-;306;-;-;306"
"""150670 SANTANA DO ARAGUAIA"";-;158;38;-;196"
"""150680 SANTAREM"";-;1137;851;2;1990"
"""150700 SANTO ANTONIO DO TAUA"";-;270;145;-;415"
"""150715 SAO DOMINGOS DO ARAGUAIA"";-;79;10;-;89"
"""150720 SAO DOMINGOS DO CAPIM"";-;96;-;-;96"
"""150730 SAO FELIX DO XINGU"";-;270;45;-;315"
"""150747 SAO JOAO DE PIRABAS"";-;44;-;-;44"
"""150750 SAO JOAO DO ARAGUAIA"";-;3;-;-;3"
"""150760 SAO MIGUEL DO GUAMA"";-;227;6;-;233"
"""150780 SENADOR JOSE PORFIRIO"";-;118;33;-;151"
"""150795 TAILANDIA"";-;163;175;-;338"
"""150800 TOME-ACU"";-;187;50;-;237"
"""150803 TRACUATEUA"";-;92;-;-;92"
"""150808 TUCUMA"";-;96;58;-;154"
"""150810 TUCURUI"";-;222;270;-;492"
"""150812 ULIANOPOLIS"";-;125;-;-;125"
"""150815 URUARA"";-;214;65;-;279"
"""150820 VIGIA"";-;107;41;-;148"
"""150840 XINGUARA"";-;170;57;-;227"
"""160005 SERRA DO NAVIO"";-;2;-;-;2"
"""160010 AMAPA"";-;8;-;-;8"
"""160015 PEDRA BRANCA DO AMAPARI"";-;11;-;-;11"
"""160020 CALCOENE"";-;12;-;-;12"
"""160027 LARANJAL DO JARI"";-;220;141;-;361"
"""160030 MACAPA"";4;2051;1674;-;3729"
"""160040 MAZAGAO"";-;14;-;-;14"
"""160050 OIAPOQUE"";-;94;34;-;128"
"""160053 PORTO GRANDE"";-;43;230;-;273"
"""160060 SANTANA"";-;291;109;-;400"
"""170100 ANANAS"";-;16;-;-;16"
"""170190 ARAGUACEMA"";-;46;-;-;46"
"""170210 ARAGUAINA"";-;298;125;-;423"
"""170220 ARAGUATINS"";-;55;46;-;101"
"""170550 COLINAS DO TOCANTINS"";-;115;43;-;158"
"""170820 FORMOSO DO ARAGUAIA"";-;53;-;-;53"
"""170900 GOIATINS"";-;10;-;-;10"
"""171420 NATIVIDADE"";-;5;21;-;26"
"""171575 PALMEIROPOLIS"";-;4;10;-;14"
"""171700 PINDORAMA DO TOCANTINS"";-;2;-;-;2"
"""171790 PONTE ALTA DO TOCANTINS"";-;16;-;-;16"
"""172065 SILVANOPOLIS"";-;11;-;-;11"
"""172080 SITIO NOVO DO TOCANTINS"";-;-;22;-;22"
"""172090 TAGUATINGA"";-;20;17;-;37"
"""172120 TOCANTINOPOLIS"";-;37;36;-;73"
"""210005 ACAILANDIA"";-;262;357;-;619"
"""210020 ALCANTARA"";-;67;10;-;77"
"""210030 ALDEIAS ALTAS"";-;50;-;-;50"
"""210043 ALTO ALEGRE DO MARANHAO"";-;216;96;-;312"
"""210090 ARAIOSES"";-;22;1;-;23"
"""210120 BACABAL"";-;529;463;-;992"
"""210140 BALSAS"";-;304;382;-;686"
"""210160 BARRA DO CORDA"";2;60;149;-;211"
"""210170 BARREIRINHAS"";-;184;170;-;354"
"""210173 BELAGUA"";-;13;-;-;13"
"""210177 BELA VISTA DO MARANHAO"";-;63;-;-;63"
"""210190 BEQUIMAO"";-;63;-;-;63"
"""210193 BERNARDO DO MEARIM"";-;15;-;-;15"
"""210220 BURITI"";-;48;-;-;48"
"""210230 BURITI BRAVO"";-;169;11;-;180"
"""210280 CAROLINA"";-;161;11;-;172"
"""210290 CARUTAPERA"";-;172;112;-;284"
"""210300 CAXIAS"";-;588;874;-;1462"
"""210320 CHAPADINHA"";-;288;219;-;507"
"""210325 CIDELANDIA"";-;78;1;-;79"
"""210330 CODO"";-;225;177;-;402"
"""210340 COELHO NETO"";-;113;60;-;173"
"""210350 COLINAS"";-;207;233;-;440"
"""210360 COROATA"";-;142;320;-;462"
"""210370 CURURUPU"";-;222;158;-;380"
"""210390 DUQUE BACELAR"";-;45;-;-;45"
"""210400 ESPERANTINOPOLIS"";-;66;8;-;74"
"""210410 FORTALEZA DOS NOGUEIRAS"";-;75;-;-;75"
"""210480 GRAJAU"";-;281;210;-;491"
"""210530 IMPERATRIZ"";-;1367;1091;-;2458"
"""210540 ITAPECURU MIRIM"";-;126;80;-;206"
"""210542 ITINGA DO MARANHAO"";-;105;13;-;118"
"""210545 JATOBA"";-;38;-;-;38"
"""210547 JENIPAPO DOS VIEIRAS"";-;45;-;-;45"
"""210570 LAGO DA PEDRA"";-;76;220;-;296"
"""210594 LAGO DOS RODRIGUES"";-;36;-;-;36"
"""210610 LORETO"";-;54;7;-;61"
"""210650 MATINHA"";-;77;11;-;88"
"""210660 MATOES"";-;158;2;-;160"
"""210680 MIRINZAL"";-;37;-;-;37"
"""210690 MONCAO"";-;127;143;-;270"
"""210700 MONTES ALTOS"";-;10;-;-;10"
"""210710 MORROS"";-;79;21;-;100"
"""210720 NINA RODRIGUES"";-;56;6;-;62"
"""210725 NOVA COLINAS"";-;32;-;-;32"
"""210735 NOVA OLINDA DO MARANHAO"";-;88;15;-;103"
"""210740 OLHO D'AGUA DAS CUNHAS"";-;65;15;-;80"
"""210750 PACO DO LUMIAR"";-;106;125;-;231"
"""210760 PALMEIRANDIA"";-;20;14;-;34"
"""210780 PARNARAMA"";-;141;-;-;141"
"""210790 PASSAGEM FRANCA"";-;248;-;-;248"
"""210805 PAULINO NEVES"";-;50;24;-;74"
"""210820 PEDREIRAS"";-;77;129;-;206"
"""210830 PENALVA"";-;52;12;-;64"
"""210840 PERI MIRIM"";-;14;-;-;14"
"""210845 PERITORO"";-;87;215;-;302"
"""210860 PINHEIRO"";-;130;329;-;459"
"""210870 PIO XII"";-;64;16;-;80"
"""210910 PRESIDENTE DUTRA"";-;293;315;2;610"
"""210923 PRESIDENTE MEDICI"";-;111;-;-;111"
"""210927 PRESIDENTE SARNEY"";-;38;-;-;38"
"""210930 PRESIDENTE VARGAS"";-;15;-;-;15"
"""210950 RIACHAO"";-;109;23;-;132"
"""210960 ROSARIO"";-;361;20;-;381"
"""210970 SAMBAIBA"";-;33;-;-;33"
"""210980 SANTA HELENA"";-;134;32;-;166"
"""210990 SANTA INES"";-;158;419;-;577"
"""211003 SANTA LUZIA DO PARUA"";-;81;119;-;200"
"""211027 SANTO AMARO DO MARANHAO"";-;33;-;-;33"
"""211080 SAO FELIX DE BALSAS"";-;39;1;-;40"
"""211085 SAO FRANCISCO DO BREJAO"";-;51;-;-;51"
"""211107 SAO JOAO DO SOTER"";-;39;3;-;42"
"""211120 SAO JOSE DE RIBAMAR"";-;111;144;-;255"
"""211130 SAO LUIS"";18;5231;5365;163;10777"
"""211140 SAO LUIS GONZAGA DO MARANHAO"";-;121;-;-;121"
"""211150 SAO MATEUS DO MARANHAO"";-;51;106;-;157"
"""211153 SAO PEDRO DA AGUA BRANCA"";-;70;-;-;70"
"""211160 SAO RAIMUNDO DAS MANGABEIRAS"";-;102;-;-;102"
"""211172 SATUBINHA"";-;32;3;-;35"
"""211178 SERRANO DO MARANHAO"";-;39;-;-;39"
"""211180 SITIO NOVO"";-;70;5;-;75"
"""211210 TIMBIRAS"";-;279;229;-;508"
"""211220 TIMON"";-;324;343;-;667"
"""211223 TRIZIDELA DO VALE"";-;68;26;-;94"
"""211240 TURIACU"";-;83;29;-;112"
"""211245 TURILANDIA"";-;60;11;-;71"
"""211250 TUTOIA"";-;68;45;-;113"
"""211260 URBANO SANTOS"";-;124;45;-;169"
"""211270 VARGEM GRANDE"";-;95;19;-;114"
"""211280 VIANA"";-;217;183;-;400"
"""211285 VILA NOVA DOS MARTIRIOS"";-;39;-;-;39"
"""211400 ZE DOCA"";-;200;23;-;223"
"""220010 AGRICOLANDIA"";-;5;-;-;5"
"""220030 ALTO LONGA"";-;20;-;-;20"
"""220040 ALTOS"";-;103;7;-;110"
"""220050 AMARANTE"";-;62;7;-;69"
"""220100 ARRAIAL"";-;3;-;-;3"
"""220120 BARRAS"";-;110;55;-;165"
"""220160 BENEDITINOS"";-;7;-;-;7"
"""220190 BOM JESUS"";1;210;268;-;479"
"""220220 CAMPO MAIOR"";-;341;163;-;504"
"""220230 CANTO DO BURITI"";-;69;1;-;70"
"""220260 CASTELO DO PIAUI"";-;31;-;-;31"
"""220290 CORRENTE"";-;106;112;-;218"
"""220310 CRISTINO CASTRO"";-;57;-;-;57"
"""220320 CURIMATA"";-;70;7;-;77"
"""220330 DEMERVAL LOBAO"";-;40;39;-;79"
"""220350 ELESBAO VELOSO"";-;50;77;-;127"
"""220370 ESPERANTINA"";-;143;183;-;326"
"""220400 FRANCINOPOLIS"";-;2;-;-;2"
"""220430 FRONTEIRAS"";-;185;-;-;185"
"""220450 GUADALUPE"";-;58;-;-;58"
"""220470 INHUMA"";-;16;-;-;16"
"""220510 ITAUEIRA"";-;20;16;-;36"
"""220520 JAICOS"";-;110;10;-;120"
"""220540 JOAQUIM PIRES"";-;11;-;-;11"
"""220550 JOSE DE FREITAS"";-;99;-;-;99"
"""220570 LUIS CORREIA"";-;33;-;-;33"
"""220580 LUZILANDIA"";-;98;193;-;291"
"""220590 MANOEL EMIDIO"";-;4;1;-;5"
"""220620 MIGUEL ALVES"";-;31;-;-;31"
"""220650 MONSENHOR HIPOLITO"";-;29;-;-;29"
"""220680 NOSSA SENHORA DOS REMEDIOS"";-;24;-;-;24"
"""220700 OEIRAS"";-;179;140;-;319"
"""220730 PAES LANDIM"";-;5;-;-;5"
"""220760 PARNAGUA"";-;125;-;-;125"
"""220770 PARNAIBA"";-;793;593;-;1386"
"""220790 PEDRO II"";-;332;49;-;381"
"""220800 PICOS"";-;694;696;-;1390"
"""220820 PIO IX"";-;17;-;-;17"
"""220830 PIRACURUCA"";-;45;75;-;120"
"""220840 PIRIPIRI"";-;214;441;-;655"
"""220880 REGENERACAO"";-;105;-;-;105"
"""220960 SAO FELIX DO PIAUI"";-;2;-;-;2"
"""221000 SAO JOAO DO PIAUI"";-;95;44;-;139"
"""221040 SAO MIGUEL DO TAPUIO"";-;15;20;-;35"
"""221060 SAO RAIMUNDO NONATO"";-;185;313;-;498"
"""221070 SIMOES"";-;86;-;-;86"
"""221100 TERESINA"";6;4528;4565;35;9134"
"""221110 UNIAO"";-;73;-;-;73"
"""221120 URUCUI"";-;90;45;-;135"
"""221130 VALENCA DO PIAUI"";-;123;113;-;236"
"""230020 ACARAU"";-;204;318;-;522"
"""230030 ACOPIARA"";-;72;90;-;162"
"""230040 AIUABA"";-;21;-;-;21"
"""230060 ALTANEIRA"";-;10;-;-;10"
"""230070 ALTO SANTO"";-;30;-;-;30"
"""230080 ANTONINA DO NORTE"";-;12;-;-;12"
"""230090 APUIARES"";-;6;-;-;6"
"""230100 AQUIRAZ"";-;65;121;-;186"
"""230110 ARACATI"";-;274;185;-;459"
"""230120 ARACOIABA"";-;62;87;-;149"
"""230130 ARARIPE"";-;29;-;-;29"
"""230160 ASSARE"";-;38;27;-;65"
"""230170 AURORA"";-;114;124;-;238"
"""230190 BARBALHA"";1;744;786;-;1531"
"""230195 BARREIRA"";-;21;-;-;21"
"""230210 BATURITE"";-;45;98;-;143"
"""230220 BEBERIBE"";-;50;26;-;76"
"""230230 BELA CRUZ"";-;39;18;-;57"
"""230240 BOA VIAGEM"";-;109;125;-;234"
"""230250 BREJO SANTO"";-;525;502;-;1027"
"""230260 CAMOCIM"";-;158;169;-;327"
"""230270 CAMPOS SALES"";-;68;-;-;68"
"""230280 CANINDE"";-;157;277;-;434"
"""230300 CARIDADE"";-;7;-;-;7"
"""230320 CARIRIACU"";-;28;-;-;28"
"""230330 CARIUS"";-;48;-;-;48"
"""230340 CARNAUBAL"";-;67;-;-;67"
"""230350 CASCAVEL"";-;74;71;-;145"
"""230360 CATARINA"";-;59;2;-;61"
"""230365 CATUNDA"";-;30;-;-;30"
"""230370 CAUCAIA"";-;414;551;-;965"
"""230380 CEDRO"";-;133;59;-;192"
"""230395 CHOROZINHO"";-;10;-;-;10"
"""230410 CRATEUS"";-;514;316;-;830"
"""230420 CRATO"";1;453;691;-;1145"
"""230425 CRUZ"";-;57;34;-;91"
"""230426 DEPUTADO IRAPUAN PINHEIRO"";-;28;-;-;28"
"""230427 ERERE"";-;13;-;-;13"
"""230428 EUSEBIO"";-;109;233;-;342"
"""230440 FORTALEZA"";47;8070;7606;276;15999"
"""230445 FORTIM"";-;25;-;-;25"
"""230450 FRECHEIRINHA"";-;25;-;-;25"
"""230470 GRANJA"";-;19;165;-;184"
"""230480 GRANJEIRO"";-;9;-;-;9"
"""230495 GUAIUBA"";-;10;-;-;10"
"""230500 GUARACIABA DO NORTE"";-;103;41;-;144"
"""230520 HIDROLANDIA"";-;34;-;-;34"
"""230523 HORIZONTE"";-;53;61;-;114"
"""230526 IBARETAMA"";-;5;-;-;5"
"""230530 IBIAPINA"";-;151;19;-;170"
"""230540 ICO"";-;189;199;-;388"
"""230550 IGUATU"";-;347;352;-;699"
"""230580 IPU"";-;87;84;-;171"
"""230590 IPUEIRAS"";-;82;14;-;96"
"""230600 IRACEMA"";-;56;-;-;56"
"""230610 IRAUCUBA"";-;36;11;-;47"
"""230620 ITAICABA"";-;4;-;-;4"
"""230625 ITAITINGA"";-;47;3;-;50"
"""230630 ITAPAJE"";-;114;49;-;163"
"""230640 ITAPIPOCA"";-;637;550;-;1187"
"""230655 ITAREMA"";-;61;9;-;70"
"""230680 JAGUARIBARA"";-;50;8;-;58"
"""230690 JAGUARIBE"";-;60;63;-;123"
"""230710 JARDIM"";-;45;-;-;45"
"""230720 JATI"";-;5;-;-;5"
"""230725 JIJOCA DE JERICOACOARA"";-;37;4;-;41"
"""230730 JUAZEIRO DO NORTE"";-;1122;983;12;2117"
"""230740 JUCAS"";-;59;-;-;59"
"""230750 LAVRAS DA MANGABEIRA"";-;123;21;-;144"
"""230760 LIMOEIRO DO NORTE"";-;503;481;-;984"
"""230763 MADALENA"";-;27;-;-;27"
"""230765 MARACANAU"";-;616;700;-;1316"
"""230770 MARANGUAPE"";-;85;80;-;165"
"""230820 MERUOCA"";-;20;-;-;20"
"""230830 MILAGRES"";-;179;18;-;197"
"""230835 MILHA"";-;21;-;-;21"
"""230840 MISSAO VELHA"";-;187;13;-;200"
"""230860 MONSENHOR TABOSA"";-;45;20;-;65"
"""230870 MORADA NOVA"";-;25;99;-;124"
"""230890 MORRINHOS"";-;15;-;-;15"
"""230910 MULUNGU"";-;8;-;-;8"
"""230920 NOVA OLINDA"";-;24;-;-;24"
"""230930 NOVA RUSSAS"";-;126;4;-;130"
"""230940 NOVO ORIENTE"";-;71;-;-;71"
"""230945 OCARA"";-;20;-;-;20"
"""230950 OROS"";-;44;17;-;61"
"""230960 PACAJUS"";-;53;-;-;53"
"""230970 PACATUBA"";-;52;-;-;52"
"""231020 PARACURU"";-;100;-;-;100"
"""231025 PARAIPABA"";-;62;-;-;62"
"""231030 PARAMBU"";-;107;23;-;130"
"""231050 PEDRA BRANCA"";-;70;16;-;86"
"""231070 PENTECOSTE"";-;36;-;-;36"
"""231080 PEREIRO"";-;33;4;-;37"
"""231090 PIQUET CARNEIRO"";-;34;-;-;34"
"""231100 PORANGA"";-;56;-;-;56"
"""231110 PORTEIRAS"";-;51;-;-;51"
"""231120 POTENGI"";-;26;-;-;26"
"""231130 QUIXADA"";-;321;209;-;530"
"""231140 QUIXERAMOBIM"";-;760;1463;1;2224"
"""231150 QUIXERE"";-;25;-;-;25"
"""231160 REDENCAO"";-;81;35;-;116"
"""231180 RUSSAS"";-;367;132;-;499"
"""231190 SABOEIRO"";-;19;-;-;19"
"""231195 SALITRE"";-;46;-;-;46"
"""231210 SANTANA DO CARIRI"";-;18;-;-;18"
"""231220 SANTA QUITERIA"";-;66;41;-;107"
"""231260 SAO LUIS DO CURU"";-;10;-;-;10"
"""231290 SOBRAL"";-;1747;1763;10;3520"
"""231300 SOLONOPOLE"";-;28;-;-;28"
"""231310 TABULEIRO DO NORTE"";-;80;71;-;151"
"""231320 TAMBORIL"";-;46;25;-;71"
"""231325 TARRAFAS"";-;7;-;-;7"
"""231330 TAUA"";-;851;242;-;1093"
"""231335 TEJUCUOCA"";-;10;-;-;10"
"""231340 TIANGUA"";-;486;514;-;1000"
"""231360 UBAJARA"";-;183;23;-;206"
"""231370 UMARI"";-;7;-;-;7"
"""231375 UMIRIM"";-;7;-;-;7"
"""231395 VARJOTA"";-;26;-;-;26"
"""231400 VARZEA ALEGRE"";-;347;122;-;469"
"""231410 VICOSA DO CEARA"";-;118;85;-;203"
"""240020 ACU"";-;35;31;-;66"
"""240030 AFONSO BEZERRA"";-;9;-;-;9"
"""240050 ALEXANDRIA"";-;173;311;-;484"
"""240060 ALMINO AFONSO"";-;5;110;-;115"
"""240080 ANGICOS"";-;21;-;-;21"
"""240090 ANTONIO MARTINS"";-;23;2;-;25"
"""240100 APODI"";-;66;34;-;100"
"""240110 AREIA BRANCA"";-;18;-;-;18"
"""240200 CAICO"";-;236;224;-;460"
"""240230 CARAUBAS"";-;21;8;-;29"
"""240250 CARNAUBAIS"";-;10;-;-;10"
"""240260 CEARA-MIRIM"";-;171;113;-;284"
"""240310 CURRAIS NOVOS"";-;183;94;-;277"
"""240320 DOUTOR SEVERIANO"";-;18;-;-;18"
"""240325 PARNAMIRIM"";-;268;755;14;1037"
"""240330 ENCANTO"";-;3;-;-;3"
"""240420 GOIANINHA"";-;8;-;-;8"
"""240520 JANDUIS"";-;14;-;-;14"
"""240530 JANUARIO CICCO"";-;8;-;-;8"
"""240560 JARDIM DE PIRANHAS"";-;16;-;-;16"
"""240570 JARDIM DO SERIDO"";-;28;-;-;28"
"""240580 JOAO CAMARA"";-;46;-;-;46"
"""240600 JOSE DA PENHA"";-;8;-;-;8"
"""240670 LAJES"";-;5;-;-;5"
"""240710 MACAIBA"";-;87;219;-;306"
"""240720 MACAU"";-;40;23;-;63"
"""240725 MAJOR SALES"";-;3;-;-;3"
"""240740 MARTINS"";-;6;-;-;6"
"""240760 MESSIAS TARGINO"";-;2;-;-;2"
"""240800 MOSSORO"";2;1308;1039;-;2349"
"""240810 NATAL"";24;4405;4746;177;9352"
"""240830 NOVA CRUZ"";-;56;-;-;56"
"""240910 PASSA E FICA"";-;20;6;-;26"
"""240940 PAU DOS FERROS"";-;184;272;-;456"
"""241000 PILOES"";-;4;-;-;4"
"""241070 RIACHO DA CRUZ"";-;9;-;-;9"
"""241120 SANTA CRUZ"";-;300;289;-;589"
"""241150 SANTO ANTONIO"";-;101;-;-;101"
"""241200 SAO GONCALO DO AMARANTE"";-;194;41;-;235"
"""241220 SAO JOSE DE MIPIBU"";-;162;247;-;409"
"""241240 SAO JOSE DO SERIDO"";-;7;-;-;7"
"""241260 SAO PAULO DO POTENGI"";-;57;-;-;57"
"""241330 SERRA DE SAO BENTO"";-;7;-;-;7"
"""241355 SERRINHA DOS PINTOS"";-;9;-;-;9"
"""241360 SEVERIANO MELO"";-;5;-;-;5"
"""241380 TABOLEIRO GRANDE"";-;8;-;-;8"
"""241410 TENENTE ANANIAS"";-;13;78;-;91"
"""241445 TRIUNFO POTIGUAR"";-;6;-;-;6"
"""241475 VENHA-VER"";-;1;-;-;1"
"""250040 ALAGOA NOVA"";-;30;-;-;30"
"""250150 BANANEIRAS"";-;18;9;-;27"
"""250190 BELEM"";-;29;28;-;57"
"""250230 BOM SUCESSO"";-;1;-;-;1"
"""250280 BREJO DO CRUZ"";-;10;-;-;10"
"""250320 CABEDELO"";-;98;57;-;155"
"""250370 CAJAZEIRAS"";-;362;379;-;741"
"""250400 CAMPINA GRANDE"";1;2526;2983;4;5514"
"""250430 CATOLE DO ROCHA"";-;159;225;-;384"
"""250440 CONCEICAO"";-;56;-;-;56"
"""250480 COREMAS"";-;40;6;-;46"
"""250510 CUITE"";-;20;28;-;48"
"""250600 ESPERANCA"";-;55;21;-;76"
"""250630 GUARABIRA"";-;228;182;-;410"
"""250690 ITABAIANA"";-;86;105;-;191"
"""250700 ITAPORANGA"";-;19;-;-;19"
"""250710 ITAPOROROCA"";-;-;11;-;11"
"""250750 JOAO PESSOA"";2;3365;3684;37;7088"
"""250800 JURU"";-;7;-;-;7"
"""250830 LAGOA SECA"";-;19;-;-;19"
"""250890 MAMANGUAPE"";-;299;194;-;493"
"""250920 MASSARANDUBA"";-;3;-;-;3"
"""250970 MONTEIRO"";-;172;189;-;361"
"""251080 PATOS"";1;661;742;-;1404"
"""251120 PEDRAS DE FOGO"";-;30;6;-;36"
"""251130 PIANCO"";-;114;113;-;227"
"""251140 PICUI"";-;117;86;-;203"
"""251200 POCINHOS"";-;56;-;-;56"
"""251210 POMBAL"";-;178;258;-;436"
"""251230 PRINCESA ISABEL"";-;28;25;-;53"
"""251250 QUEIMADAS"";-;138;72;-;210"
"""251370 SANTA RITA"";3;349;317;1;670"
"""251540 SAO VICENTE DO SERIDO"";-;1;-;-;1"
"""251550 SERRA BRANCA"";-;35;-;-;35"
"""251600 SOLANEA"";-;69;15;-;84"
"""251620 SOUSA"";-;269;227;-;496"
"""251630 SUME"";-;46;13;-;59"
"""251650 TAPEROA"";-;109;144;-;253"
"""251660 TAVARES"";-;21;-;-;21"
"""251690 UIRAUNA"";-;115;4;-;119"
"""260010 AFOGADOS DA INGAZEIRA"";-;360;395;-;755"
"""260020 AFRANIO"";-;36;24;-;60"
"""260030 AGRESTINA"";-;20;82;-;102"
"""260050 AGUAS BELAS"";-;57;-;-;57"
"""260060 ALAGOINHA"";-;23;-;-;23"
"""260070 ALIANCA"";-;4;6;-;10"
"""260110 ARARIPINA"";-;153;200;-;353"
"""260120 ARCOVERDE"";-;715;466;-;1181"
"""260130 BARRA DE GUABIRABA"";-;7;-;-;7"
"""260140 BARREIROS"";-;23;-;-;23"
"""260160 BELEM DO SAO FRANCISCO"";-;23;-;-;23"
"""260190 BEZERROS"";-;102;300;-;402"
"""260200 BODOCO"";-;29;-;-;29"
"""260210 BOM CONSELHO"";-;51;-;-;51"
"""260220 BOM JARDIM"";-;63;-;-;63"
"""260230 BONITO"";-;10;1;-;11"
"""260240 BREJAO"";-;10;-;-;10"
"""260250 BREJINHO"";-;17;-;-;17"
"""260260 BREJO DA MADRE DE DEUS"";-;27;-;-;27"
"""260280 BUIQUE"";-;-;35;-;35"
"""260290 CABO DE SANTO AGOSTINHO"";1;485;414;-;900"
"""260300 CABROBO"";-;41;27;-;68"
"""260310 CACHOEIRINHA"";-;8;-;-;8"
"""260330 CALCADO"";-;3;-;-;3"
"""260340 CALUMBI"";-;3;-;-;3"
"""260345 CAMARAGIBE"";-;36;28;-;64"
"""260360 CAMUTANGA"";-;2;-;-;2"
"""260370 CANHOTINHO"";-;20;13;-;33"
"""260380 CAPOEIRAS"";-;35;-;-;35"
"""260390 CARNAIBA"";-;13;-;-;13"
"""260400 CARPINA"";-;34;-;-;34"
"""260410 CARUARU"";-;1744;1755;-;3499"
"""260420 CATENDE"";-;20;-;-;20"
"""260470 CORRENTES"";-;16;13;-;29"
"""260490 CUMARU"";-;15;-;-;15"
"""260500 CUPIRA"";-;21;-;-;21"
"""260510 CUSTODIA"";-;59;3;-;62"
"""260530 EXU"";-;25;-;-;25"
"""260540 FEIRA NOVA"";-;16;8;-;24"
"""260545 FERNANDO DE NORONHA"";-;1;-;-;1"
"""260560 FLORES"";-;15;-;-;15"
"""260570 FLORESTA"";-;58;-;-;58"
"""260580 FREI MIGUELINHO"";-;17;-;-;17"
"""260600 GARANHUNS"";-;565;342;-;907"
"""260610 GLORIA DO GOITA"";-;1;-;-;1"
"""260620 GOIANA"";-;227;62;-;289"
"""260630 GRANITO"";-;8;-;-;8"
"""260640 GRAVATA"";-;42;2;-;44"
"""260650 IATI"";-;17;18;-;35"
"""260660 IBIMIRIM"";-;4;-;-;4"
"""260670 IBIRAJUBA"";-;3;-;-;3"
"""260680 IGARASSU"";-;20;-;-;20"
"""260690 IGUARACY"";-;7;-;-;7"
"""260700 INAJA"";-;18;-;-;18"
"""260710 INGAZEIRA"";-;10;-;-;10"
"""260720 IPOJUCA"";-;71;43;-;114"
"""260770 ITAPETIM"";-;14;30;-;44"
"""260790 JABOATAO DOS GUARARAPES"";-;787;1136;-;1923"
"""260795 JAQUEIRA"";-;12;-;-;12"
"""260800 JATAUBA"";-;36;-;-;36"
"""260810 JOAO ALFREDO"";-;11;-;-;11"
"""260825 JUCATI"";-;6;-;-;6"
"""260830 JUPI"";-;7;-;-;7"
"""260845 LAGOA DO CARRO"";-;2;-;-;2"
"""260850 LAGOA DE ITAENGA"";-;6;-;-;6"
"""260860 LAGOA DO OURO"";-;17;-;-;17"
"""260870 LAGOA DOS GATOS"";-;2;-;-;2"
"""260875 LAGOA GRANDE"";-;60;-;-;60"
"""260880 LAJEDO"";-;40;-;-;40"
"""260890 LIMOEIRO"";-;258;53;-;311"
"""260900 MACAPARANA"";-;15;2;-;17"
"""260915 MANARI"";-;13;-;-;13"
"""260930 MIRANDIBA"";-;12;-;-;12"
"""260940 MORENO"";-;137;699;-;836"
"""260950 NAZARE DA MATA"";-;239;80;-;319"
"""260960 OLINDA"";-;454;99;-;553"
"""260970 OROBO"";-;36;-;-;36"
"""260990 OURICURI"";-;321;375;-;696"
"""261000 PALMARES"";-;793;589;-;1382"
"""261010 PALMEIRINA"";-;2;-;-;2"
"""261020 PANELAS"";-;12;-;-;12"
"""261030 PARANATAMA"";-;10;3;-;13"
"""261040 PARNAMIRIM"";-;30;-;-;30"
"""261060 PAUDALHO"";-;10;22;-;32"
"""261070 PAULISTA"";-;649;362;9;1020"
"""261080 PEDRA"";-;31;-;-;31"
"""261090 PESQUEIRA"";-;-;58;-;58"
"""261100 PETROLANDIA"";-;55;60;-;115"
"""261110 PETROLINA"";-;1224;1446;9;2679"
"""261120 POCAO"";-;19;-;-;19"
"""261150 QUIPAPA"";-;3;-;-;3"
"""261160 RECIFE"";127;14355;10762;592;25836"
"""261190 RIO FORMOSO"";-;1;-;-;1"
"""261220 SALGUEIRO"";-;362;273;-;635"
"""261230 SALOA"";-;32;9;-;41"
"""261245 SANTA CRUZ"";-;30;-;-;30"
"""261247 SANTA CRUZ DA BAIXA VERDE"";-;10;-;-;10"
"""261300 SAO BENTO DO UNA"";-;59;7;-;66"
"""261320 SAO JOAO"";-;20;14;-;34"
"""261350 SAO JOSE DO BELMONTE"";-;31;17;-;48"
"""261360 SAO JOSE DO EGITO"";-;60;34;-;94"
"""261370 SAO LOURENCO DA MATA"";-;93;94;-;187"
"""261390 SERRA TALHADA"";-;822;625;-;1447"
"""261410 SERTANIA"";-;61;21;-;82"
"""261440 SOLIDAO"";-;7;-;-;7"
"""261450 SURUBIM"";-;-;53;-;53"
"""261460 TABIRA"";-;41;14;-;55"
"""261500 TAQUARITINGA DO NORTE"";-;18;-;-;18"
"""261510 TEREZINHA"";-;9;-;-;9"
"""261520 TERRA NOVA"";-;15;-;-;15"
"""261540 TORITAMA"";-;21;29;-;50"
"""261560 TRINDADE"";-;25;-;-;25"
"""261590 TUPARETAMA"";-;9;4;-;13"
"""261600 VENTUROSA"";-;12;-;-;12"
"""261640 VITORIA DE SANTO ANTAO"";-;595;775;-;1370"
"""270010 AGUA BRANCA"";-;19;-;-;19"
"""270030 ARAPIRACA"";-;1190;1283;-;2473"
"""270040 ATALAIA"";-;22;-;-;22"
"""270070 BATALHA"";-;44;19;-;63"
"""270100 BOCA DA MATA"";-;4;-;-;4"
"""270140 CAMPO ALEGRE"";-;51;-;-;51"
"""270170 CAPELA"";-;19;-;-;19"
"""270230 CORURIPE"";-;46;804;-;850"
"""270240 DELMIRO GOUVEIA"";-;46;65;-;111"
"""270300 IBATEGUARA"";-;5;-;-;5"
"""270430 MACEIO"";15;3841;3183;40;7079"
"""270550 MURICI"";-;7;-;-;7"
"""270630 PALMEIRA DOS INDIOS"";-;209;257;-;466"
"""270690 PILAR"";-;28;122;-;150"
"""270710 PIRANHAS"";-;42;-;-;42"
"""270730 PORTO CALVO"";-;307;188;-;495"
"""270760 QUEBRANGULO"";-;3;-;-;3"
"""270770 RIO LARGO"";-;100;-;-;100"
"""270800 SANTANA DO IPANEMA"";1;376;377;-;754"
"""270840 SAO JOSE DA TAPERA"";-;31;-;-;31"
"""270850 SAO LUIS DO QUITUNDE"";-;13;-;-;13"
"""270860 SAO MIGUEL DOS CAMPOS"";-;191;309;-;500"
"""270915 TEOTONIO VILELA"";-;49;-;-;49"
"""270920 TRAIPU"";-;1;-;-;1"
"""270930 UNIAO DOS PALMARES"";-;293;183;-;476"
"""280020 AQUIDABA"";-;119;-;-;119"
"""280030 ARACAJU"";10;3265;3134;96;6505"
"""280130 CAPELA"";-;73;124;-;197"
"""280210 ESTANCIA"";-;414;557;-;971"
"""280340 JAPOATA"";-;-;44;-;44"
"""280350 LAGARTO"";1;552;478;-;1031"
"""280450 NOSSA SENHORA DA GLORIA"";-;180;40;-;220"
"""280570 PROPRIA"";-;163;17;-;180"
"""280590 RIACHUELO"";-;50;-;-;50"
"""280670 SAO CRISTOVAO"";-;52;26;-;78"
"""280710 SIMAO DIAS"";-;82;-;-;82"
"""290020 ABARE"";-;22;-;-;22"
"""290035 ADUSTINA"";-;11;-;-;11"
"""290040 AGUA FRIA"";-;19;-;-;19"
"""290070 ALAGOINHAS"";-;335;548;-;883"
"""290100 AMARGOSA"";-;158;62;-;220"
"""290110 AMELIA RODRIGUES"";-;37;-;-;37"
"""290115 AMERICA DOURADA"";-;49;-;-;49"
"""290120 ANAGE"";-;7;-;-;7"
"""290130 ANDARAI"";-;26;-;-;26"
"""290140 ANGICAL"";-;17;-;-;17"
"""290150 ANGUERA"";-;9;-;-;9"
"""290160 ANTAS"";-;374;328;-;702"
"""290200 ARACATU"";-;84;-;-;84"
"""290205 ARACAS"";-;9;-;-;9"
"""290210 ARACI"";-;64;-;-;64"
"""290240 AURELINO LEAL"";-;85;-;-;85"
"""290250 BAIANOPOLIS"";-;17;3;-;20"
"""290260 BAIXA GRANDE"";-;37;-;-;37"
"""290270 BARRA"";-;222;111;-;333"
"""290280 BARRA DA ESTIVA"";-;131;82;-;213"
"""290300 BARRA DO MENDES"";-;33;-;-;33"
"""290320 BARREIRAS"";-;765;841;4;1610"
"""290323 BARRO ALTO"";-;42;-;-;42"
"""290327 BARROCAS"";-;20;-;-;20"
"""290330 BARRO PRETO"";-;4;-;-;4"
"""290340 BELMONTE"";-;33;4;-;37"
"""290350 BELO CAMPO"";-;52;7;-;59"
"""290380 BOA VISTA DO TUPIM"";-;11;-;-;11"
"""290390 BOM JESUS DA LAPA"";-;243;155;-;398"
"""290395 BOM JESUS DA SERRA"";-;31;-;-;31"
"""290405 BONITO"";-;43;-;-;43"
"""290410 BOQUIRA"";-;53;14;-;67"
"""290420 BOTUPORA"";-;21;6;-;27"
"""290430 BREJOES"";-;23;-;-;23"
"""290440 BREJOLANDIA"";-;29;-;-;29"
"""290450 BROTAS DE MACAUBAS"";-;16;-;-;16"
"""290460 BRUMADO"";1;251;337;-;589"
"""290475 BURITIRAMA"";-;57;6;-;63"
"""290490 CACHOEIRA"";-;41;30;-;71"
"""290510 CAEM"";-;38;6;-;44"
"""290520 CAETITE"";-;33;-;-;33"
"""290530 CAFARNAUM"";-;35;20;-;55"
"""290560 CAMACAN"";-;121;-;-;121"
"""290570 CAMACARI"";-;378;746;-;1124"
"""290580 CAMAMU"";-;34;-;-;34"
"""290590 CAMPO ALEGRE DE LOURDES"";-;51;27;-;78"
"""290600 CAMPO FORMOSO"";-;236;150;-;386"
"""290610 CANAPOLIS"";-;20;11;-;31"
"""290620 CANARANA"";-;70;-;-;70"
"""290650 CANDEIAS"";-;62;80;-;142"
"""290680 CANSANCAO"";-;208;33;-;241"
"""290682 CANUDOS"";-;17;-;-;17"
"""290687 CAPIM GROSSO"";-;65;-;-;65"
"""290690 CARAVELAS"";-;-;26;-;26"
"""290710 CARINHANHA"";-;19;-;-;19"
"""290720 CASA NOVA"";-;139;-;-;139"
"""290730 CASTRO ALVES"";-;-;13;-;13"
"""290750 CATU"";-;-;25;-;25"
"""290755 CATURAMA"";-;19;-;-;19"
"""290760 CENTRAL"";-;26;-;-;26"
"""290780 CICERO DANTAS"";-;49;-;-;49"
"""290790 CIPO"";-;49;-;-;49"
"""290840 CONCEICAO DO COITE"";-;242;320;-;562"
"""290860 CONDE"";-;11;-;-;11"
"""290870 CONDEUBA"";-;53;-;-;53"
"""290890 CORACAO DE MARIA"";-;46;309;-;355"
"""290900 CORDEIROS"";-;22;-;-;22"
"""290950 CRAVOLANDIA"";-;26;-;-;26"
"""290960 CRISOPOLIS"";-;21;-;-;21"
"""290970 CRISTOPOLIS"";-;153;-;-;153"
"""290980 CRUZ DAS ALMAS"";-;191;258;-;449"
"""291010 DOM BASILIO"";-;32;-;-;32"
"""291030 ELISIO MEDRADO"";-;19;-;-;19"
"""291060 ESPLANADA"";-;82;28;-;110"
"""291070 EUCLIDES DA CUNHA"";-;256;76;-;332"
"""291072 EUNAPOLIS"";-;420;199;-;619"
"""291080 FEIRA DE SANTANA"";10;2159;2499;9;4677"
"""291130 GENTIO DO OURO"";-;31;-;-;31"
"""291150 GONGOGI"";-;13;-;-;13"
"""291170 GUANAMBI"";-;375;646;-;1021"
"""291190 IACU"";-;77;9;-;86"
"""291200 IBIASSUCE"";-;64;33;-;97"
"""291210 IBICARAI"";-;32;-;-;32"
"""291240 IBIPEBA"";-;21;-;-;21"
"""291250 IBIPITANGA"";-;33;-;-;33"
"""291270 IBIRAPITANGA"";-;85;-;-;85"
"""291300 IBITIARA"";-;43;-;-;43"
"""291310 IBITITA"";-;21;-;-;21"
"""291320 IBOTIRAMA"";-;104;178;-;282"
"""291340 IGAPORA"";-;32;17;-;49"
"""291345 IGRAPIUNA"";-;27;-;-;27"
"""291350 IGUAI"";-;285;56;-;341"
"""291360 ILHEUS"";-;1190;737;-;1927"
"""291370 INHAMBUPE"";-;50;-;-;50"
"""291380 IPECAETA"";-;1;-;-;1"
"""291390 IPIAU"";-;219;105;-;324"
"""291400 IPIRA"";-;-;50;-;50"
"""291410 IPUPIARA"";-;12;-;-;12"
"""291430 IRAMAIA"";-;96;-;-;96"
"""291440 IRAQUARA"";-;281;14;-;295"
"""291460 IRECE"";-;369;393;-;762"
"""291470 ITABERABA"";-;379;352;-;731"
"""291480 ITABUNA"";2;1243;683;1;1929"
"""291490 ITACARE"";-;128;-;-;128"
"""291500 ITAETE"";-;23;-;-;23"
"""291510 ITAGI"";-;12;-;-;12"
"""291535 ITAGUACU DA BAHIA"";-;26;-;-;26"
"""291540 ITAJU DO COLONIA"";-;49;-;-;49"
"""291550 ITAJUIPE"";-;143;-;-;143"
"""291560 ITAMARAJU"";-;196;125;-;321"
"""291580 ITAMBE"";-;115;-;-;115"
"""291600 ITANHEM"";-;35;25;-;60"
"""291610 ITAPARICA"";-;156;250;-;406"
"""291630 ITAPEBI"";-;23;-;-;23"
"""291640 ITAPETINGA"";-;282;242;-;524"
"""291650 ITAPICURU"";-;26;-;-;26"
"""291660 ITAPITANGA"";-;14;-;-;14"
"""291670 ITAQUARA"";-;42;-;-;42"
"""291680 ITARANTIM"";-;61;9;-;70"
"""291685 ITATIM"";-;27;-;-;27"
"""291690 ITIRUCU"";-;32;9;-;41"
"""291700 ITIUBA"";-;55;21;-;76"
"""291710 ITORORO"";-;132;-;-;132"
"""291720 ITUACU"";-;22;-;-;22"
"""291730 ITUBERA"";-;20;-;-;20"
"""291735 JABORANDI"";-;43;50;-;93"
"""291740 JACARACI"";-;28;-;-;28"
"""291750 JACOBINA"";-;210;349;-;559"
"""291760 JAGUAQUARA"";-;296;90;-;386"
"""291770 JAGUARARI"";-;59;32;-;91"
"""291800 JEQUIE"";4;797;875;-;1676"
"""291810 JEREMOABO"";-;46;-;-;46"
"""291820 JIQUIRICA"";-;48;-;-;48"
"""291830 JITAUNA"";-;17;-;-;17"
"""291840 JUAZEIRO"";-;1173;1293;-;2466"
"""291855 JUSSARI"";-;54;-;-;54"
"""291860 JUSSIAPE"";-;16;-;-;16"
"""291915 LAPAO"";-;121;1;-;122"
"""291920 LAURO DE FREITAS"";-;579;625;-;1204"
"""291930 LENCOIS"";-;4;-;-;4"
"""291940 LICINIO DE ALMEIDA"";-;34;-;-;34"
"""291955 LUIS EDUARDO MAGALHAES"";-;303;513;-;816"
"""291970 MACARANI"";-;102;-;-;102"
"""291980 MACAUBAS"";-;105;39;-;144"
"""292000 MAIQUINIQUE"";-;48;-;-;48"
"""292010 MAIRI"";-;99;31;-;130"
"""292050 MARACAS"";-;94;-;-;94"
"""292080 MARCIONILIO SOUZA"";-;20;-;-;20"
"""292110 MEDEIROS NETO"";-;80;19;-;99"
"""292120 MIGUEL CALMON"";-;93;143;-;236"
"""292130 MILAGRES"";-;15;-;-;15"
"""292150 MONTE SANTO"";-;202;53;-;255"
"""292170 MORRO DO CHAPEU"";-;134;22;-;156"
"""292180 MORTUGABA"";-;39;-;-;39"
"""292200 MUCURI"";-;51;-;-;51"
"""292210 MUNDO NOVO"";-;20;-;-;20"
"""292240 MUTUIPE"";-;88;61;-;149"
"""292250 NAZARE"";-;92;359;-;451"
"""292270 NOVA CANAA"";-;138;-;-;138"
"""292273 NOVA FATIMA"";-;1;-;-;1"
"""292290 NOVA SOURE"";-;38;-;-;38"
"""292300 NOVA VICOSA"";-;72;36;-;108"
"""292310 OLINDINA"";-;43;-;-;43"
"""292320 OLIVEIRA DOS BREJINHOS"";-;62;-;-;62"
"""292335 OUROLANDIA"";-;30;-;-;30"
"""292340 PALMAS DE MONTE ALTO"";-;49;3;-;52"
"""292360 PARAMIRIM"";-;73;77;-;150"
"""292370 PARATINGA"";-;160;13;-;173"
"""292390 PAU BRASIL"";-;47;-;-;47"
"""292400 PAULO AFONSO"";-;278;87;-;365"
"""292405 PE DE SERRA"";-;23;-;-;23"
"""292430 PIATA"";-;26;1;-;27"
"""292440 PILAO ARCADO"";-;11;15;-;26"
"""292450 PINDAI"";-;23;12;-;35"
"""292460 PINDOBACU"";-;95;39;-;134"
"""292465 PINTADAS"";-;22;-;-;22"
"""292470 PIRIPA"";-;20;-;-;20"
"""292480 PIRITIBA"";-;31;-;-;31"
"""292490 PLANALTINO"";-;42;-;-;42"
"""292510 POCOES"";-;110;27;-;137"
"""292530 PORTO SEGURO"";-;440;427;-;867"
"""292540 POTIRAGUA"";-;18;-;-;18"
"""292550 PRADO"";-;142;11;-;153"
"""292560 PRESIDENTE DUTRA"";-;27;-;-;27"
"""292575 PRESIDENTE TANCREDO NEVES"";-;28;-;-;28"
"""292595 RAFAEL JAMBEIRO"";-;23;-;-;23"
"""292600 REMANSO"";-;60;11;-;71"
"""292620 RIACHAO DAS NEVES"";-;93;-;-;93"
"""292630 RIACHAO DO JACUIPE"";-;118;69;-;187"
"""292640 RIACHO DE SANTANA"";-;68;32;-;100"
"""292660 RIBEIRA DO POMBAL"";-;269;310;-;579"
"""292670 RIO DE CONTAS"";-;37;-;-;37"
"""292720 RUY BARBOSA"";-;174;511;-;685"
"""292730 SALINAS DA MARGARIDA"";-;17;-;-;17"
"""292740 SALVADOR"";52;9980;10990;121;21143"
"""292790 SANTA INES"";-;37;8;-;45"
"""292810 SANTA MARIA DA VITORIA"";-;90;54;-;144"
"""292820 SANTANA"";-;90;22;-;112"
"""292830 SANTANOPOLIS"";-;7;-;-;7"
"""292840 SANTA RITA DE CASSIA"";-;104;14;-;118"
"""292860 SANTO AMARO"";-;-;10;-;10"
"""292870 SANTO ANTONIO DE JESUS"";-;899;848;2;1749"
"""292880 SANTO ESTEVAO"";-;89;-;-;89"
"""292890 SAO DESIDERIO"";-;83;53;-;136"
"""292900 SAO FELIX"";-;113;334;-;447"
"""292905 SAO FELIX DO CORIBE"";-;47;18;-;65"
"""292910 SAO FELIPE"";-;20;-;-;20"
"""292925 SAO GABRIEL"";-;42;-;-;42"
"""292940 SAO MIGUEL DAS MATAS"";-;5;-;-;5"
"""292950 SAO SEBASTIAO DO PASSE"";-;53;-;-;53"
"""292960 SAPEACU"";-;31;-;-;31"
"""292990 SEABRA"";-;382;397;1;780"
"""293000 SEBASTIAO LARANJEIRAS"";-;20;-;-;20"
"""293010 SENHOR DO BONFIM"";-;238;128;-;366"
"""293015 SERRA DO RAMALHO"";-;56;17;-;73"
"""293030 SERRA DOURADA"";-;94;-;-;94"
"""293040 SERRA PRETA"";-;15;-;-;15"
"""293070 SIMOES FILHO"";-;112;4;-;116"
"""293077 SOBRADINHO"";-;26;6;-;32"
"""293080 SOUTO SOARES"";-;33;-;-;33"
"""293090 TABOCAS DO BREJO VELHO"";-;24;9;-;33"
"""293100 TANHACU"";-;67;-;-;67"
"""293110 TANQUINHO"";-;13;-;-;13"
"""293120 TAPEROA"";-;50;-;-;50"
"""293135 TEIXEIRA DE FREITAS"";-;348;688;-;1036"
"""293150 TEOFILANDIA"";-;9;-;-;9"
"""293160 TEOLANDIA"";-;22;-;-;22"
"""293180 TREMEDAL"";-;25;-;-;25"
"""293200 UAUA"";-;42;-;-;42"
"""293210 UBAIRA"";-;116;53;-;169"
"""293220 UBAITABA"";-;162;1;-;163"
"""293250 UNA"";-;37;-;-;37"
"""293280 UTINGA"";-;37;-;-;37"
"""293290 VALENCA"";-;250;281;-;531"
"""293305 VARZEA DA ROCA"";-;11;-;-;11"
"""293315 VARZEA NOVA"";-;87;-;-;87"
"""293330 VITORIA DA CONQUISTA"";1;1587;1559;5;3152"
"""293340 WAGNER"";-;100;11;-;111"
"""293345 WANDERLEY"";-;141;-;-;141"
"""293360 XIQUE-XIQUE"";-;141;68;-;209"
"""310010 ABADIA DOS DOURADOS"";-;4;-;-;4"
"""310020 ABAETE"";-;72;50;-;122"
"""310030 ABRE CAMPO"";-;46;45;-;91"
"""310060 AGUA BOA"";-;15;-;-;15"
"""310090 AGUAS FORMOSAS"";-;169;83;-;252"
"""310100 AGUAS VERMELHAS"";-;49;-;-;49"
"""310110 AIMORES"";-;150;29;-;179"
"""310130 ALAGOA"";-;8;-;-;8"
"""310150 ALEM PARAIBA"";-;145;47;-;192"
"""310160 ALFENAS"";1;502;573;-;1076"
"""310170 ALMENARA"";-;239;175;-;414"
"""310190 ALPINOPOLIS"";-;72;42;-;114"
"""310200 ALTEROSA"";-;41;14;-;55"
"""310210 ALTO RIO DOCE"";-;25;-;-;25"
"""310230 ALVINOPOLIS"";-;28;13;-;41"
"""310260 ANDRADAS"";-;134;57;-;191"
"""310270 CACHOEIRA DE PAJEU"";-;26;-;-;26"
"""310290 ANTONIO CARLOS"";-;5;-;-;5"
"""310350 ARAGUARI"";1;767;690;-;1458"
"""310375 ARAPORA"";-;36;13;-;49"
"""310400 ARAXA"";-;246;272;-;518"
"""310420 ARCOS"";-;90;52;-;142"
"""310430 AREADO"";-;35;13;-;48"
"""310450 ARINOS"";-;19;17;-;36"
"""310470 ATALEIA"";-;39;13;-;52"
"""310490 BAEPENDI"";-;128;215;-;343"
"""310510 BAMBUI"";-;138;13;-;151"
"""310560 BARBACENA"";3;730;761;-;1494"
"""310590 BARROSO"";-;84;155;-;239"
"""310630 BELO ORIENTE"";-;36;281;-;317"
"""310640 BELO VALE"";-;60;-;-;60"
"""310650 BERILO"";-;38;-;-;38"
"""310670 BETIM"";-;1476;1016;-;2492"
"""310690 BICAS"";-;49;7;-;56"
"""310730 BOCAIUVA"";-;220;176;-;396"
"""310740 BOM DESPACHO"";-;262;226;-;488"
"""310750 BOM JARDIM DE MINAS"";-;36;-;-;36"
"""310780 BOM JESUS DO GALHO"";-;35;103;-;138"
"""310860 BRASILIA DE MINAS"";-;331;180;-;511"
"""310900 BRUMADINHO"";5;138;124;-;267"
"""310910 BUENO BRANDAO"";-;33;-;-;33"
"""310930 BURITIS"";-;84;9;-;93"
"""310940 BURITIZEIRO"";-;27;-;-;27"
"""310950 CABO VERDE"";-;41;32;-;73"
"""310990 CAETANOPOLIS"";-;84;-;-;84"
"""311000 CAETE"";-;101;81;-;182"
"""311030 CALDAS"";-;38;29;-;67"
"""311050 CAMANDUCAIA"";-;60;44;-;104"
"""311060 CAMBUI"";-;115;70;-;185"
"""311090 CAMPANHA"";-;22;2;-;24"
"""311100 CAMPESTRE"";-;70;1;-;71"
"""311110 CAMPINA VERDE"";-;24;27;-;51"
"""311120 CAMPO BELO"";-;250;318;-;568"
"""311130 CAMPO DO MEIO"";-;36;-;-;36"
"""311150 CAMPOS ALTOS"";-;41;21;-;62"
"""311160 CAMPOS GERAIS"";-;73;56;-;129"
"""311180 CANAPOLIS"";-;25;28;-;53"
"""311200 CANDEIAS"";-;55;-;-;55"
"""311230 CAPELINHA"";-;240;138;-;378"
"""311260 CAPINOPOLIS"";-;29;18;-;47"
"""311300 CARAI"";-;71;26;-;97"
"""311320 CARANDAI"";-;44;47;-;91"
"""311330 CARANGOLA"";-;392;238;-;630"
"""311340 CARATINGA"";1;382;555;-;938"
"""311350 CARBONITA"";-;56;-;-;56"
"""311370 CARLOS CHAGAS"";-;54;29;-;83"
"""311400 CARMO DA MATA"";-;11;-;-;11"
"""311410 CARMO DE MINAS"";-;41;-;-;41"
"""311430 CARMO DO PARANAIBA"";-;62;44;-;106"
"""311440 CARMO DO RIO CLARO"";-;77;15;-;92"
"""311450 CARMOPOLIS DE MINAS"";-;55;7;-;62"
"""311510 CASSIA"";-;211;142;-;353"
"""311530 CATAGUASES"";-;320;88;-;408"
"""311580 CENTRALINA"";-;39;-;-;39"
"""311615 CHAPADA GAUCHA"";-;22;-;-;22"
"""311630 CIPOTANEA"";-;16;-;-;16"
"""311660 CLAUDIO"";-;139;177;-;316"
"""311680 COLUNA"";-;38;1;-;39"
"""311710 CONCEICAO DA APARECIDA"";-;39;19;-;58"
"""311730 CONCEICAO DAS ALAGOAS"";-;137;78;-;215"
"""311770 CONCEICAO DO RIO VERDE"";-;26;46;-;72"
"""311800 CONGONHAS"";-;129;161;-;290"
"""311830 CONSELHEIRO LAFAIETE"";-;212;287;-;499"
"""311840 CONSELHEIRO PENA"";-;94;37;-;131"
"""311860 CONTAGEM"";-;901;1041;-;1942"
"""311880 CORACAO DE JESUS"";-;135;81;-;216"
"""311930 COROMANDEL"";-;113;34;-;147"
"""311940 CORONEL FABRICIANO"";-;215;150;-;365"
"""312020 CRISTAIS"";-;30;-;-;30"
"""312050 CRISTINA"";-;70;-;-;70"
"""312080 CRUZILIA"";-;108;66;-;174"
"""312090 CURVELO"";-;420;345;1;766"
"""312120 DELFINOPOLIS"";-;15;-;-;15"
"""312160 DIAMANTINA"";-;535;367;3;905"
"""312200 DIVINO"";-;99;78;-;177"
"""312210 DIVINO DAS LARANJEIRAS"";-;10;-;-;10"
"""312230 DIVINOPOLIS"";21;751;669;46;1487"
"""312270 DOM SILVERIO"";-;18;-;-;18"
"""312320 DORES DO INDAIA"";-;110;11;-;121"
"""312400 ERVALIA"";-;69;-;-;69"
"""312420 ESPERA FELIZ"";-;91;153;-;244"
"""312430 ESPINOSA"";-;120;34;-;154"
"""312490 EUGENOPOLIS"";-;37;-;-;37"
"""312510 EXTREMA"";-;193;-;-;193"
"""312560 FELISBURGO"";-;43;24;-;67"
"""312590 FERROS"";-;31;-;-;31"
"""312610 FORMIGA"";-;274;185;4;463"
"""312670 FRANCISCO SA"";-;154;85;-;239"
"""312710 FRUTAL"";-;125;107;-;232"
"""312760 GOUVEIA"";-;70;17;-;87"
"""312770 GOVERNADOR VALADARES"";1;1802;1189;3;2995"
"""312780 GRAO MOGOL"";-;104;-;-;104"
"""312800 GUANHAES"";-;306;152;-;458"
"""312810 GUAPE"";-;23;18;-;41"
"""312830 GUARANESIA"";-;54;14;-;68"
"""312860 GUARDA-MOR"";-;13;8;-;21"
"""312870 GUAXUPE"";-;243;176;-;419"
"""312910 GURINHATA"";-;15;-;-;15"
"""312940 IBERTIOGA"";-;17;-;-;17"
"""312950 IBIA"";-;78;38;-;116"
"""312980 IBIRITE"";-;249;165;-;414"
"""313010 IGARAPE"";-;-;296;-;296"
"""313030 IGUATAMA"";-;56;-;-;56"
"""313120 IPANEMA"";-;71;82;-;153"
"""313170 ITABIRA"";-;506;400;-;906"
"""313180 ITABIRINHA"";-;34;117;-;151"
"""313190 ITABIRITO"";-;90;50;-;140"
"""313220 ITAGUARA"";-;52;21;-;73"
"""313230 ITAIPE"";-;36;-;-;36"
"""313240 ITAJUBA"";-;806;432;5;1243"
"""313250 ITAMARANDIBA"";-;184;115;-;299"
"""313310 ITANHANDU"";-;88;243;-;331"
"""313320 ITANHOMI"";-;45;48;-;93"
"""313330 ITAOBIM"";-;112;109;-;221"
"""313350 ITAPECERICA"";-;70;82;-;152"
"""313375 ITAU DE MINAS"";-;7;-;-;7"
"""313380 ITAUNA"";-;204;281;-;485"
"""313420 ITUIUTABA"";-;294;207;-;501"
"""313440 ITURAMA"";-;58;83;-;141"
"""313460 JABOTICATUBAS"";-;36;-;-;36"
"""313470 JACINTO"";-;79;66;-;145"
"""313505 JAIBA"";-;94;-;-;94"
"""313510 JANAUBA"";-;530;418;-;948"
"""313520 JANUARIA"";-;177;195;-;372"
"""313540 JECEABA"";-;11;-;-;11"
"""313580 JEQUITINHONHA"";-;108;10;-;118"
"""313600 JOAIMA"";-;39;6;-;45"
"""313620 JOAO MONLEVADE"";-;322;252;-;574"
"""313630 JOAO PINHEIRO"";-;113;102;-;215"
"""313650 JORDANIA"";-;20;-;-;20"
"""313670 JUIZ DE FORA"";10;2319;2106;108;4543"
"""313690 JURUAIA"";-;22;3;-;25"
"""313700 LADAINHA"";-;35;-;-;35"
"""313710 LAGAMAR"";-;12;-;-;12"
"""313720 LAGOA DA PRATA"";-;107;354;-;461"
"""313750 LAGOA FORMOSA"";-;57;-;-;57"
"""313760 LAGOA SANTA"";-;193;253;-;446"
"""313780 LAMBARI"";-;38;11;-;49"
"""313820 LAVRAS"";3;320;371;-;694"
"""313840 LEOPOLDINA"";-;183;124;-;307"
"""313880 LUZ"";-;215;98;-;313"
"""313900 MACHADO"";-;111;197;-;308"
"""313920 MALACACHETA"";-;155;110;-;265"
"""313930 MANGA"";-;142;95;-;237"
"""313940 MANHUACU"";-;554;466;-;1020"
"""313950 MANHUMIRIM"";-;140;69;-;209"
"""313980 MAR DE ESPANHA"";-;21;5;-;26"
"""313990 MARIA DA FE"";-;16;-;-;16"
"""314000 MARIANA"";-;153;138;-;291"
"""314070 MATEUS LEME"";-;36;27;-;63"
"""314090 MATIPO"";-;35;12;-;47"
"""314140 MEDINA"";-;154;43;-;197"
"""314160 MERCES"";-;39;-;-;39"
"""314180 MINAS NOVAS"";-;281;61;-;342"
"""314200 MIRABELA"";-;94;20;-;114"
"""314220 MIRAI"";-;62;-;-;62"
"""314240 MOEMA"";-;23;-;-;23"
"""314260 MONSENHOR PAULO"";-;32;6;-;38"
"""314270 MONTALVANIA"";-;82;12;-;94"
"""314280 MONTE ALEGRE DE MINAS"";-;37;45;-;82"
"""314290 MONTE AZUL"";-;183;43;-;226"
"""314300 MONTE BELO"";-;32;10;-;42"
"""314310 MONTE CARMELO"";-;274;163;-;437"
"""314320 MONTE SANTO DE MINAS"";-;54;66;-;120"
"""314330 MONTES CLAROS"";15;2023;2533;51;4622"
"""314350 MORADA NOVA DE MINAS"";-;45;-;-;45"
"""314390 MURIAE"";3;1196;872;67;2138"
"""314400 MUTUM"";-;83;20;-;103"
"""314410 MUZAMBINHO"";-;54;37;-;91"
"""314430 NANUQUE"";-;135;60;-;195"
"""314450 NAZARENO"";-;7;-;-;7"
"""314460 NEPOMUCENO"";-;98;-;-;98"
"""314470 NOVA ERA"";-;45;-;-;45"
"""314510 NOVA RESENDE"";-;24;4;-;28"
"""314520 NOVA SERRANA"";-;303;209;-;512"
"""314530 NOVO CRUZEIRO"";-;133;-;-;133"
"""314560 OLIVEIRA"";5;374;268;-;647"
"""314590 OURO BRANCO"";-;78;42;-;120"
"""314610 OURO PRETO"";-;247;188;1;436"
"""314630 PADRE PARAISO"";-;123;55;-;178"
"""314650 PAINS"";-;18;-;-;18"
"""314670 PALMA"";-;4;-;-;4"
"""314700 PARACATU"";-;361;171;-;532"
"""314710 PARA DE MINAS"";-;286;358;-;644"
"""314720 PARAGUACU"";-;40;22;-;62"
"""314730 PARAISOPOLIS"";-;61;7;-;68"
"""314750 PASSABEM"";-;1;-;-;1"
"""314760 PASSA QUATRO"";-;58;29;-;87"
"""314770 PASSA TEMPO"";-;26;-;-;26"
"""314790 PASSOS"";1;698;876;10;1585"
"""314800 PATOS DE MINAS"";4;918;877;2;1801"
"""314810 PATROCINIO"";-;356;323;-;679"
"""314860 PECANHA"";-;143;154;-;297"
"""314870 PEDRA AZUL"";-;137;90;-;227"
"""314980 PERDIZES"";-;49;24;-;73"
"""314990 PERDOES"";-;56;29;-;85"
"""315030 PIEDADE DO RIO GRANDE"";-;8;-;-;8"
"""315050 PIMENTA"";-;25;-;-;25"
"""315080 PIRANGA"";-;35;-;-;35"
"""315110 PIRAPETINGA"";-;39;9;-;48"
"""315120 PIRAPORA"";-;307;307;-;614"
"""315150 PIUMHI"";-;398;134;-;532"
"""315170 POCO FUNDO"";-;54;247;-;301"
"""315180 POCOS DE CALDAS"";2;534;675;-;1211"
"""315190 POCRANE"";-;18;-;-;18"
"""315200 POMPEU"";-;73;28;-;101"
"""315210 PONTE NOVA"";-;564;351;1;916"
"""315220 PORTEIRINHA"";-;184;54;-;238"
"""315240 POTE"";-;42;-;-;42"
"""315250 POUSO ALEGRE"";6;992;844;4;1846"
"""315260 POUSO ALTO"";-;24;6;-;30"
"""315270 PRADOS"";-;21;-;-;21"
"""315280 PRATA"";-;5;24;-;29"
"""315290 PRATAPOLIS"";-;5;-;-;5"
"""315310 PRESIDENTE BERNARDES"";-;11;-;-;11"
"""315340 PRESIDENTE OLEGARIO"";-;13;-;-;13"
"""315400 RAUL SOARES"";-;118;253;-;371"
"""315410 RECREIO"";-;33;22;-;55"
"""315420 RESENDE COSTA"";-;103;9;-;112"
"""315430 RESPLENDOR"";-;215;74;-;289"
"""315460 RIBEIRAO DAS NEVES"";-;243;66;-;309"
"""315490 RIO CASCA"";-;19;-;-;19"
"""315560 RIO PARDO DE MINAS"";-;68;41;-;109"
"""315570 RIO PIRACICABA"";-;19;-;-;19"
"""315580 RIO POMBA"";-;153;29;-;182"
"""315590 RIO PRETO"";-;14;-;-;14"
"""315660 RUBIM"";-;32;5;-;37"
"""315670 SABARA"";-;113;-;-;113"
"""315680 SABINOPOLIS"";-;81;-;-;81"
"""315690 SACRAMENTO"";-;39;65;-;104"
"""315700 SALINAS"";-;334;143;-;477"
"""315720 SANTA BARBARA"";-;78;27;-;105"
"""315780 SANTA LUZIA"";-;300;163;-;463"
"""315800 SANTA MARIA DE ITABIRA"";-;12;-;-;12"
"""315930 SANTA RITA DE JACUTINGA"";-;15;-;-;15"
"""315960 SANTA RITA DO SAPUCAI"";-;169;148;1;318"
"""315990 SANTO ANTONIO DO AMPARO"";-;138;164;-;302"
"""316040 SANTO ANTONIO DO MONTE"";-;165;195;-;360"
"""316070 SANTOS DUMONT"";-;98;120;-;218"
"""316200 SAO GONCALO DO SAPUCAI"";-;93;-;-;93"
"""316210 SAO GOTARDO"";-;83;77;-;160"
"""316220 SAO JOAO BATISTA DO GLORIA"";-;9;-;-;9"
"""316240 SAO JOAO DA PONTE"";-;100;46;-;146"
"""316250 SAO JOAO DEL REI"";-;395;364;-;759"
"""316270 SAO JOAO DO PARAISO"";-;110;23;-;133"
"""316280 SAO JOAO EVANGELISTA"";-;123;74;-;197"
"""316290 SAO JOAO NEPOMUCENO"";-;77;37;-;114"
"""316370 SAO LOURENCO"";1;229;642;-;872"
"""316390 SAO PEDRO DA UNIAO"";-;10;-;-;10"
"""316470 SAO SEBASTIAO DO PARAISO"";-;533;303;2;838"
"""316570 SENADOR FIRMINO"";-;16;-;-;16"
"""316680 SERRA DO SALITRE"";-;21;50;-;71"
"""316690 SERRANIA"";-;17;-;-;17"
"""316710 SERRO"";-;131;94;-;225"
"""316720 SETE LAGOAS"";9;761;885;5;1660"
"""316800 TAIOBEIRAS"";-;547;344;-;891"
"""316860 TEOFILO OTONI"";1;602;1147;1;1751"
"""316870 TIMOTEO"";-;195;167;-;362"
"""316890 TIROS"";-;18;-;-;18"
"""316920 TOMBOS"";-;34;-;-;34"
"""316930 TRES CORACOES"";-;279;203;-;482"
"""316940 TRES PONTAS"";-;306;242;15;563"
"""316990 UBA"";-;662;414;1;1077"
"""317010 UBERABA"";2;1713;1212;9;2936"
"""317020 UBERLANDIA"";7;3154;1829;44;5034"
"""317040 UNAI"";-;316;444;-;760"
"""317052 URUCUIA"";-;59;4;-;63"
"""317070 VARGINHA"";1;529;662;4;1196"
"""317080 VARZEA DA PALMA"";-;102;38;-;140"
"""317090 VARZELANDIA"";-;44;-;-;44"
"""317120 VESPASIANO"";-;61;145;-;206"
"""317130 VICOSA"";-;220;216;-;436"
"""317170 VIRGINIA"";-;26;-;-;26"
"""317200 VISCONDE DO RIO BRANCO"";-;220;72;-;292"
"""320020 ALEGRE"";1;20;37;-;58"
"""320050 APIACA"";-;58;-;-;58"
"""320080 BAIXO GUANDU"";-;111;45;-;156"
"""320100 BOA ESPERANCA"";-;25;2;-;27"
"""320120 CACHOEIRO DE ITAPEMIRIM"";9;1445;1228;7;2689"
"""320130 CARIACICA"";-;355;162;53;570"
"""320150 COLATINA"";-;1055;1227;-;2282"
"""320190 DOMINGOS MARTINS"";-;176;9;-;185"
"""320230 GUACUI"";-;117;163;-;280"
"""320240 GUARAPARI"";-;328;210;-;538"
"""320280 ITAPEMIRIM"";-;193;158;-;351"
"""320290 ITARANA"";-;6;-;-;6"
"""320300 IUNA"";-;63;32;-;95"
"""320310 JERONIMO MONTEIRO"";-;64;130;-;194"
"""320316 LARANJA DA TERRA"";-;24;-;-;24"
"""320320 LINHARES"";2;669;478;-;1149"
"""320360 MUCURICI"";-;13;-;-;13"
"""320400 PANCAS"";-;11;-;-;11"
"""320410 PINHEIROS"";-;37;-;-;37"
"""320450 SANTA LEOPOLDINA"";-;18;19;-;37"
"""320455 SANTA MARIA DE JETIBA"";1;94;79;-;174"
"""320470 SAO GABRIEL DA PALHA"";-;18;-;-;18"
"""320490 SAO MATEUS"";-;827;508;-;1335"
"""320500 SERRA"";12;1306;1873;-;3191"
"""320506 VENDA NOVA DO IMIGRANTE"";-;190;88;-;278"
"""320520 VILA VELHA"";1;1714;1500;35;3250"
"""320530 VITORIA"";29;2675;2932;26;5662"
"""330010 ANGRA DOS REIS"";-;490;392;-;882"
"""330020 ARARUAMA"";-;46;207;7;260"
"""330022 AREAL"";-;25;-;-;25"
"""330023 ARMACAO DOS BUZIOS"";-;121;79;-;200"
"""330025 ARRAIAL DO CABO"";-;80;170;-;250"
"""330030 BARRA DO PIRAI"";-;356;114;-;470"
"""330040 BARRA MANSA"";-;469;735;1;1205"
"""330045 BELFORD ROXO"";-;1020;38;-;1058"
"""330060 BOM JESUS DO ITABAPOANA"";1;303;285;-;589"
"""330070 CABO FRIO"";1;491;440;-;932"
"""330080 CACHOEIRAS DE MACACU"";-;187;120;-;307"
"""330100 CAMPOS DOS GOYTACAZES"";1;2118;1240;2;3361"
"""330120 CARMO"";-;63;24;-;87"
"""330130 CASIMIRO DE ABREU"";45;170;85;-;300"
"""330140 CONCEICAO DE MACABU"";-;27;-;-;27"
"""330170 DUQUE DE CAXIAS"";-;2062;1877;29;3968"
"""330180 ENGENHEIRO PAULO DE FRONTIN"";-;30;4;-;34"
"""330185 GUAPIMIRIM"";-;126;101;-;227"
"""330190 ITABORAI"";-;637;252;-;889"
"""330220 ITAPERUNA"";12;520;555;23;1110"
"""330225 ITATIAIA"";-;124;70;-;194"
"""330227 JAPERI"";-;59;-;-;59"
"""330230 LAJE DO MURIAE"";-;9;4;-;13"
"""330240 MACAE"";4;796;537;1;1338"
"""330250 MAGE"";-;329;136;-;465"
"""330270 MARICA"";-;494;388;-;882"
"""330280 MENDES"";-;63;-;-;63"
"""330285 MESQUITA"";-;519;525;-;1044"
"""330290 MIGUEL PEREIRA"";-;178;105;-;283"
"""330320 NILOPOLIS"";-;24;344;-;368"
"""330330 NITEROI"";-;1480;1335;9;2824"
"""330340 NOVA FRIBURGO"";-;560;328;-;888"
"""330350 NOVA IGUACU"";1;1211;918;7;2137"
"""330360 PARACAMBI"";-;89;14;-;103"
"""330370 PARAIBA DO SUL"";-;181;303;-;484"
"""330380 PARATY"";-;86;60;-;146"
"""330395 PINHEIRAL"";-;87;18;-;105"
"""330400 PIRAI"";-;94;81;-;175"
"""330414 QUEIMADOS"";-;370;62;-;432"
"""330415 QUISSAMA"";-;115;55;-;170"
"""330420 RESENDE"";2;391;356;-;749"
"""330430 RIO BONITO"";-;364;164;-;528"
"""330440 RIO CLARO"";-;42;10;-;52"
"""330450 RIO DAS FLORES"";-;23;-;-;23"
"""330452 RIO DAS OSTRAS"";-;309;221;-;530"
"""330455 RIO DE JANEIRO"";91;12931;14487;341;27850"
"""330480 SAO FIDELIS"";-;162;64;-;226"
"""330490 SAO GONCALO"";14;1815;1240;9;3078"
"""330500 SAO JOAO DA BARRA"";-;223;102;-;325"
"""330510 SAO JOAO DE MERITI"";-;769;500;-;1269"
"""330530 SAO SEBASTIAO DO ALTO"";-;39;8;-;47"
"""330540 SAPUCAIA"";-;34;-;-;34"
"""330550 SAQUAREMA"";1;405;484;-;890"
"""330555 SEROPEDICA"";-;20;8;-;28"
"""330575 TANGUA"";-;33;-;-;33"
"""330580 TERESOPOLIS"";-;329;376;-;705"
"""330600 TRES RIOS"";1;266;198;1;466"
"""330610 VALENCA"";-;520;362;-;882"
"""330615 VARRE-SAI"";-;28;9;-;37"
"""330620 VASSOURAS"";-;244;255;1;500"
"""330630 VOLTA REDONDA"";3;989;1080;5;2077"
"""350010 ADAMANTINA"";-;275;179;-;454"
"""350050 AGUAS DE LINDOIA"";-;95;11;-;106"
"""350070 AGUDOS"";-;20;55;-;75"
"""350110 ALTO ALEGRE"";-;5;-;-;5"
"""350130 ALVARES MACHADO"";-;75;-;-;75"
"""350160 AMERICANA"";-;435;311;-;746"
"""350170 AMERICO BRASILIENSE"";3;188;379;-;570"
"""350190 AMPARO"";-;242;170;-;412"
"""350210 ANDRADINA"";-;189;101;-;290"
"""350220 ANGATUBA"";-;134;31;-;165"
"""350250 APARECIDA"";1;157;250;-;408"
"""350270 APIAI"";-;149;130;-;279"
"""350280 ARACATUBA"";2;629;664;7;1302"
"""350310 ARANDU"";-;10;-;-;10"
"""350320 ARARAQUARA"";3;802;982;7;1794"
"""350330 ARARAS"";-;304;341;-;645"
"""350340 AREALVA"";-;15;1;-;16"
"""350400 ASSIS"";-;439;404;-;843"
"""350410 ATIBAIA"";-;168;180;-;348"
"""350420 AURIFLAMA"";-;42;163;-;205"
"""350450 AVARE"";-;259;388;-;647"
"""350520 BARIRI"";-;114;64;-;178"
"""350530 BARRA BONITA"";-;74;30;-;104"
"""350550 BARRETOS"";28;1021;1550;147;2746"
"""350570 BARUERI"";-;1466;1444;2;2912"
"""350580 BASTOS"";-;95;-;-;95"
"""350590 BATATAIS"";-;153;111;-;264"
"""350600 BAURU"";5;1843;1737;5;3590"
"""350610 BEBEDOURO"";1;299;357;-;657"
"""350630 BERNARDINO DE CAMPOS"";-;41;-;-;41"
"""350640 BILAC"";-;15;-;-;15"
"""350650 BIRIGUI"";-;167;172;-;339"
"""350670 BOA ESPERANCA DO SUL"";-;9;-;-;9"
"""350680 BOCAINA"";-;11;3;-;14"
"""350700 BOITUVA"";-;87;79;-;166"
"""350710 BOM JESUS DOS PERDOES"";-;22;-;-;22"
"""350740 BORBOREMA"";-;54;12;-;66"
"""350750 BOTUCATU"";4;1183;1237;84;2508"
"""350760 BRAGANCA PAULISTA"";1;828;719;-;1548"
"""350790 BROTAS"";-;38;20;-;58"
"""350810 BURITAMA"";-;59;32;-;91"
"""350840 CABREUVA"";-;65;14;-;79"
"""350850 CACAPAVA"";-;228;73;-;301"
"""350870 CACONDE"";-;58;13;-;71"
"""350900 CAIEIRAS"";-;250;70;-;320"
"""350920 CAJAMAR"";-;242;63;-;305"
"""350930 CAJOBI"";-;25;23;-;48"
"""350940 CAJURU"";-;165;86;-;251"
"""350950 CAMPINAS"";52;3013;2948;130;6143"
"""350960 CAMPO LIMPO PAULISTA"";-;287;59;-;346"
"""350970 CAMPOS DO JORDAO"";-;110;105;-;215"
"""351000 CANDIDO MOTA"";-;87;136;-;223"
"""351040 CAPIVARI"";-;132;69;-;201"
"""351050 CARAGUATATUBA"";-;678;1258;1;1937"
"""351060 CARAPICUIBA"";2;651;644;-;1297"
"""351070 CARDOSO"";-;25;-;-;25"
"""351080 CASA BRANCA"";-;109;33;-;142"
"""351100 CASTILHO"";-;42;31;-;73"
"""351110 CATANDUVA"";7;1021;724;2;1754"
"""351140 CERQUEIRA CESAR"";-;81;51;-;132"
"""351150 CERQUILHO"";-;60;1;-;61"
"""351160 CESARIO LANGE"";-;24;17;-;41"
"""351170 CHARQUEADA"";-;30;-;-;30"
"""351190 CLEMENTINA"";-;16;-;-;16"
"""351200 COLINA"";-;34;48;-;82"
"""351220 CONCHAL"";-;103;113;-;216"
"""351230 CONCHAS"";-;16;-;-;16"
"""351280 COSMOPOLIS"";-;90;62;-;152"
"""351300 COTIA"";-;558;499;-;1057"
"""351340 CRUZEIRO"";-;322;187;-;509"
"""351350 CUBATAO"";-;308;200;-;508"
"""351360 CUNHA"";-;71;37;-;108"
"""351370 DESCALVADO"";-;71;45;-;116"
"""351380 DIADEMA"";-;1153;769;1;1923"
"""351390 DIVINOLANDIA"";-;38;326;-;364"
"""351410 DOIS CORREGOS"";-;82;18;-;100"
"""351440 DRACENA"";-;217;74;-;291"
"""351450 DUARTINA"";-;89;16;-;105"
"""351500 EMBU DAS ARTES"";-;143;25;-;168"
"""351510 EMBU-GUACU"";-;93;-;-;93"
"""351518 ESPIRITO SANTO DO PINHAL"";-;304;107;-;411"
"""351520 ESTRELA D'OESTE"";-;45;-;-;45"
"""351540 FARTURA"";-;60;13;-;73"
"""351550 FERNANDOPOLIS"";-;465;218;-;683"
"""351570 FERRAZ DE VASCONCELOS"";-;252;125;-;377"
"""351600 FLORIDA PAULISTA"";-;86;9;-;95"
"""351620 FRANCA"";4;945;1057;10;2016"
"""351630 FRANCISCO MORATO"";-;711;381;-;1092"
"""351640 FRANCO DA ROCHA"";-;225;465;-;690"
"""351660 GALIA"";-;16;-;-;16"
"""351670 GARCA"";-;182;62;-;244"
"""351690 GENERAL SALGADO"";-;42;-;-;42"
"""351700 GETULINA"";-;30;-;-;30"
"""351740 GUAIRA"";-;96;118;1;215"
"""351760 GUAPIARA"";-;27;-;-;27"
"""351770 GUARA"";-;41;10;-;51"
"""351780 GUARACAI"";-;27;-;-;27"
"""351820 GUARARAPES"";-;82;53;-;135"
"""351830 GUARAREMA"";-;80;43;-;123"
"""351840 GUARATINGUETA"";-;312;401;-;713"
"""351860 GUARIBA"";-;87;37;-;124"
"""351870 GUARUJA"";1;615;493;5;1114"
"""351880 GUARULHOS"";-;2731;2118;3;4852"
"""351900 HERCULANDIA"";-;75;-;-;75"
"""351907 HORTOLANDIA"";-;285;243;-;528"
"""351910 IACANGA"";-;47;8;-;55"
"""351930 IBATE"";-;45;25;-;70"
"""351940 IBIRA"";-;36;-;-;36"
"""351960 IBITINGA"";-;260;154;-;414"
"""351970 IBIUNA"";-;259;91;-;350"
"""351990 IEPE"";-;49;4;-;53"
"""352010 IGARAPAVA"";-;65;20;-;85"
"""352044 ILHA SOLTEIRA"";-;98;99;-;197"
"""352050 INDAIATUBA"";-;1019;847;-;1866"
"""352070 INDIAPORA"";-;27;-;-;27"
"""352090 IPAUSSU"";-;42;14;-;56"
"""352130 IPUA"";-;28;59;-;87"
"""352180 ITAI"";-;45;28;-;73"
"""352190 ITAJOBI"";-;44;-;-;44"
"""352210 ITANHAEM"";-;587;394;2;983"
"""352220 ITAPECERICA DA SERRA"";2;639;664;2;1307"
"""352230 ITAPETININGA"";-;476;379;-;855"
"""352240 ITAPEVA"";-;341;262;4;607"
"""352250 ITAPEVI"";4;575;675;-;1254"
"""352260 ITAPIRA"";-;442;131;-;573"
"""352270 ITAPOLIS"";-;182;70;-;252"
"""352280 ITAPORANGA"";-;71;15;-;86"
"""352310 ITAQUAQUECETUBA"";1;726;453;-;1180"
"""352320 ITARARE"";-;253;136;-;389"
"""352340 ITATIBA"";-;391;315;-;706"
"""352360 ITIRAPINA"";-;3;-;-;3"
"""352390 ITU"";-;361;291;-;652"
"""352410 ITUVERAVA"";-;144;111;-;255"
"""352420 JABORANDI"";-;4;-;-;4"
"""352430 JABOTICABAL"";-;78;118;1;197"
"""352440 JACAREI"";3;651;502;-;1156"
"""352450 JACI"";-;25;22;-;47"
"""352470 JAGUARIUNA"";-;128;239;-;367"
"""352480 JALES"";11;359;345;-;715"
"""352530 JAU"";2;478;601;187;1268"
"""352550 JOANOPOLIS"";-;29;-;-;29"
"""352570 JOSE BONIFACIO"";-;130;69;-;199"
"""352590 JUNDIAI"";1;1581;2539;-;4121"
"""352600 JUNQUEIROPOLIS"";-;57;28;-;85"
"""352640 LARANJAL PAULISTA"";-;114;23;-;137"
"""352670 LEME"";-;226;215;-;441"
"""352680 LENCOIS PAULISTA"";-;134;150;-;284"
"""352690 LIMEIRA"";7;480;775;-;1262"
"""352710 LINS"";-;489;147;2;638"
"""352720 LORENA"";-;204;145;-;349"
"""352730 LOUVEIRA"";-;107;110;-;217"
"""352740 LUCELIA"";-;52;-;-;52"
"""352800 MACATUBA"";-;47;2;-;49"
"""352810 MACAUBAL"";-;4;-;-;4"
"""352850 MAIRIPORA"";-;221;-;-;221"
"""352880 MARACAI"";-;26;39;-;65"
"""352900 MARILIA"";11;1246;1182;9;2448"
"""352920 MARTINOPOLIS"";-;184;40;-;224"
"""352930 MATAO"";-;240;290;-;530"
"""352940 MAUA"";-;836;377;-;1213"
"""352970 MIGUELOPOLIS"";-;34;10;-;44"
"""353010 MIRANDOPOLIS"";-;191;142;-;333"
"""353050 MOCOCA"";-;265;131;-;396"
"""353060 MOGI DAS CRUZES"";17;1609;1732;1;3359"
"""353070 MOGI GUACU"";1;330;394;-;725"
"""353080 MOGI MIRIM"";-;137;281;1;419"
"""353110 MONGAGUA"";-;73;-;-;73"
"""353130 MONTE ALTO"";-;123;87;-;210"
"""353140 MONTE APRAZIVEL"";-;159;96;-;255"
"""353150 MONTE AZUL PAULISTA"";-;92;55;-;147"
"""353180 MONTE MOR"";-;33;41;-;74"
"""353190 MORRO AGUDO"";-;74;98;-;172"
"""353200 MORUNGABA"";-;16;-;-;16"
"""353260 NHANDEARA"";-;80;136;-;216"
"""353290 NOVA EUROPA"";-;25;4;-;29"
"""353300 NOVA GRANADA"";-;143;9;-;152"
"""353350 NOVO HORIZONTE"";-;87;112;-;199"
"""353390 OLIMPIA"";-;204;105;-;309"
"""353430 ORLANDIA"";-;160;89;-;249"
"""353440 OSASCO"";4;1484;897;3;2388"
"""353460 OSVALDO CRUZ"";-;175;43;-;218"
"""353470 OURINHOS"";-;428;444;3;875"
"""353520 PALMEIRA D'OESTE"";-;49;-;-;49"
"""353530 PALMITAL"";-;99;95;-;194"
"""353550 PARAGUACU PAULISTA"";-;258;347;-;605"
"""353580 PARANAPANEMA"";-;47;31;-;78"
"""353620 PARIQUERA-ACU"";4;459;407;-;870"
"""353630 PATROCINIO PAULISTA"";-;44;19;-;63"
"""353670 PEDERNEIRAS"";-;105;76;-;181"
"""353700 PEDREGULHO"";-;67;25;-;92"
"""353710 PEDREIRA"";-;57;42;-;99"
"""353730 PENAPOLIS"";1;239;269;-;509"
"""353740 PEREIRA BARRETO"";-;46;27;-;73"
"""353780 PIEDADE"";-;222;53;-;275"
"""353790 PILAR DO SUL"";-;48;20;-;68"
"""353800 PINDAMONHANGABA"";-;564;330;-;894"
"""353860 PIRACAIA"";-;39;5;-;44"
"""353870 PIRACICABA"";1;1115;1779;3;2898"
"""353880 PIRAJU"";-;121;28;-;149"
"""353890 PIRAJUI"";-;57;49;-;106"
"""353900 PIRANGI"";-;30;121;-;151"
"""353930 PIRASSUNUNGA"";-;135;87;-;222"
"""353940 PIRATININGA"";-;29;-;-;29"
"""353950 PITANGUEIRAS"";-;71;37;-;108"
"""354000 POMPEIA"";-;42;28;-;70"
"""354020 PONTAL"";-;16;71;-;87"
"""354040 POPULINA"";-;19;-;-;19"
"""354060 PORTO FELIZ"";-;129;213;-;342"
"""354070 PORTO FERREIRA"";-;117;62;-;179"
"""354080 POTIRENDABA"";-;54;6;-;60"
"""354100 PRAIA GRANDE"";1;479;417;-;897"
"""354120 PRESIDENTE BERNARDES"";-;99;-;-;99"
"""354130 PRESIDENTE EPITACIO"";-;185;61;-;246"
"""354140 PRESIDENTE PRUDENTE"";6;1700;1928;1;3635"
"""354150 PRESIDENTE VENCESLAU"";-;127;41;-;168"
"""354160 PROMISSAO"";-;118;204;-;322"
"""354220 RANCHARIA"";-;181;190;-;371"
"""354240 REGENTE FEIJO"";-;101;-;-;101"
"""354260 REGISTRO"";-;279;276;-;555"
"""354290 RIBEIRAO BONITO"";-;8;20;-;28"
"""354300 RIBEIRAO BRANCO"";-;22;-;-;22"
"""354330 RIBEIRAO PIRES"";-;114;51;-;165"
"""354340 RIBEIRAO PRETO"";111;3912;3323;102;7448"
"""354380 RINOPOLIS"";-;24;-;-;24"
"""354390 RIO CLARO"";-;600;301;1;902"
"""354400 RIO DAS PEDRAS"";-;70;42;-;112"
"""354420 RIOLANDIA"";-;15;-;-;15"
"""354425 ROSANA"";-;137;91;-;228"
"""354490 SALES OLIVEIRA"";-;12;5;-;17"
"""354500 SALESOPOLIS"";-;35;-;-;35"
"""354520 SALTO"";6;204;355;-;565"
"""354530 SALTO DE PIRAPORA"";-;89;49;-;138"
"""354540 SALTO GRANDE"";-;43;4;-;47"
"""354560 SANTA ADELIA"";-;28;56;-;84"
"""354580 SANTA BARBARA D'OESTE"";-;211;502;-;713"
"""354630 SANTA CRUZ DAS PALMEIRAS"";-;50;67;-;117"
"""354640 SANTA CRUZ DO RIO PARDO"";-;166;117;-;283"
"""354660 SANTA FE DO SUL"";-;186;114;1;301"
"""354680 SANTA ISABEL"";-;97;71;-;168"
"""354730 SANTANA DE PARNAIBA"";-;327;71;-;398"
"""354750 SANTA RITA DO PASSA QUATRO"";-;99;45;-;144"
"""354760 SANTA ROSA DE VITERBO"";-;85;-;-;85"
"""354770 SANTO ANASTACIO"";-;184;-;-;184"
"""354780 SANTO ANDRE"";10;1782;1607;5;3404"
"""354850 SANTOS"";25;1584;1047;3;2659"
"""354860 SAO BENTO DO SAPUCAI"";-;41;3;-;44"
"""354870 SAO BERNARDO DO CAMPO"";1;2205;1180;-;3386"
"""354880 SAO CAETANO DO SUL"";-;833;217;-;1050"
"""354890 SAO CARLOS"";5;1033;780;4;1822"
"""354910 SAO JOAO DA BOA VISTA"";-;248;339;-;587"
"""354940 SAO JOAQUIM DA BARRA"";-;182;126;-;308"
"""354970 SAO JOSE DO RIO PARDO"";-;220;110;-;330"
"""354980 SAO JOSE DO RIO PRETO"";99;3526;3846;224;7695"
"""354990 SAO JOSE DOS CAMPOS"";15;2617;2415;16;5063"
"""355000 SAO LUIS DO PARAITINGA"";-;18;-;-;18"
"""355010 SAO MANUEL"";-;86;-;-;86"
"""355020 SAO MIGUEL ARCANJO"";-;51;50;-;101"
"""355030 SAO PAULO"";311;29465;28284;1154;59214"
"""355040 SAO PEDRO"";-;127;220;-;347"
"""355060 SAO ROQUE"";-;273;169;-;442"
"""355070 SAO SEBASTIAO"";-;305;190;-;495"
"""355080 SAO SEBASTIAO DA GRAMA"";-;33;9;-;42"
"""355090 SAO SIMAO"";-;25;-;-;25"
"""355100 SAO VICENTE"";-;339;252;1;592"
"""355150 SERRANA"";-;131;135;-;266"
"""355160 SERRA NEGRA"";1;90;93;-;184"
"""355170 SERTAOZINHO"";-;238;325;1;564"
"""355210 SOCORRO"";-;174;164;-;338"
"""355220 SOROCABA"";10;2497;2430;71;5008"
"""355230 SUD MENNUCCI"";-;17;3;-;20"
"""355240 SUMARE"";4;418;582;1;1005"
"""355250 SUZANO"";-;461;302;-;763"
"""355260 TABAPUA"";-;51;37;-;88"
"""355270 TABATINGA"";-;31;21;-;52"
"""355280 TABOAO DA SERRA"";-;700;848;1;1549"
"""355300 TAGUAI"";-;29;9;-;38"
"""355330 TAMBAU"";-;38;35;-;73"
"""355340 TANABI"";-;98;-;-;98"
"""355360 TAPIRATIBA"";-;20;9;-;29"
"""355370 TAQUARITINGA"";-;226;116;-;342"
"""355380 TAQUARITUBA"";-;88;50;-;138"
"""355400 TATUI"";-;211;216;-;427"
"""355410 TAUBATE"";2;659;1379;-;2040"
"""355430 TEODORO SAMPAIO"";-;72;10;-;82"
"""355450 TIETE"";-;127;48;-;175"
"""355500 TUPA"";-;344;250;-;594"
"""355510 TUPI PAULISTA"";-;103;25;-;128"
"""355540 UBATUBA"";-;337;139;-;476"
"""355580 URANIA"";-;44;-;-;44"
"""355600 URUPES"";-;64;45;-;109"
"""355620 VALINHOS"";-;268;108;-;376"
"""355630 VALPARAISO"";-;41;21;-;62"
"""355640 VARGEM GRANDE DO SUL"";-;93;45;-;138"
"""355650 VARZEA PAULISTA"";-;59;-;-;59"
"""355670 VINHEDO"";-;175;259;-;434"
"""355680 VIRADOURO"";-;33;-;-;33"
"""355700 VOTORANTIM"";-;141;144;-;285"
"""355710 VOTUPORANGA"";-;653;431;11;1095"
"""355720 CHAVANTES"";-;80;6;-;86"
"""410050 ALTONIA"";-;19;22;-;41"
"""410060 ALTO PARANA"";-;62;-;-;62"
"""410080 ALVORADA DO SUL"";-;10;-;-;10"
"""410090 AMAPORA"";-;15;-;-;15"
"""410100 AMPERE"";-;152;9;-;161"
"""410110 ANDIRA"";-;87;10;-;97"
"""410120 ANTONINA"";-;31;-;-;31"
"""410140 APUCARANA"";-;17;484;-;501"
"""410150 ARAPONGAS"";1;933;1348;5;2287"
"""410160 ARAPOTI"";-;128;242;-;370"
"""410170 ARARUNA"";-;20;34;-;54"
"""410180 ARAUCARIA"";-;285;258;-;543"
"""410190 ASSAI"";-;41;5;-;46"
"""410200 ASSIS CHATEAUBRIAND"";-;200;127;-;327"
"""410210 ASTORGA"";-;199;77;-;276"
"""410240 BANDEIRANTES"";-;213;116;-;329"
"""410280 BELA VISTA DO PARAISO"";-;7;-;-;7"
"""410290 BITURUNA"";-;53;4;-;57"
"""410305 BOA VISTA DA APARECIDA"";-;31;-;-;31"
"""410310 BOCAIUVA DO SUL"";-;6;-;-;6"
"""410345 CAFELANDIA"";-;49;-;-;49"
"""410360 CAMBARA"";-;36;8;-;44"
"""410370 CAMBE"";-;383;155;-;538"
"""410390 CAMPINA DA LAGOA"";-;115;5;-;120"
"""410400 CAMPINA GRANDE DO SUL"";13;1775;1287;79;3154"
"""410420 CAMPO LARGO"";24;2981;2798;96;5899"
"""410430 CAMPO MOURAO"";6;734;761;-;1501"
"""410440 CANDIDO DE ABREU"";-;13;4;-;17"
"""410442 CANDOI"";-;86;6;-;92"
"""410450 CAPANEMA"";-;92;2;-;94"
"""410460 CAPITAO LEONIDAS MARQUES"";-;93;-;-;93"
"""410470 CARLOPOLIS"";-;202;268;-;470"
"""410480 CASCAVEL"";49;2984;2272;50;5355"
"""410490 CASTRO"";-;153;245;-;398"
"""410510 CENTENARIO DO SUL"";-;9;-;-;9"
"""410520 CERRO AZUL"";-;60;-;-;60"
"""410530 CEU AZUL"";-;58;160;-;218"
"""410540 CHOPINZINHO"";-;160;58;-;218"
"""410550 CIANORTE"";-;319;369;2;690"
"""410560 CIDADE GAUCHA"";-;41;-;-;41"
"""410570 CLEVELANDIA"";-;71;-;-;71"
"""410580 COLOMBO"";-;195;166;-;361"
"""410590 COLORADO"";-;215;228;1;444"
"""410630 CORBELIA"";-;150;129;-;279"
"""410640 CORNELIO PROCOPIO"";-;544;453;-;997"
"""410650 CORONEL VIVIDA"";-;98;22;-;120"
"""410660 CRUZEIRO DO OESTE"";-;20;8;-;28"
"""410680 CRUZ MACHADO"";-;18;16;-;34"
"""410690 CURITIBA"";88;7600;8149;358;16195"
"""410710 DIAMANTE DO NORTE"";-;4;-;-;4"
"""410720 DOIS VIZINHOS"";-;230;115;-;345"
"""410750 ENGENHEIRO BELTRAO"";-;102;24;-;126"
"""410753 ENTRE RIOS DO OESTE"";-;9;-;-;9"
"""410760 FAXINAL"";-;71;228;-;299"
"""410765 FAZENDA RIO GRANDE"";-;362;664;-;1026"
"""410775 FIGUEIRA"";-;12;-;-;12"
"""410790 FLORESTA"";-;16;-;-;16"
"""410820 FORMOSA DO OESTE"";-;80;6;-;86"
"""410830 FOZ DO IGUACU"";5;795;1515;11;2326"
"""410840 FRANCISCO BELTRAO"";-;905;1167;1;2073"
"""410860 GOIOERE"";-;166;110;-;276"
"""410880 GUAIRA"";-;74;37;-;111"
"""410890 GUAIRACA"";-;4;-;-;4"
"""410930 GUARANIACU"";-;103;93;-;196"
"""410940 GUARAPUAVA"";1;1100;1437;10;2548"
"""410950 GUARAQUECABA"";-;30;-;-;30"
"""410960 GUARATUBA"";-;117;34;-;151"
"""410970 IBAITI"";-;29;-;-;29"
"""410975 IBEMA"";-;17;-;-;17"
"""410980 IBIPORA"";-;366;189;2;557"
"""411040 INDIANOPOLIS"";-;18;-;-;18"
"""411070 IRATI"";-;304;181;-;485"
"""411100 ITAMBARACA"";-;16;-;-;16"
"""411125 ITAPERUCU"";-;94;-;-;94"
"""411130 ITAUNA DO SUL"";-;11;-;-;11"
"""411140 IVAI"";-;25;-;-;25"
"""411150 IVAIPORA"";-;418;377;1;796"
"""411170 JABOTI"";-;15;-;-;15"
"""411180 JACAREZINHO"";-;236;332;1;569"
"""411190 JAGUAPITA"";-;2;-;-;2"
"""411200 JAGUARIAIVA"";-;121;46;-;167"
"""411210 JANDAIA DO SUL"";-;182;227;-;409"
"""411240 JAPURA"";-;40;-;-;40"
"""411250 JARDIM ALEGRE"";-;13;4;-;17"
"""411275 JESUITAS"";-;37;-;-;37"
"""411280 JOAQUIM TAVORA"";-;22;-;-;22"
"""411300 JUSSARA"";-;12;-;-;12"
"""411310 KALORE"";-;15;-;-;15"
"""411320 LAPA"";1;129;126;-;256"
"""411330 LARANJEIRAS DO SUL"";-;434;126;-;560"
"""411345 LINDOESTE"";-;47;-;-;47"
"""411350 LOANDA"";-;265;132;-;397"
"""411370 LONDRINA"";22;3894;2915;100;6931"
"""411375 LUNARDELLI"";-;28;4;-;32"
"""411380 LUPIONOPOLIS"";-;6;-;-;6"
"""411390 MALLET"";-;58;-;-;58"
"""411430 MANDIRITUBA"";-;58;-;-;58"
"""411440 MANGUEIRINHA"";-;51;19;-;70"
"""411450 MANOEL RIBAS"";-;23;-;-;23"
"""411460 MARECHAL CANDIDO RONDON"";-;66;27;-;93"
"""411500 MARILENA"";-;23;-;-;23"
"""411520 MARINGA"";17;2078;2064;36;4195"
"""411560 MATELANDIA"";-;86;55;-;141"
"""411570 MATINHOS"";-;25;23;-;48"
"""411580 MEDIANEIRA"";-;190;354;-;544"
"""411600 MIRASELVA"";-;2;-;-;2"
"""411605 MISSAL"";-;29;151;-;180"
"""411670 NOVA AURORA"";-;74;334;-;408"
"""411680 NOVA CANTU"";-;16;-;-;16"
"""411690 NOVA ESPERANCA"";-;39;9;-;48"
"""411700 NOVA FATIMA"";-;20;-;-;20"
"""411710 NOVA LONDRINA"";-;34;1;-;35"
"""411722 NOVA SANTA ROSA"";-;7;-;-;7"
"""411727 NOVA TEBAS"";-;15;6;-;21"
"""411750 PAICANDU"";-;69;-;-;69"
"""411760 PALMAS"";-;220;56;-;276"
"""411770 PALMEIRA"";-;95;-;-;95"
"""411790 PALOTINA"";-;268;68;-;336"
"""411820 PARANAGUA"";4;518;317;-;839"
"""411840 PARANAVAI"";1;440;674;2;1117"
"""411845 PATO BRAGADO"";-;53;-;-;53"
"""411850 PATO BRANCO"";4;907;511;6;1428"
"""411890 PEROLA"";-;22;-;-;22"
"""411910 PIEN"";-;78;-;-;78"
"""411915 PINHAIS"";-;244;61;-;305"
"""411940 PIRAI DO SUL"";-;19;-;-;19"
"""411950 PIRAQUARA"";-;212;-;-;212"
"""411960 PITANGA"";-;351;102;-;453"
"""411970 PLANALTINA DO PARANA"";-;13;-;-;13"
"""411980 PLANALTO"";-;78;-;-;78"
"""411990 PONTA GROSSA"";4;2060;1866;12;3942"
"""412000 PORECATU"";-;9;-;-;9"
"""412033 PRADO FERREIRA"";-;1;-;-;1"
"""412035 PRANCHITA"";-;52;6;-;58"
"""412060 PRUDENTOPOLIS"";-;360;38;-;398"
"""412090 QUEDAS DO IGUACU"";-;219;-;-;219"
"""412100 QUERENCIA DO NORTE"";-;28;3;-;31"
"""412120 QUITANDINHA"";-;50;-;-;50"
"""412140 REALEZA"";-;68;-;-;68"
"""412150 REBOUCAS"";-;85;-;-;85"
"""412180 RIBEIRAO CLARO"";-;43;10;-;53"
"""412190 RIBEIRAO DO PINHAL"";-;89;13;-;102"
"""412200 RIO AZUL"";-;62;13;-;75"
"""412220 RIO BRANCO DO SUL"";-;142;5;-;147"
"""412230 RIO NEGRO"";-;56;23;-;79"
"""412240 ROLANDIA"";-;467;565;-;1032"
"""412250 RONCADOR"";-;77;22;-;99"
"""412260 RONDON"";-;72;19;-;91"
"""412290 SALTO DO ITARARE"";-;8;-;-;8"
"""412350 SANTA HELENA"";-;257;68;-;325"
"""412390 SANTA MARIANA"";-;134;178;-;312"
"""412400 SANTANA DO ITARARE"";-;12;-;-;12"
"""412410 SANTO ANTONIO DA PLATINA"";-;399;291;-;690"
"""412420 SANTO ANTONIO DO CAIUA"";-;8;-;-;8"
"""412440 SANTO ANTONIO DO SUDOESTE"";-;74;6;-;80"
"""412460 SAO CARLOS DO IVAI"";-;14;-;-;14"
"""412490 SAO JOAO DO CAIUA"";-;7;-;-;7"
"""412500 SAO JOAO DO IVAI"";-;15;-;-;15"
"""412510 SAO JOAO DO TRIUNFO"";-;11;-;-;11"
"""412535 SAO JORGE DO PATROCINIO"";-;16;7;-;23"
"""412540 SAO JOSE DA BOA VISTA"";-;18;-;-;18"
"""412550 SAO JOSE DOS PINHAIS"";-;753;509;-;1262"
"""412560 SAO MATEUS DO SUL"";-;148;66;-;214"
"""412570 SAO MIGUEL DO IGUACU"";-;143;67;-;210"
"""412580 SAO PEDRO DO IVAI"";-;33;1;-;34"
"""412620 SAPOPEMA"";-;5;-;-;5"
"""412625 SARANDI"";-;204;92;-;296"
"""412650 SERTANOPOLIS"";-;15;-;-;15"
"""412660 SIQUEIRA CAMPOS"";-;55;1;-;56"
"""412667 TAMARANA"";-;7;-;-;7"
"""412670 TAMBOARA"";-;18;-;-;18"
"""412700 TEIXEIRA SOARES"";-;3;-;-;3"
"""412710 TELEMACO BORBA"";-;302;81;-;383"
"""412730 TERRA RICA"";-;48;-;-;48"
"""412750 TIBAGI"";-;24;-;-;24"
"""412760 TIJUCAS DO SUL"";-;25;-;-;25"
"""412770 TOLEDO"";-;647;592;7;1246"
"""412780 TOMAZINA"";-;37;-;-;37"
"""412785 TRES BARRAS DO PARANA"";-;86;-;-;86"
"""412796 TURVO"";-;77;7;-;84"
"""412800 UBIRATA"";-;187;50;-;237"
"""412810 UMUARAMA"";2;865;1122;2;1991"
"""412820 UNIAO DA VITORIA"";-;367;263;-;630"
"""412840 URAI"";-;49;-;-;49"
"""412850 WENCESLAU BRAZ"";-;51;8;-;59"
"""412855 VERA CRUZ DO OESTE"";-;52;-;-;52"
"""412860 VERE"";-;36;-;-;36"
"""420010 ABELARDO LUZ"";-;73;39;-;112"
"""420020 AGROLANDIA"";-;16;-;-;16"
"""420040 AGUA DOCE"";-;12;-;-;12"
"""420070 ALFREDO WAGNER"";-;43;-;-;43"
"""420090 ANGELINA"";-;16;43;-;59"
"""420100 ANITA GARIBALDI"";-;153;-;-;153"
"""420110 ANITAPOLIS"";-;42;-;-;42"
"""420127 ARABUTA"";-;5;51;-;56"
"""420140 ARARANGUA"";-;473;261;-;734"
"""420150 ARMAZEM"";-;55;189;-;244"
"""420160 ARROIO TRINTA"";-;16;-;-;16"
"""420200 BALNEARIO CAMBORIU"";1;371;378;1;751"
"""420230 BIGUACU"";-;218;239;-;457"
"""420240 BLUMENAU"";18;1266;1332;110;2726"
"""420260 BOM RETIRO"";-;33;46;-;79"
"""420280 BRACO DO NORTE"";-;242;327;-;569"
"""420290 BRUSQUE"";-;624;2028;-;2652"
"""420300 CACADOR"";-;203;269;2;474"
"""420310 CAIBI"";-;24;26;-;50"
"""420320 CAMBORIU"";-;3;140;-;143"
"""420330 CAMPO ALEGRE"";-;30;83;-;113"
"""420340 CAMPO BELO DO SUL"";-;40;50;-;90"
"""420350 CAMPO ERE"";-;56;-;-;56"
"""420360 CAMPOS NOVOS"";-;155;277;-;432"
"""420380 CANOINHAS"";-;170;183;1;354"
"""420390 CAPINZAL"";-;112;80;-;192"
"""420410 CAXAMBU DO SUL"";-;4;-;-;4"
"""420420 CHAPECO"";10;1134;1072;11;2227"
"""420430 CONCORDIA"";-;282;322;1;605"
"""420440 CORONEL FREITAS"";-;16;66;-;82"
"""420460 CRICIUMA"";3;746;709;30;1488"
"""420470 CUNHA PORA"";-;27;84;-;111"
"""420480 CURITIBANOS"";-;350;189;-;539"
"""420490 DESCANSO"";-;86;27;-;113"
"""420500 DIONISIO CERQUEIRA"";-;111;33;-;144"
"""420530 FAXINAL DOS GUEDES"";-;14;179;-;193"
"""420540 FLORIANOPOLIS"";63;3026;3035;62;6186"
"""420550 FRAIBURGO"";-;166;90;-;256"
"""420590 GASPAR"";-;27;102;-;129"
"""420640 GUARACIABA"";-;44;57;-;101"
"""420650 GUARAMIRIM"";-;86;124;-;210"
"""420660 GUARUJA DO SUL"";-;23;-;-;23"
"""420690 IBIRAMA"";-;168;187;-;355"
"""420700 ICARA"";-;237;173;-;410"
"""420720 IMARUI"";-;90;-;-;90"
"""420730 IMBITUBA"";-;145;88;-;233"
"""420750 INDAIAL"";-;248;183;-;431"
"""420760 IPIRA"";-;12;6;-;18"
"""420765 IPORA DO OESTE"";-;45;35;-;80"
"""420770 IPUMIRIM"";-;20;-;-;20"
"""420790 IRINEOPOLIS"";-;41;-;-;41"
"""420800 ITA"";-;30;25;-;55"
"""420810 ITAIOPOLIS"";-;22;-;-;22"
"""420820 ITAJAI"";2;1512;1518;3;3035"
"""420830 ITAPEMA"";-;95;139;-;234"
"""420840 ITAPIRANGA"";-;22;57;-;79"
"""420850 ITUPORANGA"";-;158;98;-;256"
"""420870 JACINTO MACHADO"";-;32;-;-;32"
"""420880 JAGUARUNA"";-;62;18;-;80"
"""420890 JARAGUA DO SUL"";8;705;1043;5;1761"
"""420900 JOACABA"";2;455;847;3;1307"
"""420910 JOINVILLE"";20;2260;2658;50;4988"
"""420930 LAGES"";1;1326;883;6;2216"
"""420940 LAGUNA"";-;262;63;-;325"
"""420970 LEBON REGIS"";-;19;-;-;19"
"""420985 LINDOIA DO SUL"";-;76;-;-;76"
"""421003 LUZERNA"";-;29;8;-;37"
"""421010 MAFRA"";9;347;559;4;919"
"""421030 MAJOR VIEIRA"";-;53;-;-;53"
"""421050 MARAVILHA"";-;150;178;-;328"
"""421060 MASSARANDUBA"";-;16;23;-;39"
"""421080 MELEIRO"";-;52;69;-;121"
"""421090 MODELO"";-;72;-;-;72"
"""421100 MONDAI"";-;60;29;-;89"
"""421120 MORRO DA FUMACA"";-;186;46;-;232"
"""421130 NAVEGANTES"";-;90;85;-;175"
"""421140 NOVA ERECHIM"";-;11;119;-;130"
"""421150 NOVA TRENTO"";-;37;1;-;38"
"""421160 NOVA VENEZA"";-;47;273;-;320"
"""421170 ORLEANS"";-;138;67;-;205"
"""421175 OTACILIO COSTA"";-;97;96;-;193"
"""421200 PALMA SOLA"";-;71;14;-;85"
"""421210 PALMITOS"";-;102;78;-;180"
"""421220 PAPANDUVA"";-;64;-;-;64"
"""421250 PENHA"";-;-;174;-;174"
"""421260 PERITIBA"";-;11;1;-;12"
"""421290 PINHALZINHO"";-;41;80;-;121"
"""421320 POMERODE"";-;136;74;1;211"
"""421340 PONTE SERRADA"";-;183;-;-;183"
"""421360 PORTO UNIAO"";-;187;166;-;353"
"""421370 POUSO REDONDO"";-;31;-;-;31"
"""421380 PRAIA GRANDE"";-;130;43;-;173"
"""421400 PRESIDENTE GETULIO"";-;9;19;-;28"
"""421420 QUILOMBO"";-;55;-;-;55"
"""421450 RIO DO CAMPO"";-;29;-;-;29"
"""421470 RIO DOS CEDROS"";-;36;8;-;44"
"""421480 RIO DO SUL"";-;479;574;7;1060"
"""421490 RIO FORTUNA"";-;56;61;-;117"
"""421500 RIO NEGRINHO"";-;103;281;2;386"
"""421530 SALETE"";-;17;-;-;17"
"""421540 SALTO VELOSO"";-;33;-;-;33"
"""421550 SANTA CECILIA"";-;103;-;-;103"
"""421570 SANTO AMARO DA IMPERATRIZ"";-;102;250;-;352"
"""421580 SAO BENTO DO SUL"";-;204;282;2;488"
"""421590 SAO BONIFACIO"";-;48;19;-;67"
"""421600 SAO CARLOS"";-;24;106;-;130"
"""421620 SAO FRANCISCO DO SUL"";-;74;66;-;140"
"""421625 SAO JOAO DO OESTE"";-;12;38;-;50"
"""421630 SAO JOAO BATISTA"";-;46;32;-;78"
"""421650 SAO JOAQUIM"";-;128;84;-;212"
"""421660 SAO JOSE"";-;1152;1421;20;2593"
"""421670 SAO JOSE DO CEDRO"";-;39;134;-;173"
"""421690 SAO LOURENCO DO OESTE"";-;189;38;-;227"
"""421710 SAO MARTINHO"";-;32;-;-;32"
"""421720 SAO MIGUEL DO OESTE"";-;315;329;5;649"
"""421725 SAO PEDRO DE ALCANTARA"";-;57;80;-;137"
"""421730 SAUDADES"";-;24;71;-;95"
"""421750 SEARA"";-;58;33;-;91"
"""421770 SOMBRIO"";-;186;530;1;717"
"""421780 TAIO"";-;65;5;-;70"
"""421790 TANGARA"";-;34;113;-;147"
"""421800 TIJUCAS"";-;54;172;-;226"
"""421810 TIMBE DO SUL"";-;78;135;-;213"
"""421820 TIMBO"";8;231;308;-;547"
"""421830 TRES BARRAS"";-;103;28;-;131"
"""421840 TREZE DE MAIO"";-;185;30;-;215"
"""421860 TROMBUDO CENTRAL"";-;37;-;-;37"
"""421870 TUBARAO"";3;686;526;3;1218"
"""421875 TUNAPOLIS"";-;52;4;-;56"
"""421880 TURVO"";-;24;13;-;37"
"""421890 URUBICI"";-;15;-;-;15"
"""421900 URUSSANGA"";-;84;59;-;143"
"""421910 VARGEAO"";-;12;77;-;89"
"""421920 VIDAL RAMOS"";-;10;-;-;10"
"""421930 VIDEIRA"";2;346;224;-;572"
"""421950 XANXERE"";1;288;427;1;717"
"""421960 XAVANTINA"";-;22;-;-;22"
"""421970 XAXIM"";-;106;35;-;141"
"""430003 ACEGUA"";-;23;4;-;27"
"""430010 AGUDO"";-;77;60;-;137"
"""430020 AJURICABA"";-;35;-;-;35"
"""430030 ALECRIM"";-;51;-;-;51"
"""430040 ALEGRETE"";-;322;266;-;588"
"""430050 ALPESTRE"";-;31;7;-;38"
"""430060 ALVORADA"";-;388;161;-;549"
"""430064 AMETISTA DO SUL"";-;39;-;-;39"
"""430070 ANTA GORDA"";-;21;-;-;21"
"""430090 ARATIBA"";-;26;42;-;68"
"""430100 ARROIO DO MEIO"";-;98;162;-;260"
"""430120 ARROIO DO TIGRE"";-;100;3;-;103"
"""430130 ARROIO GRANDE"";-;39;-;-;39"
"""430140 ARVOREZINHA"";-;61;1;-;62"
"""430150 AUGUSTO PESTANA"";-;44;-;-;44"
"""430160 BAGE"";-;434;180;-;614"
"""430210 BENTO GONCALVES"";1;319;305;49;674"
"""430220 BOA VISTA DO BURICA"";-;32;1;-;33"
"""430235 BOM PRINCIPIO"";-;39;15;-;54"
"""430240 BOM RETIRO DO SUL"";-;36;15;-;51"
"""430280 CACAPAVA DO SUL"";-;126;16;-;142"
"""430290 CACEQUI"";-;56;-;-;56"
"""430300 CACHOEIRA DO SUL"";-;309;352;-;661"
"""430310 CACHOEIRINHA"";-;249;155;-;404"
"""430330 CAIBATE"";-;27;-;-;27"
"""430340 CAICARA"";-;44;1;-;45"
"""430350 CAMAQUA"";-;229;156;-;385"
"""430370 CAMPINA DAS MISSOES"";-;54;2;-;56"
"""430380 CAMPINAS DO SUL"";-;20;-;-;20"
"""430390 CAMPO BOM"";-;171;247;-;418"
"""430400 CAMPO NOVO"";-;40;1;-;41"
"""430420 CANDELARIA"";-;147;73;-;220"
"""430430 CANDIDO GODOI"";-;60;5;-;65"
"""430440 CANELA"";-;84;128;-;212"
"""430450 CANGUCU"";-;169;83;-;252"
"""430463 CAPAO DA CANOA"";-;183;336;-;519"
"""430470 CARAZINHO"";1;249;285;-;535"
"""430480 CARLOS BARBOSA"";-;72;52;-;124"
"""430490 CASCA"";-;37;19;-;56"
"""430510 CAXIAS DO SUL"";10;1260;1118;92;2480"
"""430520 CERRO LARGO"";-;51;6;-;57"
"""430530 CHAPADA"";-;28;-;-;28"
"""430535 CHARQUEADAS"";-;130;16;-;146"
"""430540 CHIAPETTA"";-;24;-;-;24"
"""430570 CONDOR"";-;30;11;-;41"
"""430580 CONSTANTINA"";-;40;2;-;42"
"""430590 CORONEL BICACO"";-;35;-;-;35"
"""430600 CRISSIUMAL"";-;70;41;-;111"
"""430610 CRUZ ALTA"";-;267;282;-;549"
"""430620 CRUZEIRO DO SUL"";-;16;-;-;16"
"""430630 DAVID CANABARRO"";-;32;4;-;36"
"""430640 DOIS IRMAOS"";-;89;73;-;162"
"""430645 DOIS LAJEADOS"";-;57;9;-;66"
"""430650 DOM FELICIANO"";-;37;-;-;37"
"""430660 DOM PEDRITO"";-;92;53;-;145"
"""430680 ENCANTADO"";-;90;67;-;157"
"""430690 ENCRUZILHADA DO SUL"";-;84;127;-;211"
"""430700 ERECHIM"";3;460;672;-;1135"
"""430710 HERVAL"";-;16;-;-;16"
"""430750 ESPUMOSO"";-;79;48;-;127"
"""430760 ESTANCIA VELHA"";-;133;65;-;198"
"""430770 ESTEIO"";-;306;233;-;539"
"""430780 ESTRELA"";-;172;217;-;389"
"""430790 FARROUPILHA"";-;167;340;-;507"
"""430800 FAXINAL DO SOTURNO"";-;48;177;-;225"
"""430820 FLORES DA CUNHA"";-;34;27;-;61"
"""430840 FORMIGUEIRO"";-;13;-;-;13"
"""430845 FORTALEZA DOS VALOS"";-;3;-;-;3"
"""430850 FREDERICO WESTPHALEN"";-;140;92;-;232"
"""430860 GARIBALDI"";1;101;151;-;253"
"""430870 GAURAMA"";-;14;-;-;14"
"""430890 GETULIO VARGAS"";-;117;86;-;203"
"""430920 GRAVATAI"";1;298;188;-;487"
"""430925 GUABIJU"";-;2;-;-;2"
"""430930 GUAIBA"";-;218;216;-;434"
"""430940 GUAPORE"";-;104;91;-;195"
"""430950 GUARANI DAS MISSOES"";-;48;-;-;48"
"""430960 HORIZONTINA"";-;139;70;-;209"
"""430970 HUMAITA"";-;27;-;-;27"
"""431000 IBIRUBA"";-;67;6;-;73"
"""431010 IGREJINHA"";-;149;368;-;517"
"""431020 IJUI"";-;454;556;2;1012"
"""431030 ILOPOLIS"";-;15;-;-;15"
"""431050 IRAI"";-;60;7;-;67"
"""431060 ITAQUI"";-;172;72;-;244"
"""431075 IVORA"";-;1;-;-;1"
"""431080 IVOTI"";-;63;27;-;90"
"""431085 JABOTICABA"";-;41;6;-;47"
"""431100 JAGUARAO"";-;61;54;-;115"
"""431110 JAGUARI"";-;41;-;-;41"
"""431120 JULIO DE CASTILHOS"";-;52;26;-;78"
"""431130 LAGOA VERMELHA"";-;69;52;-;121"
"""431150 LAVRAS DO SUL"";-;14;-;-;14"
"""431180 MARAU"";-;98;77;-;175"
"""431190 MARCELINO RAMOS"";-;34;-;-;34"
"""431210 MATA"";-;10;-;-;10"
"""431220 MAXIMILIANO DE ALMEIDA"";-;34;-;-;34"
"""431240 MONTENEGRO"";-;254;115;-;369"
"""431250 MOSTARDAS"";-;12;-;-;12"
"""431260 MUCUM"";-;13;-;-;13"
"""431265 NAO-ME-TOQUE"";-;52;98;-;150"
"""431270 NONOAI"";-;149;76;-;225"
"""431290 NOVA BASSANO"";-;35;5;-;40"
"""431300 NOVA BRESCIA"";-;31;-;-;31"
"""431310 NOVA PALMA"";-;55;45;-;100"
"""431320 NOVA PETROPOLIS"";-;79;31;-;110"
"""431330 NOVA PRATA"";-;74;61;-;135"
"""431340 NOVO HAMBURGO"";2;583;510;1;1096"
"""431350 OSORIO"";-;181;227;-;408"
"""431360 PAIM FILHO"";-;38;8;-;46"
"""431365 PALMARES DO SUL"";-;29;-;-;29"
"""431370 PALMEIRA DAS MISSOES"";-;65;138;-;203"
"""431380 PALMITINHO"";-;72;10;-;82"
"""431390 PANAMBI"";-;77;127;-;204"
"""431400 PARAI"";-;28;5;-;33"
"""431405 PAROBE"";-;351;841;-;1192"
"""431410 PASSO FUNDO"";25;1464;1664;30;3183"
"""431420 PEDRO OSORIO"";-;38;-;-;38"
"""431430 PEJUCARA"";-;11;-;-;11"
"""431440 PELOTAS"";3;978;933;1;1915"
"""431447 PINHAL GRANDE"";-;4;-;-;4"
"""431450 PINHEIRO MACHADO"";-;22;-;-;22"
"""431460 PIRATINI"";-;87;101;-;188"
"""431470 PLANALTO"";-;63;15;-;78"
"""431480 PORTAO"";-;71;180;-;251"
"""431490 PORTO ALEGRE"";106;7270;6437;308;14121"
"""431500 PORTO LUCENA"";-;33;-;-;33"
"""431510 PORTO XAVIER"";-;33;-;-;33"
"""431515 PROGRESSO"";-;49;-;-;49"
"""431535 QUINZE DE NOVEMBRO"";-;19;-;-;19"
"""431560 RIO GRANDE"";2;563;442;-;1007"
"""431570 RIO PARDO"";-;108;137;-;245"
"""431575 RIOZINHO"";-;9;-;-;9"
"""431580 ROCA SALES"";-;10;-;-;10"
"""431590 RODEIO BONITO"";-;61;201;-;262"
"""431600 ROLANTE"";-;65;169;-;234"
"""431610 RONDA ALTA"";-;121;58;-;179"
"""431620 RONDINHA"";-;18;5;-;23"
"""431630 ROQUE GONZALES"";-;29;-;-;29"
"""431640 ROSARIO DO SUL"";-;249;81;-;330"
"""431643 SALDANHA MARINHO"";-;6;-;-;6"
"""431645 SALTO DO JACUI"";-;28;6;-;34"
"""431650 SALVADOR DO SUL"";-;9;-;-;9"
"""431660 SANANDUVA"";-;147;50;-;197"
"""431670 SANTA BARBARA DO SUL"";-;26;7;-;33"
"""431680 SANTA CRUZ DO SUL"";4;336;697;1;1038"
"""431690 SANTA MARIA"";2;1226;1093;10;2331"
"""431710 SANT'ANA DO LIVRAMENTO"";-;314;133;-;447"
"""431720 SANTA ROSA"";1;273;388;-;662"
"""431730 SANTA VITORIA DO PALMAR"";-;102;37;-;139"
"""431740 SANTIAGO"";-;215;202;-;417"
"""431750 SANTO ANGELO"";1;285;448;-;734"
"""431760 SANTO ANTONIO DA PATRULHA"";-;121;23;-;144"
"""431780 SANTO AUGUSTO"";-;116;93;-;209"
"""431790 SANTO CRISTO"";-;60;34;-;94"
"""431800 SAO BORJA"";2;280;204;-;486"
"""431810 SAO FRANCISCO DE ASSIS"";-;95;5;-;100"
"""431820 SAO FRANCISCO DE PAULA"";-;67;39;-;106"
"""431830 SAO GABRIEL"";1;306;189;-;496"
"""431840 SAO JERONIMO"";-;474;285;-;759"
"""431843 SAO JOAO DO POLESINE"";-;16;-;-;16"
"""431860 SAO JOSE DO OURO"";-;60;30;-;90"
"""431870 SAO LEOPOLDO"";-;610;414;-;1024"
"""431880 SAO LOURENCO DO SUL"";-;207;51;-;258"
"""431890 SAO LUIZ GONZAGA"";-;241;103;-;344"
"""431900 SAO MARCOS"";-;74;28;-;102"
"""431910 SAO MARTINHO"";-;19;-;-;19"
"""431915 SAO MIGUEL DAS MISSOES"";-;48;-;-;48"
"""431930 SAO PAULO DAS MISSOES"";-;39;-;-;39"
"""431940 SAO PEDRO DO SUL"";-;93;6;-;99"
"""431950 SAO SEBASTIAO DO CAI"";-;112;5;-;117"
"""431960 SAO SEPE"";-;84;85;-;169"
"""431980 SAO VICENTE DO SUL"";-;21;-;-;21"
"""431990 SAPIRANGA"";-;227;312;-;539"
"""432000 SAPUCAIA DO SUL"";-;425;227;-;652"
"""432010 SARANDI"";-;76;86;-;162"
"""432020 SEBERI"";-;35;54;-;89"
"""432026 SEGREDO"";-;41;-;-;41"
"""432030 SELBACH"";-;10;-;-;10"
"""432050 SERTAO"";-;69;-;-;69"
"""432060 SEVERIANO DE ALMEIDA"";-;19;-;-;19"
"""432070 SOBRADINHO"";-;39;-;-;39"
"""432080 SOLEDADE"";-;117;53;-;170"
"""432090 TAPEJARA"";-;81;141;-;222"
"""432100 TAPERA"";-;49;38;-;87"
"""432110 TAPES"";-;79;-;-;79"
"""432120 TAQUARA"";5;151;225;-;381"
"""432130 TAQUARI"";-;76;38;-;114"
"""432140 TENENTE PORTELA"";-;227;515;-;742"
"""432145 TEUTONIA"";-;92;173;-;265"
"""432150 TORRES"";-;222;275;-;497"
"""432160 TRAMANDAI"";-;354;408;-;762"
"""432170 TRES COROAS"";-;103;-;-;103"
"""432180 TRES DE MAIO"";-;86;142;-;228"
"""432190 TRES PASSOS"";-;170;141;1;312"
"""432195 TRINDADE DO SUL"";-;53;17;-;70"
"""432200 TRIUNFO"";-;45;53;-;98"
"""432210 TUCUNDUVA"";-;65;-;-;65"
"""432220 TUPANCIRETA"";-;68;5;-;73"
"""432230 TUPARENDI"";-;23;19;-;42"
"""432240 URUGUAIANA"";-;351;179;-;530"
"""432250 VACARIA"";2;270;352;-;624"
"""432253 VALE DO SOL"";-;58;-;-;58"
"""432260 VENANCIO AIRES"";-;174;247;-;421"
"""432270 VERA CRUZ"";-;61;-;-;61"
"""432280 VERANOPOLIS"";-;93;70;-;163"
"""432290 VIADUTOS"";-;19;-;-;19"
"""432300 VIAMAO"";-;501;188;1;690"
"""432380 XANGRI-LA"";-;-;40;-;40"
"""500020 AGUA CLARA"";-;28;-;-;28"
"""500060 AMAMBAI"";-;224;49;-;273"
"""500070 ANASTACIO"";-;59;17;-;76"
"""500080 ANAURILANDIA"";-;32;-;-;32"
"""500085 ANGELICA"";-;32;3;-;35"
"""500090 ANTONIO JOAO"";-;42;-;-;42"
"""500110 AQUIDAUANA"";-;243;238;-;481"
"""500124 ARAL MOREIRA"";-;23;-;-;23"
"""500150 BANDEIRANTES"";-;12;-;-;12"
"""500190 BATAGUASSU"";-;47;51;-;98"
"""500210 BELA VISTA"";-;41;48;-;89"
"""500215 BODOQUENA"";-;10;-;-;10"
"""500220 BONITO"";-;132;33;-;165"
"""500230 BRASILANDIA"";-;54;9;-;63"
"""500240 CAARAPO"";-;79;43;-;122"
"""500260 CAMAPUA"";-;32;-;-;32"
"""500270 CAMPO GRANDE"";12;3021;3783;62;6878"
"""500280 CARACOL"";-;22;6;-;28"
"""500295 CHAPADAO DO SUL"";-;238;234;-;472"
"""500315 CORONEL SAPUCAIA"";-;51;-;-;51"
"""500320 CORUMBA"";-;362;226;-;588"
"""500325 COSTA RICA"";-;135;52;-;187"
"""500330 COXIM"";-;134;93;-;227"
"""500345 DEODAPOLIS"";-;11;-;-;11"
"""500348 DOIS IRMAOS DO BURITI"";-;39;-;-;39"
"""500370 DOURADOS"";4;997;934;-;1935"
"""500380 FATIMA DO SUL"";-;171;51;-;222"
"""500400 GLORIA DE DOURADOS"";-;40;2;-;42"
"""500410 GUIA LOPES DA LAGUNA"";-;55;-;-;55"
"""500430 IGUATEMI"";-;185;11;-;196"
"""500440 INOCENCIA"";-;23;-;-;23"
"""500450 ITAPORA"";-;52;5;-;57"
"""500460 ITAQUIRAI"";-;59;11;-;70"
"""500470 IVINHEMA"";-;72;36;-;108"
"""500500 JARDIM"";-;96;36;-;132"
"""500510 JATEI"";-;1;-;-;1"
"""500515 JUTI"";-;20;-;-;20"
"""500525 LAGUNA CARAPA"";-;4;-;-;4"
"""500540 MARACAJU"";-;146;127;-;273"
"""500560 MIRANDA"";-;45;22;-;67"
"""500568 MUNDO NOVO"";-;68;-;-;68"
"""500570 NAVIRAI"";-;229;122;-;351"
"""500580 NIOAQUE"";-;39;-;-;39"
"""500600 NOVA ALVORADA DO SUL"";-;43;30;-;73"
"""500625 NOVO HORIZONTE DO SUL"";-;20;1;-;21"
"""500635 PARANHOS"";-;101;7;-;108"
"""500640 PEDRO GOMES"";-;24;-;-;24"
"""500660 PONTA PORA"";-;503;329;-;832"
"""500690 PORTO MURTINHO"";-;25;2;-;27"
"""500710 RIBAS DO RIO PARDO"";-;33;47;-;80"
"""500720 RIO BRILHANTE"";-;108;86;-;194"
"""500730 RIO NEGRO"";-;17;-;-;17"
"""500740 RIO VERDE DE MATO GROSSO"";-;32;-;-;32"
"""500750 ROCHEDO"";-;2;-;-;2"
"""500755 SANTA RITA DO PARDO"";-;10;8;-;18"
"""500790 SIDROLANDIA"";-;66;93;-;159"
"""500793 SONORA"";-;27;15;-;42"
"""500795 TACURU"";-;10;-;-;10"
"""500797 TAQUARUSSU"";-;28;-;-;28"
"""500830 TRES LAGOAS"";-;142;153;-;295"
"""500840 VICENTINA"";-;6;1;-;7"
"""510020 AGUA BOA"";-;253;246;-;499"
"""510025 ALTA FLORESTA"";-;202;256;-;458"
"""510030 ALTO ARAGUAIA"";-;35;11;-;46"
"""510130 ARENAPOLIS"";-;51;20;-;71"
"""510140 ARIPUANA"";-;109;56;-;165"
"""510190 BRASNORTE"";-;92;35;-;127"
"""510250 CACERES"";3;694;500;-;1197"
"""510263 CAMPO NOVO DO PARECIS"";-;142;109;-;251"
"""510267 CAMPO VERDE"";-;128;123;-;251"
"""510268 CAMPOS DE JULIO"";-;59;-;-;59"
"""510270 CANARANA"";-;65;26;-;91"
"""510320 COLIDER"";-;115;141;-;256"
"""510330 COMODORO"";-;70;4;-;74"
"""510335 CONFRESA"";-;223;148;-;371"
"""510337 COTRIGUACU"";-;40;-;-;40"
"""510340 CUIABA"";4;2587;2621;4;5216"
"""510350 DIAMANTINO"";-;58;102;-;160"
"""510390 GENERAL CARNEIRO"";-;11;-;-;11"
"""510410 GUARANTA DO NORTE"";-;101;111;-;212"
"""510420 GUIRATINGA"";-;26;-;-;26"
"""510480 JACIARA"";-;98;40;-;138"
"""510500 JAURU"";-;3;-;-;3"
"""510515 JUINA"";-;246;146;-;392"
"""510517 JURUENA"";-;36;10;-;46"
"""510520 JUSCIMEIRA"";-;58;-;-;58"
"""510560 MATUPA"";-;50;33;-;83"
"""510590 NOBRES"";-;76;6;-;82"
"""510610 NOSSA SENHORA DO LIVRAMENTO"";-;8;-;-;8"
"""510622 NOVA MUTUM"";-;51;388;-;439"
"""510623 NOVA OLIMPIA"";-;40;-;-;40"
"""510627 NOVO HORIZONTE DO NORTE"";-;17;-;-;17"
"""510628 NOVO SAO JOAQUIM"";-;19;42;-;61"
"""510629 PARANAITA"";-;75;122;-;197"
"""510637 PEDRA PRETA"";-;28;-;-;28"
"""510642 PEIXOTO DE AZEVEDO"";-;130;81;-;211"
"""510650 POCONE"";-;81;79;-;160"
"""510675 PONTES E LACERDA"";-;276;162;-;438"
"""510704 PRIMAVERA DO LESTE"";-;145;308;-;453"
"""510730 SAO JOSE DO RIO CLARO"";-;60;5;-;65"
"""510760 RONDONOPOLIS"";1;1106;974;-;2081"
"""510775 SALTO DO CEU"";-;3;-;-;3"
"""510790 SINOP"";-;360;361;-;721"
"""510792 SORRISO"";-;256;477;-;733"
"""510805 TERRA NOVA DO NORTE"";-;44;-;-;44"
"""510810 TESOURO"";-;4;-;-;4"
"""510840 VARZEA GRANDE"";2;754;716;-;1472"
"""520013 ACREUNA"";-;38;-;-;38"
"""520025 AGUAS LINDAS DE GOIAS"";-;251;149;-;400"
"""520030 ALEXANIA"";-;126;39;-;165"
"""520050 ALOANDIA"";-;7;-;-;7"
"""520080 ALVORADA DO NORTE"";-;41;7;-;48"
"""520090 AMORINOPOLIS"";-;12;1;-;13"
"""520110 ANAPOLIS"";1;994;1216;1;2212"
"""520130 ANICUNS"";-;8;4;-;12"
"""520140 APARECIDA DE GOIANIA"";-;896;1366;-;2262"
"""520160 ARACU"";-;9;-;-;9"
"""520235 ARENOPOLIS"";-;27;2;-;29"
"""520330 BELA VISTA DE GOIAS"";-;43;23;-;66"
"""520390 BURITI ALEGRE"";-;31;-;-;31"
"""520410 CACHOEIRA ALTA"";-;66;21;-;87"
"""520450 CALDAS NOVAS"";-;188;164;-;352"
"""520480 CAMPO ALEGRE DE GOIAS"";-;4;-;-;4"
"""520505 CASTELANDIA"";-;8;-;-;8"
"""520510 CATALAO"";-;254;272;-;526"
"""520540 CERES"";-;181;409;-;590"
"""520551 COCALZINHO DE GOIAS"";-;35;-;-;35"
"""520552 COLINAS DO SUL"";-;31;-;-;31"
"""520580 CORUMBA DE GOIAS"";-;25;-;-;25"
"""520640 CRIXAS"";-;8;18;-;26"
"""520680 DAMOLANDIA"";-;20;-;-;20"
"""520710 DIORAMA"";-;3;9;-;12"
"""520725 DOVERLANDIA"";-;6;-;-;6"
"""520735 EDEALINA"";-;17;-;-;17"
"""520740 EDEIA"";-;20;15;-;35"
"""520760 FAZENDA NOVA"";-;45;-;-;45"
"""520780 FIRMINOPOLIS"";-;42;-;-;42"
"""520800 FORMOSA"";-;404;242;-;646"
"""520810 FORMOSO"";-;27;-;-;27"
"""520840 GOIANAPOLIS"";-;17;-;-;17"
"""520850 GOIANDIRA"";-;5;-;-;5"
"""520860 GOIANESIA"";-;238;78;-;316"
"""520870 GOIANIA"";52;5078;7324;61;12515"
"""520890 GOIAS"";-;100;68;-;168"
"""520960 HEITORAI"";-;15;12;-;27"
"""520970 HIDROLANDIA"";-;62;27;-;89"
"""520990 IACIARA"";-;54;9;-;63"
"""520993 INACIOLANDIA"";-;14;-;-;14"
"""520995 INDIARA"";-;50;8;-;58"
"""521040 ITABERAI"";-;118;72;-;190"
"""521060 ITAGUARU"";-;12;-;-;12"
"""521090 ITAPACI"";-;73;26;-;99"
"""521120 ITAPURANGA"";-;95;24;-;119"
"""521150 ITUMBIARA"";2;677;653;-;1332"
"""521180 JARAGUA"";-;211;165;-;376"
"""521190 JATAI"";-;356;185;-;541"
"""521200 JAUPACI"";-;4;-;-;4"
"""521210 JOVIANIA"";-;35;8;-;43"
"""521250 LUZIANIA"";-;277;360;-;637"
"""521260 MAIRIPOTABA"";-;5;-;-;5"
"""521270 MAMBAI"";-;38;8;-;46"
"""521295 MATRINCHA"";-;6;-;-;6"
"""521300 MAURILANDIA"";-;11;3;-;14"
"""521308 MINACU"";-;102;33;-;135"
"""521310 MINEIROS"";-;147;135;-;282"
"""521380 MORRINHOS"";-;193;283;-;476"
"""521385 MORRO AGUDO DE GOIAS"";-;29;1;-;30"
"""521400 MOZARLANDIA"";-;60;18;-;78"
"""521450 NEROPOLIS"";-;140;21;-;161"
"""521483 NOVA CRIXAS"";-;31;7;-;38"
"""521520 NOVO BRASIL"";-;2;-;-;2"
"""521530 ORIZONA"";-;23;6;-;29"
"""521560 PADRE BERNARDO"";-;30;33;-;63"
"""521565 PALESTINA DE GOIAS"";-;6;-;-;6"
"""521570 PALMEIRAS DE GOIAS"";-;59;1;-;60"
"""521630 PARANAIGUARA"";-;73;17;-;90"
"""521710 PIRACANJUBA"";-;124;12;-;136"
"""521720 PIRANHAS"";-;53;5;-;58"
"""521730 PIRENOPOLIS"";-;156;127;-;283"
"""521740 PIRES DO RIO"";-;64;25;-;89"
"""521760 PLANALTINA"";-;152;5;-;157"
"""521770 PONTALINA"";-;39;21;-;60"
"""521860 RIALMA"";-;52;-;-;52"
"""521878 RIO QUENTE"";-;14;-;-;14"
"""521880 RIO VERDE"";-;658;614;-;1272"
"""521890 RUBIATABA"";-;48;-;-;48"
"""521900 SANCLERLANDIA"";-;14;-;-;14"
"""521910 SANTA BARBARA DE GOIAS"";-;8;-;-;8"
"""521920 SANTA CRUZ DE GOIAS"";-;8;-;-;8"
"""521930 SANTA HELENA DE GOIAS"";-;213;362;5;580"
"""521950 SANTA ROSA DE GOIAS"";-;2;1;-;3"
"""521960 SANTA TEREZA DE GOIAS"";-;7;2;-;9"
"""521973 SANTO ANTONIO DE GOIAS"";-;10;-;-;10"
"""521975 SANTO ANTONIO DO DESCOBERTO"";-;49;-;-;49"
"""522010 SAO LUIS DE MONTES BELOS"";-;152;210;-;362"
"""522040 SAO SIMAO"";-;108;13;-;121"
"""522045 SENADOR CANEDO"";-;182;115;-;297"
"""522050 SERRANOPOLIS"";-;15;-;-;15"
"""522140 TRINDADE"";-;230;299;-;529"
"""522145 TROMBAS"";-;11;-;-;11"
"""522155 TURVELANDIA"";-;10;-;-;10"
"""522160 URUACU"";-;960;762;-;1722"
"""522170 URUANA"";-;23;-;-;23"
"""522185 VALPARAISO DE GOIAS"";-;150;-;-;150"
"""522205 VICENTINOPOLIS"";-;35;9;-;44"
"""530010 BRASILIA"";47;12970;6278;199;19494"
"""Total"";2241;571538;490395;6910;1071084"
&
